Date,Company,Ticker,Open,High,Low,Close,Adj Close,Volume
2025-01-02,Samsung Electronics,005930.KS,52700.0,53600.0,52300.0,53400.0,52272.52734375,16630538.0
2025-01-03,Samsung Electronics,005930.KS,52800.0,55100.0,52800.0,54400.0,53251.41796875,19318046.0
2025-01-06,Samsung Electronics,005930.KS,54400.0,56200.0,54300.0,55900.0,54719.74609375,19034284.0
2025-01-07,Samsung Electronics,005930.KS,56800.0,57300.0,55400.0,55400.0,54230.30078125,17030235.0
2025-01-08,Samsung Electronics,005930.KS,54800.0,57500.0,54700.0,57300.0,56090.18359375,26593553.0
2025-01-09,Samsung Electronics,005930.KS,57600.0,57700.0,56100.0,56100.0,54915.5234375,24490592.0
2025-01-10,Samsung Electronics,005930.KS,56100.0,56500.0,55200.0,55300.0,54132.41015625,16059223.0
2025-01-13,Samsung Electronics,005930.KS,54600.0,55000.0,54100.0,54100.0,52957.75,16868600.0
2025-01-14,Samsung Electronics,005930.KS,54200.0,54600.0,53700.0,53900.0,52761.96875,17465926.0
2025-01-15,Samsung Electronics,005930.KS,54100.0,54700.0,53500.0,53700.0,52566.1953125,18625025.0
2025-01-16,Samsung Electronics,005930.KS,54200.0,55000.0,54100.0,54300.0,53153.5234375,18627298.0
2025-01-17,Samsung Electronics,005930.KS,53800.0,54100.0,53200.0,53700.0,52566.1953125,18805344.0
2025-01-20,Samsung Electronics,005930.KS,53600.0,53900.0,53300.0,53400.0,52272.52734375,11822531.0
2025-01-21,Samsung Electronics,005930.KS,53700.0,54300.0,53300.0,53500.0,52370.41796875,13535702.0
2025-01-22,Samsung Electronics,005930.KS,53400.0,54400.0,53100.0,54300.0,53153.5234375,18341991.0
2025-01-23,Samsung Electronics,005930.KS,53700.0,54100.0,53500.0,53700.0,52566.1953125,15588067.0
2025-01-24,Samsung Electronics,005930.KS,53600.0,53800.0,53200.0,53700.0,52566.1953125,11867631.0
2025-01-31,Samsung Electronics,005930.KS,52200.0,53000.0,51700.0,52400.0,51293.64453125,42186279.0
2025-02-03,Samsung Electronics,005930.KS,51100.0,51400.0,50800.0,51000.0,49923.20703125,32344897.0
2025-02-04,Samsung Electronics,005930.KS,51600.0,53600.0,51500.0,52700.0,51587.30859375,27214851.0
2025-02-05,Samsung Electronics,005930.KS,53600.0,53800.0,52800.0,52900.0,51783.0859375,15974885.0
2025-02-06,Samsung Electronics,005930.KS,53400.0,54000.0,53200.0,54000.0,52859.86328125,16466025.0
2025-02-07,Samsung Electronics,005930.KS,53900.0,54200.0,53600.0,53700.0,52566.1953125,14476866.0
2025-02-10,Samsung Electronics,005930.KS,53000.0,55900.0,52900.0,55600.0,54426.078125,27577591.0
2025-02-11,Samsung Electronics,005930.KS,55500.0,56300.0,55000.0,55700.0,54523.96875,24596196.0
2025-02-12,Samsung Electronics,005930.KS,55100.0,55900.0,54500.0,55800.0,54621.85546875,26428596.0
2025-02-13,Samsung Electronics,005930.KS,56100.0,56400.0,55600.0,55800.0,54621.85546875,22448377.0
2025-02-14,Samsung Electronics,005930.KS,56000.0,57300.0,56000.0,56000.0,54817.6328125,23979779.0
2025-02-17,Samsung Electronics,005930.KS,56100.0,56500.0,55700.0,56000.0,54817.6328125,11916027.0
2025-02-18,Samsung Electronics,005930.KS,56200.0,57200.0,55900.0,56900.0,55698.6328125,22131007.0
2025-02-19,Samsung Electronics,005930.KS,57400.0,58900.0,57300.0,58700.0,57460.625,25395151.0
2025-02-20,Samsung Electronics,005930.KS,59100.0,59100.0,58100.0,58400.0,57166.9609375,21589059.0
2025-02-21,Samsung Electronics,005930.KS,58400.0,58500.0,57100.0,58200.0,56971.18359375,22198428.0
2025-02-24,Samsung Electronics,005930.KS,57300.0,57700.0,57200.0,57300.0,56090.18359375,14138471.0
2025-02-25,Samsung Electronics,005930.KS,56600.0,57800.0,56500.0,57200.0,55992.30078125,14625181.0
2025-02-26,Samsung Electronics,005930.KS,57000.0,57100.0,56100.0,56600.0,55404.96484375,18117091.0
2025-02-27,Samsung Electronics,005930.KS,56500.0,57100.0,56200.0,56300.0,55111.30078125,14975356.0
2025-02-28,Samsung Electronics,005930.KS,55400.0,55700.0,54500.0,54500.0,53349.3046875,28036698.0
2025-03-04,Samsung Electronics,005930.KS,53900.0,55000.0,53800.0,54500.0,53349.3046875,18553933.0
2025-03-05,Samsung Electronics,005930.KS,55100.0,55400.0,54000.0,54000.0,52859.86328125,16578817.0
2025-03-06,Samsung Electronics,005930.KS,54100.0,54500.0,54000.0,54300.0,53153.5234375,12258101.0
2025-03-07,Samsung Electronics,005930.KS,53500.0,54200.0,53400.0,53700.0,52566.1953125,14274992.0
2025-03-10,Samsung Electronics,005930.KS,53500.0,54800.0,53500.0,53700.0,52566.1953125,12921670.0
2025-03-11,Samsung Electronics,005930.KS,52500.0,54100.0,52500.0,53600.0,52468.3046875,17740891.0
2025-03-12,Samsung Electronics,005930.KS,53800.0,55300.0,53600.0,54900.0,53740.859375,17973221.0
2025-03-13,Samsung Electronics,005930.KS,55800.0,55900.0,54200.0,54700.0,53545.08203125,24132151.0
2025-03-14,Samsung Electronics,005930.KS,54500.0,55100.0,54400.0,54700.0,53545.08203125,10845154.0
2025-03-17,Samsung Electronics,005930.KS,55500.0,57800.0,55400.0,57600.0,56383.8515625,35559021.0
2025-03-18,Samsung Electronics,005930.KS,58800.0,59000.0,57300.0,57600.0,56383.8515625,28138594.0
2025-03-19,Samsung Electronics,005930.KS,57400.0,59200.0,57400.0,58500.0,57264.84765625,29421759.0
2025-03-20,Samsung Electronics,005930.KS,59200.0,60300.0,58500.0,60200.0,58928.95703125,34989004.0
2025-03-21,Samsung Electronics,005930.KS,60900.0,61700.0,60400.0,61700.0,60397.28515625,40155612.0
2025-03-24,Samsung Electronics,005930.KS,61200.0,61600.0,60500.0,60500.0,59222.62109375,14088094.0
2025-03-25,Samsung Electronics,005930.KS,60900.0,61100.0,59500.0,59800.0,58537.3984375,17259455.0
2025-03-26,Samsung Electronics,005930.KS,59800.0,61400.0,59700.0,61400.0,60103.62109375,16431645.0
2025-03-27,Samsung Electronics,005930.KS,60900.0,62000.0,60800.0,61800.0,60495.17578125,20389790.0
2025-03-28,Samsung Electronics,005930.KS,60700.0,61100.0,60000.0,60200.0,59279.0703125,16282514.0
2025-03-31,Samsung Electronics,005930.KS,59500.0,59700.0,57800.0,57800.0,56915.78125,17633494.0
2025-04-01,Samsung Electronics,005930.KS,58700.0,59600.0,57900.0,58800.0,57900.48828125,13841706.0
2025-04-02,Samsung Electronics,005930.KS,58800.0,59400.0,58300.0,58800.0,57900.48828125,14402297.0
2025-04-03,Samsung Electronics,005930.KS,56900.0,57800.0,56900.0,57600.0,56718.84375,19508076.0
2025-04-04,Samsung Electronics,005930.KS,56200.0,58200.0,55700.0,56100.0,55241.7890625,23527139.0
2025-04-07,Samsung Electronics,005930.KS,53300.0,54100.0,53100.0,53200.0,52386.15234375,31998883.0
2025-04-08,Samsung Electronics,005930.KS,55000.0,55300.0,53300.0,53500.0,52681.5625,25532845.0
2025-04-09,Samsung Electronics,005930.KS,53300.0,54300.0,52900.0,53000.0,52189.21484375,20576960.0
2025-04-10,Samsung Electronics,005930.KS,56600.0,56700.0,55000.0,56400.0,55537.203125,22948172.0
2025-04-11,Samsung Electronics,005930.KS,55600.0,55700.0,54800.0,55200.0,54355.55859375,13930480.0
2025-04-14,Samsung Electronics,005930.KS,56300.0,56700.0,55800.0,56200.0,55340.2578125,12852613.0
2025-04-15,Samsung Electronics,005930.KS,56300.0,57100.0,56200.0,56600.0,55734.140625,8998640.0
2025-04-16,Samsung Electronics,005930.KS,56000.0,56200.0,54500.0,54700.0,53863.2109375,14437025.0
2025-04-17,Samsung Electronics,005930.KS,54700.0,55300.0,54500.0,55100.0,54257.0859375,10867069.0
2025-04-18,Samsung Electronics,005930.KS,55300.0,55600.0,54900.0,55300.0,54454.02734375,5848342.0
2025-04-21,Samsung Electronics,005930.KS,55200.0,56000.0,55100.0,55400.0,54552.5,5941847.0
2025-04-22,Samsung Electronics,005930.KS,54900.0,55500.0,54700.0,55000.0,54158.6171875,9532469.0
2025-04-23,Samsung Electronics,005930.KS,56000.0,56100.0,55500.0,55700.0,54847.9140625,11148692.0
2025-04-24,Samsung Electronics,005930.KS,55600.0,55800.0,55200.0,55700.0,54847.9140625,10580377.0
2025-04-25,Samsung Electronics,005930.KS,56400.0,56400.0,55600.0,55700.0,54847.9140625,12183303.0
2025-04-28,Samsung Electronics,005930.KS,55800.0,55900.0,55500.0,55800.0,54946.37890625,9341518.0
2025-04-29,Samsung Electronics,005930.KS,55700.0,56500.0,55600.0,55800.0,54946.37890625,10295518.0
2025-04-30,Samsung Electronics,005930.KS,55900.0,56000.0,55300.0,55500.0,54650.96875,13014189.0
2025-05-02,Samsung Electronics,005930.KS,55000.0,55500.0,54200.0,54300.0,53469.32421875,22454204.0
2025-05-07,Samsung Electronics,005930.KS,54500.0,55000.0,54300.0,54600.0,53764.734375,17136991.0
2025-05-08,Samsung Electronics,005930.KS,55100.0,55500.0,54500.0,54600.0,53764.734375,16320532.0
2025-05-09,Samsung Electronics,005930.KS,54700.0,55000.0,54400.0,54800.0,53961.67578125,7814322.0
2025-05-12,Samsung Electronics,005930.KS,55200.0,57600.0,55000.0,57600.0,56718.84375,15414702.0
2025-05-13,Samsung Electronics,005930.KS,57700.0,58200.0,56800.0,56900.0,56029.55078125,16842801.0
2025-05-14,Samsung Electronics,005930.KS,57500.0,57900.0,57000.0,57400.0,56521.90234375,12468089.0
2025-05-15,Samsung Electronics,005930.KS,57400.0,58600.0,57100.0,57300.0,56423.43359375,13139736.0
2025-05-16,Samsung Electronics,005930.KS,57400.0,57500.0,56700.0,56800.0,55931.08203125,10385352.0
2025-05-19,Samsung Electronics,005930.KS,56400.0,56400.0,55500.0,55800.0,54946.37890625,9802105.0
2025-05-20,Samsung Electronics,005930.KS,56200.0,56700.0,55700.0,55900.0,55044.84765625,9080577.0
2025-05-21,Samsung Electronics,005930.KS,56200.0,56600.0,55700.0,55700.0,54847.9140625,7794181.0
2025-05-22,Samsung Electronics,005930.KS,55300.0,55500.0,54500.0,54700.0,53863.2109375,15254278.0
2025-05-23,Samsung Electronics,005930.KS,55000.0,55200.0,54100.0,54200.0,53370.85546875,11247115.0
2025-05-26,Samsung Electronics,005930.KS,53900.0,55000.0,53700.0,54700.0,53863.2109375,10901337.0
2025-05-27,Samsung Electronics,005930.KS,54200.0,54500.0,53800.0,53900.0,53075.4453125,13439520.0
2025-05-28,Samsung Electronics,005930.KS,54300.0,56100.0,54200.0,55900.0,55044.84765625,17516283.0
2025-05-29,Samsung Electronics,005930.KS,56200.0,56400.0,55600.0,56100.0,55241.7890625,12936810.0
2025-05-30,Samsung Electronics,005930.KS,56200.0,57200.0,55800.0,56200.0,55340.2578125,26219683.0
2025-06-02,Samsung Electronics,005930.KS,56300.0,57300.0,56200.0,56800.0,55931.08203125,12870515.0
2025-06-04,Samsung Electronics,005930.KS,57200.0,57900.0,56800.0,57800.0,56915.78125,19649983.0
2025-06-05,Samsung Electronics,005930.KS,58100.0,59900.0,57900.0,59100.0,58195.89453125,23266027.0
2025-06-09,Samsung Electronics,005930.KS,60400.0,60400.0,59500.0,59800.0,58885.1875,19609659.0
2025-06-10,Samsung Electronics,005930.KS,60000.0,60100.0,58800.0,59200.0,58294.3671875,15305760.0
2025-06-11,Samsung Electronics,005930.KS,59500.0,60100.0,59400.0,59900.0,58983.65625,13610734.0
2025-06-12,Samsung Electronics,005930.KS,59700.0,60000.0,59300.0,59500.0,58589.77734375,17755115.0
2025-06-13,Samsung Electronics,005930.KS,60200.0,60200.0,57700.0,58300.0,57408.1328125,20705979.0
2025-06-16,Samsung Electronics,005930.KS,58000.0,58100.0,56900.0,57200.0,56324.9609375,22200872.0
2025-06-17,Samsung Electronics,005930.KS,57800.0,59800.0,57400.0,58100.0,57211.1953125,28637003.0
2025-06-18,Samsung Electronics,005930.KS,58000.0,59800.0,57900.0,59800.0,58885.1875,17620705.0
2025-06-19,Samsung Electronics,005930.KS,60500.0,60600.0,59000.0,59200.0,58294.3671875,16876278.0
2025-06-20,Samsung Electronics,005930.KS,59400.0,59800.0,59100.0,59500.0,58589.77734375,18072251.0
2025-06-23,Samsung Electronics,005930.KS,58400.0,58500.0,57600.0,58000.0,57112.72265625,16551694.0
2025-06-24,Samsung Electronics,005930.KS,59400.0,60600.0,59300.0,60500.0,59574.48046875,23737899.0
2025-06-25,Samsung Electronics,005930.KS,61500.0,61600.0,60300.0,61300.0,60362.2421875,23933612.0
2025-06-26,Samsung Electronics,005930.KS,61300.0,61300.0,59900.0,60200.0,59279.0703125,19402300.0
2025-06-27,Samsung Electronics,005930.KS,60100.0,61600.0,60000.0,60800.0,60237.1171875,17340470.0
2025-06-30,Samsung Electronics,005930.KS,61200.0,61200.0,59800.0,59800.0,59246.375,17110294.0
2025-07-01,Samsung Electronics,005930.KS,60400.0,61100.0,60200.0,60200.0,59642.671875,13650991.0
2025-07-02,Samsung Electronics,005930.KS,60200.0,60900.0,59800.0,60800.0,60237.1171875,15047951.0
2025-07-03,Samsung Electronics,005930.KS,61300.0,63800.0,61100.0,63800.0,63209.34375,32040639.0
2025-07-04,Samsung Electronics,005930.KS,64700.0,64700.0,63000.0,63300.0,62713.97265625,23748959.0
2025-07-07,Samsung Electronics,005930.KS,62900.0,63300.0,61700.0,61700.0,61128.78515625,17164708.0
2025-07-08,Samsung Electronics,005930.KS,61600.0,62400.0,61000.0,61400.0,60831.5625,20213724.0
2025-07-09,Samsung Electronics,005930.KS,61400.0,61400.0,60200.0,60400.0,59840.8203125,17533415.0
2025-07-10,Samsung Electronics,005930.KS,60600.0,61200.0,60400.0,61000.0,60435.265625,14768473.0
2025-07-11,Samsung Electronics,005930.KS,61300.0,62800.0,61200.0,62600.0,62020.453125,19140650.0
2025-07-14,Samsung Electronics,005930.KS,62300.0,62600.0,61800.0,62500.0,61921.37890625,13563846.0
2025-07-15,Samsung Electronics,005930.KS,62300.0,63800.0,62000.0,63700.0,63110.26953125,18442202.0
2025-07-16,Samsung Electronics,005930.KS,63700.0,64700.0,63100.0,64700.0,64101.01171875,23042660.0
2025-07-17,Samsung Electronics,005930.KS,65900.0,66800.0,64400.0,66700.0,66082.5,39448683.0
2025-07-18,Samsung Electronics,005930.KS,67000.0,67800.0,66300.0,67100.0,66478.7890625,23951531.0
2025-07-21,Samsung Electronics,005930.KS,67400.0,68800.0,67200.0,67800.0,67172.3125,17723148.0
2025-07-22,Samsung Electronics,005930.KS,68100.0,68500.0,65600.0,66000.0,65388.9765625,20829006.0
2025-07-23,Samsung Electronics,005930.KS,66200.0,66500.0,64900.0,66400.0,65785.2734375,15687058.0
2025-07-24,Samsung Electronics,005930.KS,66500.0,66800.0,65900.0,66000.0,65388.9765625,12660193.0
2025-07-25,Samsung Electronics,005930.KS,65700.0,66300.0,65500.0,65900.0,65289.90625,8080910.0
2025-07-28,Samsung Electronics,005930.KS,68200.0,70400.0,67200.0,70400.0,69748.2421875,35332500.0
2025-07-29,Samsung Electronics,005930.KS,70800.0,70800.0,68800.0,70600.0,69946.3828125,28190940.0
2025-07-30,Samsung Electronics,005930.KS,71000.0,73700.0,70600.0,72600.0,71927.875,34761444.0
2025-07-31,Samsung Electronics,005930.KS,73000.0,74000.0,71000.0,71400.0,70738.984375,26568072.0
2025-08-01,Samsung Electronics,005930.KS,70200.0,72000.0,68800.0,68900.0,68262.125,24038534.0
2025-08-04,Samsung Electronics,005930.KS,69500.0,70200.0,68700.0,69700.0,69054.71875,14780072.0
2025-08-05,Samsung Electronics,005930.KS,71000.0,71500.0,69700.0,69900.0,69252.8671875,14392903.0
2025-08-06,Samsung Electronics,005930.KS,69200.0,69400.0,68300.0,68800.0,68163.0546875,12542415.0
2025-08-07,Samsung Electronics,005930.KS,70800.0,71000.0,69700.0,70500.0,69847.3125,15008213.0
2025-08-08,Samsung Electronics,005930.KS,71000.0,72400.0,70700.0,71800.0,71135.28125,22241128.0
2025-08-11,Samsung Electronics,005930.KS,72000.0,72100.0,70800.0,71000.0,70342.6875,11354253.0
2025-08-12,Samsung Electronics,005930.KS,71100.0,72400.0,71100.0,71100.0,70441.7578125,15797656.0
2025-08-13,Samsung Electronics,005930.KS,71900.0,72100.0,71400.0,71900.0,71234.3515625,12305742.0
2025-08-14,Samsung Electronics,005930.KS,71900.0,71900.0,71200.0,71600.0,70937.1328125,11946122.0
2025-08-18,Samsung Electronics,005930.KS,71100.0,71200.0,70000.0,70000.0,69351.9375,13595591.0
2025-08-19,Samsung Electronics,005930.KS,70400.0,70700.0,69700.0,70000.0,69351.9375,10533082.0
2025-08-20,Samsung Electronics,005930.KS,70100.0,70700.0,69400.0,70500.0,69847.3125,17445516.0
2025-08-21,Samsung Electronics,005930.KS,71500.0,71900.0,70600.0,70600.0,69946.3828125,18843833.0
2025-08-22,Samsung Electronics,005930.KS,71700.0,71800.0,70800.0,71400.0,70738.984375,9277432.0
2025-08-25,Samsung Electronics,005930.KS,71700.0,71800.0,71000.0,71500.0,70838.0625,10345178.0
2025-08-26,Samsung Electronics,005930.KS,70800.0,71100.0,70300.0,70300.0,69649.1640625,14712519.0
2025-08-27,Samsung Electronics,005930.KS,70100.0,70900.0,69800.0,70600.0,69946.3828125,10523405.0
2025-08-28,Samsung Electronics,005930.KS,70100.0,70400.0,69600.0,69600.0,68955.6484375,11578024.0
2025-08-29,Samsung Electronics,005930.KS,70100.0,70500.0,69700.0,69700.0,69054.71875,11682267.0
2025-09-01,Samsung Electronics,005930.KS,68400.0,68600.0,67500.0,67600.0,66974.1640625,12002343.0
2025-09-02,Samsung Electronics,005930.KS,67800.0,69500.0,67800.0,69100.0,68460.2734375,10604028.0
2025-09-03,Samsung Electronics,005930.KS,69200.0,69800.0,68800.0,69800.0,69153.796875,10283009.0
2025-09-04,Samsung Electronics,005930.KS,69500.0,70100.0,69300.0,70100.0,69451.0234375,12284414.0
2025-09-05,Samsung Electronics,005930.KS,70300.0,70400.0,69500.0,69500.0,68856.578125,11526724.0
2025-09-08,Samsung Electronics,005930.KS,69800.0,70500.0,69600.0,70100.0,69451.0234375,9263135.0
2025-09-09,Samsung Electronics,005930.KS,70100.0,71500.0,70000.0,71500.0,70838.0625,14870245.0
2025-09-10,Samsung Electronics,005930.KS,71800.0,72800.0,71600.0,72600.0,71927.875,21928565.0
2025-09-11,Samsung Electronics,005930.KS,73200.0,73600.0,72100.0,73400.0,72720.4609375,20793501.0
2025-09-12,Samsung Electronics,005930.KS,74600.0,75600.0,74200.0,75400.0,74701.9453125,28219678.0
2025-09-15,Samsung Electronics,005930.KS,77200.0,77600.0,75900.0,76500.0,75791.765625,19908805.0
2025-09-16,Samsung Electronics,005930.KS,76900.0,79500.0,76700.0,79400.0,78664.921875,28218265.0
2025-09-17,Samsung Electronics,005930.KS,79100.0,79100.0,77100.0,78200.0,77476.0234375,20856317.0
2025-09-18,Samsung Electronics,005930.KS,79100.0,80500.0,78600.0,80300.0,79556.5859375,25619035.0
2025-09-19,Samsung Electronics,005930.KS,,,,,,
2025-09-22,Samsung Electronics,005930.KS,81500.0,84000.0,81100.0,83500.0,82726.9609375,27529656.0
2025-09-23,Samsung Electronics,005930.KS,85800.0,85900.0,83600.0,84700.0,83915.8515625,23610263.0
2025-09-24,Samsung Electronics,005930.KS,84200.0,85500.0,83700.0,85400.0,84609.375,18300997.0
2025-09-25,Samsung Electronics,005930.KS,84400.0,86200.0,84100.0,86100.0,85302.890625,19665151.0
2025-09-26,Samsung Electronics,005930.KS,85000.0,85300.0,82400.0,83300.0,82528.8125,24071193.0
2025-09-29,Samsung Electronics,005930.KS,83300.0,85000.0,83200.0,84200.0,83792.671875,13069094.0
2025-09-30,Samsung Electronics,005930.KS,84600.0,84900.0,83400.0,83900.0,83494.125,16319061.0
2025-10-01,Samsung Electronics,005930.KS,84900.0,86200.0,84700.0,86000.0,85583.9609375,22039361.0
2025-10-02,Samsung Electronics,005930.KS,89300.0,90300.0,88700.0,89750.0,89315.8203125,49883028.0
2025-10-10,Samsung Electronics,005930.KS,94000.0,94500.0,92700.0,94400.0,93943.328125,35269748.0
2025-10-13,Samsung Electronics,005930.KS,91300.0,93400.0,90700.0,93300.0,92848.6484375,23883308.0
2025-10-14,Samsung Electronics,005930.KS,95300.0,96000.0,90200.0,91600.0,91156.875,35545235.0
2025-10-15,Samsung Electronics,005930.KS,92300.0,95300.0,92100.0,95000.0,94540.421875,21050111.0
2025-10-16,Samsung Electronics,005930.KS,95300.0,97700.0,95000.0,97700.0,97227.3671875,28141060.0
2025-10-17,Samsung Electronics,005930.KS,97200.0,99100.0,96700.0,97900.0,97426.3984375,22730809.0
2025-10-20,Samsung Electronics,005930.KS,97900.0,98300.0,96000.0,98100.0,97625.4296875,17589756.0
2025-10-21,Samsung Electronics,005930.KS,98500.0,99900.0,97300.0,97500.0,97028.328125,22803830.0
2025-10-22,Samsung Electronics,005930.KS,97100.0,98600.0,95500.0,98600.0,98123.0078125,15937611.0
2025-10-23,Samsung Electronics,005930.KS,96800.0,98500.0,96300.0,96500.0,96033.171875,18488581.0
2025-10-24,Samsung Electronics,005930.KS,97900.0,99000.0,97700.0,98800.0,98322.0390625,18801925.0
2025-10-27,Samsung Electronics,005930.KS,101300.0,102000.0,100600.0,102000.0,101506.5625,22169970.0
2025-10-28,Samsung Electronics,005930.KS,100900.0,101000.0,99100.0,99500.0,99018.65625,20002282.0
2025-10-29,Samsung Electronics,005930.KS,100200.0,101000.0,99100.0,100500.0,100013.8203125,20899788.0
2025-10-30,Samsung Electronics,005930.KS,102400.0,105800.0,102000.0,104100.0,103596.40625,34570017.0
2025-10-31,Samsung Electronics,005930.KS,105000.0,108600.0,103300.0,107500.0,106979.953125,54824564.0
2025-11-03,Samsung Electronics,005930.KS,106900.0,111500.0,106500.0,111100.0,110562.5390625,30110066.0
2025-11-04,Samsung Electronics,005930.KS,111800.0,112400.0,104900.0,104900.0,104392.53125,30450281.0
2025-11-05,Samsung Electronics,005930.KS,101000.0,102000.0,96700.0,100600.0,100113.3359375,44843020.0
2025-11-06,Samsung Electronics,005930.KS,103700.0,103800.0,98800.0,99200.0,98720.109375,28655689.0
2025-11-07,Samsung Electronics,005930.KS,96400.0,100300.0,96300.0,97900.0,97426.3984375,22908083.0
2025-11-10,Samsung Electronics,005930.KS,98600.0,101000.0,97900.0,100600.0,100113.3359375,23842327.0
2025-11-11,Samsung Electronics,005930.KS,103700.0,106000.0,102000.0,103500.0,102999.3046875,27742542.0
2025-11-12,Samsung Electronics,005930.KS,103000.0,103900.0,101600.0,103100.0,102601.2421875,19413497.0
2025-11-13,Samsung Electronics,005930.KS,102500.0,104200.0,102300.0,102800.0,102302.6953125,20838741.0
2025-11-14,Samsung Electronics,005930.KS,99000.0,99600.0,97200.0,97200.0,96729.78125,21806342.0
2025-11-17,Samsung Electronics,005930.KS,99800.0,101000.0,99500.0,100600.0,100113.3359375,17192584.0
2025-11-18,Samsung Electronics,005930.KS,99800.0,100900.0,97500.0,97800.0,97326.8828125,18684068.0
2025-11-19,Samsung Electronics,005930.KS,97100.0,97500.0,94600.0,96500.0,96033.171875,18993346.0
2025-11-20,Samsung Electronics,005930.KS,100900.0,102900.0,99500.0,100600.0,100113.3359375,25360435.0
2025-11-21,Samsung Electronics,005930.KS,95600.0,96800.0,94500.0,94800.0,94341.390625,23103574.0
2025-11-24,Samsung Electronics,005930.KS,97800.0,99000.0,96200.0,96700.0,96232.203125,29831172.0
2025-11-25,Samsung Electronics,005930.KS,101400.0,101400.0,97800.0,99300.0,98819.625,16110054.0
2025-11-26,Samsung Electronics,005930.KS,100500.0,102900.0,99300.0,102800.0,102302.6953125,21314975.0
2025-11-27,Samsung Electronics,005930.KS,104100.0,105500.0,102700.0,103500.0,102999.3046875,16453004.0
2025-11-28,Samsung Electronics,005930.KS,103800.0,103800.0,100500.0,100500.0,100013.8203125,15292277.0
2025-12-01,Samsung Electronics,005930.KS,102000.0,102800.0,99900.0,100800.0,100312.3671875,10905526.0
2025-12-02,Samsung Electronics,005930.KS,101200.0,103500.0,101000.0,103400.0,102899.7890625,13649487.0
2025-12-03,Samsung Electronics,005930.KS,104700.0,105500.0,104000.0,104500.0,103994.46875,14697927.0
2025-12-04,Samsung Electronics,005930.KS,103900.0,105100.0,103200.0,105100.0,104591.5625,11931145.0
2025-12-05,Samsung Electronics,005930.KS,105300.0,108400.0,104600.0,108400.0,107875.6015625,19755571.0
2025-12-08,Samsung Electronics,005930.KS,109700.0,110000.0,108000.0,109500.0,108970.28125,15527762.0
2025-12-09,Samsung Electronics,005930.KS,108900.0,109400.0,107300.0,108400.0,107875.6015625,13671800.0
2025-12-10,Samsung Electronics,005930.KS,108300.0,109800.0,107400.0,108000.0,107477.5390625,12365092.0
2025-12-11,Samsung Electronics,005930.KS,109200.0,110500.0,107300.0,107300.0,106780.921875,22994507.0
2025-12-12,Samsung Electronics,005930.KS,107100.0,108900.0,106800.0,108900.0,108373.1796875,14210314.0
2025-12-15,Samsung Electronics,005930.KS,105300.0,105800.0,104600.0,104800.0,104293.015625,20594654.0
2025-12-16,Samsung Electronics,005930.KS,104900.0,105600.0,102700.0,102800.0,102302.6953125,18852079.0
2025-12-17,Samsung Electronics,005930.KS,103500.0,108100.0,103400.0,107900.0,107378.015625,22297611.0
2025-12-18,Samsung Electronics,005930.KS,106400.0,108200.0,105700.0,107600.0,107079.46875,20445631.0
2025-12-19,Samsung Electronics,005930.KS,109700.0,109700.0,106200.0,106300.0,105785.7578125,25917098.0
2025-12-22,Samsung Electronics,005930.KS,109700.0,110500.0,109300.0,110500.0,109965.4453125,24859171.0
2025-12-23,Samsung Electronics,005930.KS,110900.0,112500.0,110400.0,111500.0,110960.6015625,20419187.0
2025-12-24,Samsung Electronics,005930.KS,112400.0,112400.0,110900.0,111100.0,110562.5390625,12492939.0
2025-12-26,Samsung Electronics,005930.KS,112400.0,117000.0,112400.0,117000.0,116434.0,34018174.0
2025-12-29,Samsung Electronics,005930.KS,119400.0,119700.0,118200.0,119500.0,119500.0,19676004.0
2025-12-30,Samsung Electronics,005930.KS,119100.0,121200.0,118700.0,119900.0,119900.0,19746349.0
2025-01-02,SK Hynix,000660.KS,170500.0,172200.0,170000.0,171200.0,169115.296875,2102175.0
2025-01-03,SK Hynix,000660.KS,174500.0,182700.0,173100.0,181900.0,179685.015625,4233446.0
2025-01-06,SK Hynix,000660.KS,184400.0,199800.0,184400.0,199800.0,197367.046875,7320382.0
2025-01-07,SK Hynix,000660.KS,205000.0,206500.0,194800.0,195000.0,192625.5,6075445.0
2025-01-08,SK Hynix,000660.KS,193100.0,198100.0,191000.0,194700.0,192329.140625,4275792.0
2025-01-09,SK Hynix,000660.KS,201000.0,206000.0,199800.0,205000.0,202503.734375,6692254.0
2025-01-10,SK Hynix,000660.KS,208000.0,212500.0,202500.0,203500.0,201022.0,6149475.0
2025-01-13,SK Hynix,000660.KS,203000.0,203000.0,193900.0,194300.0,191934.03125,4767294.0
2025-01-14,SK Hynix,000660.KS,194300.0,197900.0,193600.0,195000.0,192625.5,3019149.0
2025-01-15,SK Hynix,000660.KS,198000.0,201000.0,197700.0,198200.0,195786.515625,3620460.0
2025-01-16,SK Hynix,000660.KS,208500.0,210000.0,206500.0,210000.0,207442.84375,6029645.0
2025-01-17,SK Hynix,000660.KS,209500.0,217500.0,209000.0,214500.0,211888.046875,5041329.0
2025-01-20,SK Hynix,000660.KS,219000.0,219000.0,210500.0,212000.0,209418.5,3036234.0
2025-01-21,SK Hynix,000660.KS,216500.0,220000.0,214000.0,218000.0,215345.421875,3323212.0
2025-01-22,SK Hynix,000660.KS,221500.0,227000.0,217000.0,225500.0,222754.09375,5901740.0
2025-01-23,SK Hynix,000660.KS,221000.0,225500.0,215000.0,219500.0,216827.15625,5994781.0
2025-01-24,SK Hynix,000660.KS,220500.0,227000.0,217500.0,221000.0,218308.90625,3771572.0
2025-01-31,SK Hynix,000660.KS,197000.0,204500.0,194800.0,199200.0,196774.359375,11871995.0
2025-02-03,SK Hynix,000660.KS,191500.0,193200.0,186900.0,190900.0,188575.421875,7926444.0
2025-02-04,SK Hynix,000660.KS,192900.0,194300.0,190100.0,191100.0,188772.984375,5851146.0
2025-02-05,SK Hynix,000660.KS,191900.0,199400.0,191900.0,198800.0,196379.234375,4245118.0
2025-02-06,SK Hynix,000660.KS,202000.0,205000.0,200500.0,203500.0,201022.0,4032622.0
2025-02-07,SK Hynix,000660.KS,205000.0,206000.0,200500.0,203000.0,200528.078125,2206293.0
2025-02-10,SK Hynix,000660.KS,197800.0,203000.0,197000.0,198100.0,195687.75,2779740.0
2025-02-11,SK Hynix,000660.KS,201000.0,201500.0,198000.0,199700.0,197268.28125,2488710.0
2025-02-12,SK Hynix,000660.KS,196500.0,199900.0,196000.0,198900.0,196478.015625,2884072.0
2025-02-13,SK Hynix,000660.KS,198800.0,208500.0,198100.0,208500.0,205961.125,3574410.0
2025-02-14,SK Hynix,000660.KS,209000.0,212000.0,206500.0,210000.0,207442.84375,2598656.0
2025-02-17,SK Hynix,000660.KS,211500.0,216000.0,211000.0,212000.0,209418.5,2497922.0
2025-02-18,SK Hynix,000660.KS,212000.0,215000.0,207000.0,210000.0,207442.84375,1937894.0
2025-02-19,SK Hynix,000660.KS,216000.0,219500.0,214000.0,218500.0,215839.34375,3537720.0
2025-02-20,SK Hynix,000660.KS,217000.0,218500.0,211000.0,212000.0,209418.5,3080242.0
2025-02-21,SK Hynix,000660.KS,209500.0,211000.0,205500.0,209500.0,206948.921875,2601151.0
2025-02-24,SK Hynix,000660.KS,202500.0,205000.0,201000.0,205000.0,202503.734375,3087127.0
2025-02-25,SK Hynix,000660.KS,199800.0,202000.0,199200.0,200500.0,198058.515625,3651613.0
2025-02-26,SK Hynix,000660.KS,199000.0,206000.0,198600.0,203000.0,200528.078125,3849749.0
2025-02-27,SK Hynix,000660.KS,204500.0,205000.0,198100.0,199200.0,198046.546875,3993419.0
2025-02-28,SK Hynix,000660.KS,191600.0,193000.0,188700.0,190200.0,189098.640625,5533027.0
2025-03-04,SK Hynix,000660.KS,184800.0,187500.0,184000.0,186100.0,185022.390625,5424556.0
2025-03-05,SK Hynix,000660.KS,188200.0,194400.0,186600.0,193100.0,191981.859375,4162368.0
2025-03-06,SK Hynix,000660.KS,193500.0,194000.0,190300.0,192400.0,191285.90625,2540131.0
2025-03-07,SK Hynix,000660.KS,191000.0,192800.0,187900.0,192400.0,191285.90625,2700590.0
2025-03-10,SK Hynix,000660.KS,187500.0,191500.0,187300.0,187900.0,186811.96875,2441476.0
2025-03-11,SK Hynix,000660.KS,182100.0,189000.0,181300.0,187800.0,186712.546875,3521800.0
2025-03-12,SK Hynix,000660.KS,192400.0,199350.0,189700.0,198900.0,197748.265625,4064278.0
2025-03-13,SK Hynix,000660.KS,202500.0,204500.0,195500.0,199700.0,198543.640625,3883033.0
2025-03-14,SK Hynix,000660.KS,198500.0,206000.0,198500.0,204500.0,203315.84375,3397462.0
2025-03-17,SK Hynix,000660.KS,207000.0,209500.0,203500.0,206000.0,204807.15625,2584679.0
2025-03-18,SK Hynix,000660.KS,208500.0,209000.0,201000.0,203000.0,201824.53125,2696191.0
2025-03-19,SK Hynix,000660.KS,202000.0,209500.0,201000.0,205500.0,204310.046875,3102000.0
2025-03-20,SK Hynix,000660.KS,207000.0,211000.0,205500.0,210000.0,208784.015625,2779557.0
2025-03-21,SK Hynix,000660.KS,213500.0,219500.0,212000.0,215500.0,214252.15625,5731880.0
2025-03-24,SK Hynix,000660.KS,211500.0,214500.0,209500.0,211500.0,210275.296875,1611040.0
2025-03-25,SK Hynix,000660.KS,214500.0,215500.0,208000.0,208000.0,206795.5625,2262656.0
2025-03-26,SK Hynix,000660.KS,209000.0,215500.0,208500.0,214000.0,212760.84375,2058540.0
2025-03-27,SK Hynix,000660.KS,208000.0,212000.0,206500.0,207000.0,205801.375,2287220.0
2025-03-28,SK Hynix,000660.KS,203000.0,204500.0,198900.0,199300.0,198145.953125,2673553.0
2025-03-31,SK Hynix,000660.KS,193500.0,195500.0,190500.0,190700.0,189595.75,4561715.0
2025-04-01,SK Hynix,000660.KS,193600.0,198500.0,192000.0,197000.0,195859.28125,2317253.0
2025-04-02,SK Hynix,000660.KS,198800.0,201500.0,197300.0,197900.0,196754.0625,2764223.0
2025-04-03,SK Hynix,000660.KS,189600.0,194600.0,188200.0,194600.0,193473.171875,4177747.0
2025-04-04,SK Hynix,000660.KS,187900.0,189600.0,178400.0,182200.0,181144.984375,9182017.0
2025-04-07,SK Hynix,000660.KS,168000.0,172800.0,164800.0,164800.0,163845.734375,7879050.0
2025-04-08,SK Hynix,000660.KS,172000.0,173100.0,168200.0,169500.0,168518.515625,4965171.0
2025-04-09,SK Hynix,000660.KS,170000.0,170000.0,162700.0,165000.0,164044.578125,8035679.0
2025-04-10,SK Hynix,000660.KS,189700.0,189900.0,180000.0,183200.0,182139.1875,7836984.0
2025-04-11,SK Hynix,000660.KS,177800.0,181800.0,176100.0,180800.0,179753.09375,3223735.0
2025-04-14,SK Hynix,000660.KS,182900.0,184400.0,178000.0,180200.0,179156.546875,3466194.0
2025-04-15,SK Hynix,000660.KS,180200.0,182400.0,179700.0,180600.0,179554.234375,1915455.0
2025-04-16,SK Hynix,000660.KS,176500.0,177500.0,173500.0,174000.0,172992.453125,2933428.0
2025-04-17,SK Hynix,000660.KS,172100.0,175400.0,171800.0,175000.0,173986.671875,2989493.0
2025-04-18,SK Hynix,000660.KS,174000.0,175500.0,172800.0,175000.0,173986.671875,1305152.0
2025-04-21,SK Hynix,000660.KS,174800.0,180000.0,174500.0,176600.0,175577.390625,1877473.0
2025-04-22,SK Hynix,000660.KS,175000.0,175500.0,173300.0,173800.0,172793.609375,2008388.0
2025-04-23,SK Hynix,000660.KS,179100.0,181600.0,178100.0,181000.0,179951.921875,3857373.0
2025-04-24,SK Hynix,000660.KS,182800.0,183400.0,177600.0,178300.0,177267.5625,3162156.0
2025-04-25,SK Hynix,000660.KS,182500.0,184900.0,182100.0,184400.0,183332.21875,3507810.0
2025-04-28,SK Hynix,000660.KS,183500.0,183900.0,179700.0,182000.0,180946.125,2455710.0
2025-04-29,SK Hynix,000660.KS,182000.0,182900.0,179100.0,180800.0,179753.09375,1866386.0
2025-04-30,SK Hynix,000660.KS,179100.0,180000.0,176700.0,177500.0,176472.1875,2354473.0
2025-05-02,SK Hynix,000660.KS,179400.0,186200.0,178400.0,186000.0,184922.96875,3886874.0
2025-05-07,SK Hynix,000660.KS,187700.0,191500.0,185900.0,190800.0,189695.1875,3830097.0
2025-05-08,SK Hynix,000660.KS,196000.0,196000.0,189400.0,190300.0,189198.078125,5125330.0
2025-05-09,SK Hynix,000660.KS,192000.0,192800.0,186800.0,190100.0,188999.234375,2539822.0
2025-05-12,SK Hynix,000660.KS,193600.0,195200.0,193500.0,195000.0,193870.859375,1624884.0
2025-05-13,SK Hynix,000660.KS,200500.0,201500.0,197300.0,198500.0,197350.578125,3385009.0
2025-05-14,SK Hynix,000660.KS,207000.0,207000.0,204000.0,206000.0,204807.15625,3333511.0
2025-05-15,SK Hynix,000660.KS,207500.0,208000.0,199500.0,200500.0,199339.015625,3178957.0
2025-05-16,SK Hynix,000660.KS,206000.0,206750.0,203500.0,204500.0,203315.84375,2419507.0
2025-05-19,SK Hynix,000660.KS,203000.0,203000.0,197500.0,199400.0,198245.375,2482673.0
2025-05-20,SK Hynix,000660.KS,202500.0,208000.0,201500.0,202000.0,200830.328125,2820546.0
2025-05-21,SK Hynix,000660.KS,204500.0,205000.0,199900.0,200500.0,199339.015625,1721760.0
2025-05-22,SK Hynix,000660.KS,199900.0,201500.0,196500.0,196900.0,195759.859375,1988587.0
2025-05-23,SK Hynix,000660.KS,199900.0,201500.0,198700.0,200000.0,198841.90625,1538701.0
2025-05-26,SK Hynix,000660.KS,200000.0,203500.0,196900.0,203000.0,201824.53125,1459997.0
2025-05-27,SK Hynix,000660.KS,200500.0,203500.0,200000.0,202500.0,201327.4375,1424916.0
2025-05-28,SK Hynix,000660.KS,206500.0,209500.0,206000.0,208000.0,206795.5625,3161188.0
2025-05-29,SK Hynix,000660.KS,214500.0,214500.0,207500.0,212000.0,211153.109375,3827689.0
2025-05-30,SK Hynix,000660.KS,210000.0,210000.0,203000.0,204500.0,203683.0625,4826628.0
2025-06-02,SK Hynix,000660.KS,205000.0,208500.0,203000.0,207500.0,206671.078125,1775752.0
2025-06-04,SK Hynix,000660.KS,218000.0,223000.0,216500.0,217500.0,216631.125,5108674.0
2025-06-05,SK Hynix,000660.KS,225500.0,230000.0,222000.0,224500.0,223603.15625,5768506.0
2025-06-09,SK Hynix,000660.KS,233000.0,233500.0,228000.0,229000.0,228085.1875,3666084.0
2025-06-10,SK Hynix,000660.KS,231000.0,232500.0,227500.0,230500.0,229579.1875,3718655.0
2025-06-11,SK Hynix,000660.KS,236000.0,241000.0,235000.0,240000.0,239041.234375,4230421.0
2025-06-12,SK Hynix,000660.KS,242500.0,246500.0,235000.0,235500.0,234559.21875,4994238.0
2025-06-13,SK Hynix,000660.KS,240500.0,243000.0,233750.0,235500.0,234559.21875,4100610.0
2025-06-16,SK Hynix,000660.KS,238000.0,248500.0,238000.0,248000.0,247009.28125,3760740.0
2025-06-17,SK Hynix,000660.KS,253000.0,260000.0,248000.0,249000.0,248005.296875,5044669.0
2025-06-18,SK Hynix,000660.KS,245500.0,252000.0,245000.0,246500.0,245515.28125,4081001.0
2025-06-19,SK Hynix,000660.KS,247000.0,250000.0,242000.0,246000.0,245017.265625,2317796.0
2025-06-20,SK Hynix,000660.KS,249000.0,257000.0,247500.0,257000.0,255973.34375,3597877.0
2025-06-23,SK Hynix,000660.KS,252500.0,263000.0,248500.0,259500.0,258463.34375,3398736.0
2025-06-24,SK Hynix,000660.KS,270000.0,283000.0,269500.0,278500.0,277387.4375,5436312.0
2025-06-25,SK Hynix,000660.KS,289000.0,291500.0,284000.0,286000.0,284857.46875,5466598.0
2025-06-26,SK Hynix,000660.KS,294500.0,298500.0,287000.0,293000.0,291829.53125,5894020.0
2025-06-27,SK Hynix,000660.KS,288000.0,294500.0,281000.0,284000.0,282865.46875,5134863.0
2025-06-30,SK Hynix,000660.KS,288500.0,294500.0,286000.0,292000.0,290833.53125,4375298.0
2025-07-01,SK Hynix,000660.KS,291000.0,294500.0,285500.0,285500.0,284359.46875,3687981.0
2025-07-02,SK Hynix,000660.KS,283500.0,283500.0,274500.0,279000.0,277885.40625,4702056.0
2025-07-03,SK Hynix,000660.KS,281000.0,284000.0,277000.0,278500.0,277387.4375,3642140.0
2025-07-04,SK Hynix,000660.KS,279500.0,281500.0,269000.0,270500.0,269419.375,3654933.0
2025-07-07,SK Hynix,000660.KS,266000.0,272000.0,264500.0,271000.0,269917.40625,2523564.0
2025-07-08,SK Hynix,000660.KS,271000.0,285000.0,268500.0,282000.0,280873.46875,3119395.0
2025-07-09,SK Hynix,000660.KS,282500.0,284000.0,277500.0,281000.0,279877.46875,2626484.0
2025-07-10,SK Hynix,000660.KS,284000.0,297000.0,283500.0,297000.0,295813.53125,4556065.0
2025-07-11,SK Hynix,000660.KS,299500.0,306500.0,292000.0,294500.0,293323.5,3732533.0
2025-07-14,SK Hynix,000660.KS,292500.0,302500.0,292500.0,300000.0,298801.5625,2936976.0
2025-07-15,SK Hynix,000660.KS,296000.0,298500.0,290000.0,298500.0,297307.5625,4196196.0
2025-07-16,SK Hynix,000660.KS,298500.0,299500.0,292500.0,296000.0,294817.53125,3123297.0
2025-07-17,SK Hynix,000660.KS,283500.0,289500.0,268000.0,269500.0,268423.375,9328322.0
2025-07-18,SK Hynix,000660.KS,270000.0,275000.0,267000.0,269000.0,267925.375,5359504.0
2025-07-21,SK Hynix,000660.KS,267500.0,274500.0,266500.0,272500.0,271411.40625,2424891.0
2025-07-22,SK Hynix,000660.KS,273000.0,273500.0,267000.0,268500.0,267427.40625,3139858.0
2025-07-23,SK Hynix,000660.KS,267500.0,271000.0,264500.0,269000.0,267925.375,3116279.0
2025-07-24,SK Hynix,000660.KS,277000.0,279000.0,269000.0,269500.0,268423.375,3667144.0
2025-07-25,SK Hynix,000660.KS,273000.0,275000.0,265500.0,266000.0,264937.375,2171063.0
2025-07-28,SK Hynix,000660.KS,261000.0,265500.0,258500.0,262000.0,260953.375,2877357.0
2025-07-29,SK Hynix,000660.KS,254500.0,265000.0,254500.0,262500.0,261451.34375,2944177.0
2025-07-30,SK Hynix,000660.KS,263000.0,266000.0,260500.0,263500.0,262447.34375,2482807.0
2025-07-31,SK Hynix,000660.KS,271000.0,274000.0,265500.0,273500.0,272407.40625,3472644.0
2025-08-01,SK Hynix,000660.KS,266000.0,267000.0,257000.0,258000.0,256969.34375,3227394.0
2025-08-04,SK Hynix,000660.KS,254500.0,260000.0,254000.0,258000.0,256969.34375,2281558.0
2025-08-05,SK Hynix,000660.KS,264000.0,264500.0,260500.0,263500.0,262447.34375,2118171.0
2025-08-06,SK Hynix,000660.KS,260500.0,260500.0,257500.0,258500.0,257467.328125,1374559.0
2025-08-07,SK Hynix,000660.KS,258000.0,263000.0,250000.0,262000.0,260953.375,2724438.0
2025-08-08,SK Hynix,000660.KS,262000.0,266000.0,255500.0,256500.0,255475.34375,2676174.0
2025-08-11,SK Hynix,000660.KS,260500.0,267500.0,260000.0,267000.0,265933.375,2415473.0
2025-08-12,SK Hynix,000660.KS,268000.0,276000.0,267500.0,269000.0,267925.375,3008648.0
2025-08-13,SK Hynix,000660.KS,278000.0,279000.0,274000.0,278000.0,276889.40625,3472694.0
2025-08-14,SK Hynix,000660.KS,277500.0,277500.0,270500.0,276500.0,275395.46875,2101050.0
2025-08-18,SK Hynix,000660.KS,272000.0,272000.0,267000.0,267500.0,266431.40625,1993220.0
2025-08-19,SK Hynix,000660.KS,268500.0,270000.0,261500.0,263000.0,261949.359375,1709646.0
2025-08-20,SK Hynix,000660.KS,254500.0,257000.0,251000.0,255500.0,254479.3125,3571545.0
2025-08-21,SK Hynix,000660.KS,246500.0,251000.0,245000.0,245000.0,244021.265625,6301130.0
2025-08-22,SK Hynix,000660.KS,245500.0,252500.0,245500.0,251000.0,249997.28125,3064062.0
2025-08-25,SK Hynix,000660.KS,256000.0,261500.0,254000.0,259500.0,258463.34375,3183709.0
2025-08-26,SK Hynix,000660.KS,259500.0,262500.0,257000.0,261500.0,260455.34375,2050625.0
2025-08-27,SK Hynix,000660.KS,259000.0,261000.0,256000.0,260000.0,258961.34375,2801594.0
2025-08-28,SK Hynix,000660.KS,254000.0,268500.0,253000.0,268500.0,267813.65625,3836024.0
2025-08-29,SK Hynix,000660.KS,268000.0,270000.0,266000.0,269000.0,268312.375,1892127.0
2025-09-01,SK Hynix,000660.KS,259500.0,261000.0,255000.0,256000.0,255345.609375,1837054.0
2025-09-02,SK Hynix,000660.KS,256000.0,261500.0,256000.0,260500.0,259834.109375,1584710.0
2025-09-03,SK Hynix,000660.KS,259500.0,265500.0,257750.0,262500.0,261828.984375,2437896.0
2025-09-04,SK Hynix,000660.KS,267000.0,271000.0,264500.0,265500.0,264821.34375,2189959.0
2025-09-05,SK Hynix,000660.KS,273000.0,275000.0,272000.0,273500.0,272800.875,3103427.0
2025-09-08,SK Hynix,000660.KS,278500.0,279000.0,274000.0,277000.0,276291.9375,2018299.0
2025-09-09,SK Hynix,000660.KS,278000.0,288500.0,277000.0,288000.0,287263.8125,4158342.0
2025-09-10,SK Hynix,000660.KS,294500.0,305000.0,293000.0,304000.0,303222.90625,5265553.0
2025-09-11,SK Hynix,000660.KS,310000.0,315000.0,305500.0,307000.0,306215.25,5148088.0
2025-09-12,SK Hynix,000660.KS,322000.0,329500.0,319000.0,328500.0,327660.28125,4242516.0
2025-09-15,SK Hynix,000660.KS,339500.0,341500.0,325000.0,331000.0,330153.90625,4221256.0
2025-09-16,SK Hynix,000660.KS,331500.0,354000.0,331500.0,348000.0,347110.4375,5841135.0
2025-09-17,SK Hynix,000660.KS,341000.0,342500.0,333500.0,333500.0,332647.5,4498866.0
2025-09-18,SK Hynix,000660.KS,338500.0,357000.0,336500.0,355500.0,354591.28125,4526286.0
2025-09-19,SK Hynix,000660.KS,,,,,,
2025-09-22,SK Hynix,000660.KS,349000.0,359000.0,345250.0,351000.0,350102.78125,4377563.0
2025-09-23,SK Hynix,000660.KS,355500.0,363000.0,353000.0,361000.0,360077.21875,3315336.0
2025-09-24,SK Hynix,000660.KS,359000.0,364000.0,348500.0,357500.0,356586.15625,4165199.0
2025-09-25,SK Hynix,000660.KS,352000.0,359000.0,349500.0,356500.0,355588.71875,2148215.0
2025-09-26,SK Hynix,000660.KS,347500.0,349000.0,333000.0,336500.0,335639.84375,3685324.0
2025-09-29,SK Hynix,000660.KS,339500.0,351000.0,339000.0,349000.0,348107.875,2275986.0
2025-09-30,SK Hynix,000660.KS,353000.0,356500.0,347500.0,347500.0,346611.71875,2238614.0
2025-10-01,SK Hynix,000660.KS,351000.0,362000.0,351000.0,360000.0,359079.75,2802437.0
2025-10-02,SK Hynix,000660.KS,388500.0,404500.0,384000.0,395500.0,394489.0,7430763.0
2025-10-10,SK Hynix,000660.KS,426000.0,439250.0,416500.0,428000.0,426905.9375,6835852.0
2025-10-13,SK Hynix,000660.KS,405500.0,415500.0,403000.0,415000.0,413939.1875,4356534.0
2025-10-14,SK Hynix,000660.KS,425000.0,436500.0,406500.0,411500.0,410448.125,4101275.0
2025-10-15,SK Hynix,000660.KS,410500.0,424000.0,407000.0,422500.0,421420.0,2688019.0
2025-10-16,SK Hynix,000660.KS,421000.0,455000.0,420500.0,452500.0,451343.3125,4247934.0
2025-10-17,SK Hynix,000660.KS,451500.0,475000.0,449500.0,465500.0,464310.09375,4541583.0
2025-10-20,SK Hynix,000660.KS,477500.0,485500.0,465500.0,485500.0,484258.96875,3333903.0
2025-10-21,SK Hynix,000660.KS,497000.0,502000.0,478000.0,479000.0,477775.5625,4126858.0
2025-10-22,SK Hynix,000660.KS,475000.0,482000.0,469000.0,481500.0,480269.1875,3870276.0
2025-10-23,SK Hynix,000660.KS,470000.0,488500.0,468000.0,478500.0,477276.875,3583993.0
2025-10-24,SK Hynix,000660.KS,493000.0,513000.0,491500.0,510000.0,508696.34375,4254202.0
2025-10-27,SK Hynix,000660.KS,533000.0,537000.0,523000.0,535000.0,533632.4375,3381231.0
2025-10-28,SK Hynix,000660.KS,521000.0,527000.0,509000.0,521000.0,519668.21875,5659008.0
2025-10-29,SK Hynix,000660.KS,538000.0,559000.0,523000.0,558000.0,556573.625,4803031.0
2025-10-30,SK Hynix,000660.KS,558000.0,579000.0,552000.0,568000.0,566548.0625,4888461.0
2025-10-31,SK Hynix,000660.KS,557000.0,566000.0,552000.0,559000.0,557571.0625,3351809.0
2025-11-03,SK Hynix,000660.KS,557000.0,624000.0,555000.0,620000.0,618415.1875,5787058.0
2025-11-04,SK Hynix,000660.KS,611000.0,614000.0,583000.0,586000.0,584502.0625,5969769.0
2025-11-05,SK Hynix,000660.KS,563000.0,587000.0,532000.0,579000.0,577519.9375,8976222.0
2025-11-06,SK Hynix,000660.KS,602000.0,607000.0,583000.0,593000.0,591484.1875,5321244.0
2025-11-07,SK Hynix,000660.KS,577000.0,599000.0,565000.0,580000.0,578517.4375,4789397.0
2025-11-10,SK Hynix,000660.KS,584000.0,615000.0,581000.0,606000.0,604450.9375,4893645.0
2025-11-11,SK Hynix,000660.KS,622000.0,646000.0,604000.0,619000.0,617417.6875,5508697.0
2025-11-12,SK Hynix,000660.KS,605000.0,620000.0,601000.0,617000.0,615422.8125,2831484.0
2025-11-13,SK Hynix,000660.KS,607000.0,622000.0,607000.0,612000.0,610435.625,3875541.0
2025-11-14,SK Hynix,000660.KS,579000.0,585000.0,560000.0,560000.0,558568.5625,5778374.0
2025-11-17,SK Hynix,000660.KS,588000.0,606000.0,584000.0,606000.0,604450.9375,4470947.0
2025-11-18,SK Hynix,000660.KS,583000.0,591000.0,570000.0,570000.0,568542.9375,3544391.0
2025-11-19,SK Hynix,000660.KS,563000.0,570000.0,546000.0,562000.0,560563.4375,4529736.0
2025-11-20,SK Hynix,000660.KS,595000.0,597000.0,570000.0,571000.0,569540.4375,4670237.0
2025-11-21,SK Hynix,000660.KS,518000.0,531000.0,514000.0,521000.0,519668.21875,6646712.0
2025-11-24,SK Hynix,000660.KS,531000.0,542000.0,517000.0,520000.0,518670.78125,6399162.0
2025-11-25,SK Hynix,000660.KS,546000.0,550000.0,518000.0,519000.0,517673.34375,3716730.0
2025-11-26,SK Hynix,000660.KS,513000.0,528000.0,501000.0,524000.0,522660.5625,5127393.0
2025-11-27,SK Hynix,000660.KS,535000.0,556000.0,533000.0,544000.0,542998.0625,3654092.0
2025-11-28,SK Hynix,000660.KS,551000.0,552000.0,530000.0,530000.0,529023.8125,2680138.0
2025-12-01,SK Hynix,000660.KS,542000.0,545000.0,525000.0,538000.0,537009.0625,3134704.0
2025-12-02,SK Hynix,000660.KS,548000.0,559000.0,542000.0,558000.0,556972.25,2686580.0
2025-12-03,SK Hynix,000660.KS,550000.0,559000.0,544000.0,552000.0,550983.3125,2586619.0
2025-12-04,SK Hynix,000660.KS,542000.0,543000.0,532000.0,542000.0,541001.75,2858305.0
2025-12-05,SK Hynix,000660.KS,530000.0,546000.0,527000.0,544000.0,542998.0625,3204933.0
2025-12-08,SK Hynix,000660.KS,543000.0,580000.0,533000.0,577000.0,575937.25,4288433.0
2025-12-09,SK Hynix,000660.KS,569000.0,575000.0,564000.0,566000.0,564957.5,2391174.0
2025-12-10,SK Hynix,000660.KS,571000.0,593000.0,570000.0,587000.0,585918.8125,3986083.0
2025-12-11,SK Hynix,000660.KS,583000.0,589000.0,565000.0,565000.0,563959.375,4021907.0
2025-12-12,SK Hynix,000660.KS,565000.0,579000.0,560000.0,571000.0,569948.3125,2646148.0
2025-12-15,SK Hynix,000660.KS,535000.0,563500.0,535000.0,554000.0,552979.625,2482125.0
2025-12-16,SK Hynix,000660.KS,545000.0,551000.0,530000.0,530000.0,529023.8125,3287998.0
2025-12-17,SK Hynix,000660.KS,530000.0,554000.0,525000.0,551000.0,549985.125,2692626.0
2025-12-18,SK Hynix,000660.KS,538000.0,563000.0,537000.0,552000.0,550983.3125,2959059.0
2025-12-19,SK Hynix,000660.KS,569000.0,570000.0,547000.0,547000.0,545992.5,3440005.0
2025-12-22,SK Hynix,000660.KS,574000.0,580000.0,567000.0,580000.0,578931.75,2878464.0
2025-12-23,SK Hynix,000660.KS,585000.0,593000.0,581000.0,584000.0,582924.375,2011188.0
2025-12-24,SK Hynix,000660.KS,587000.0,591000.0,584000.0,588000.0,586917.0,2160697.0
2025-12-26,SK Hynix,000660.KS,594000.0,605000.0,590000.0,599000.0,597896.75,4243548.0
2025-12-29,SK Hynix,000660.KS,630000.0,640000.0,625000.0,640000.0,638821.25,4176151.0
2025-12-30,SK Hynix,000660.KS,639000.0,659000.0,634000.0,651000.0,649800.9375,4094603.0
2025-01-02,LG Energy Solution,373220.KS,348500.0,352500.0,342500.0,346000.0,346000.0,139219.0
2025-01-03,LG Energy Solution,373220.KS,343000.0,360500.0,343000.0,356000.0,356000.0,237676.0
2025-01-06,LG Energy Solution,373220.KS,358000.0,365500.0,353500.0,361500.0,361500.0,205797.0
2025-01-07,LG Energy Solution,373220.KS,363500.0,372000.0,361500.0,365500.0,365500.0,236305.0
2025-01-08,LG Energy Solution,373220.KS,364500.0,376000.0,364000.0,373500.0,373500.0,356433.0
2025-01-09,LG Energy Solution,373220.KS,371500.0,373000.0,348500.0,358500.0,358500.0,694920.0
2025-01-10,LG Energy Solution,373220.KS,356000.0,357500.0,348000.0,348500.0,348500.0,280639.0
2025-01-13,LG Energy Solution,373220.KS,346500.0,350500.0,345500.0,347500.0,347500.0,165688.0
2025-01-14,LG Energy Solution,373220.KS,350000.0,360000.0,350000.0,358000.0,358000.0,290092.0
2025-01-15,LG Energy Solution,373220.KS,359000.0,361000.0,351500.0,351500.0,351500.0,149879.0
2025-01-16,LG Energy Solution,373220.KS,358500.0,361500.0,352000.0,352000.0,352000.0,162319.0
2025-01-17,LG Energy Solution,373220.KS,352000.0,355500.0,350500.0,350500.0,350500.0,151960.0
2025-01-20,LG Energy Solution,373220.KS,352000.0,372000.0,351500.0,370500.0,370500.0,402884.0
2025-01-21,LG Energy Solution,373220.KS,365000.0,370000.0,349500.0,354500.0,354500.0,317052.0
2025-01-22,LG Energy Solution,373220.KS,356000.0,363000.0,355500.0,360000.0,360000.0,158528.0
2025-01-23,LG Energy Solution,373220.KS,356500.0,359500.0,353500.0,353500.0,353500.0,136125.0
2025-01-24,LG Energy Solution,373220.KS,355500.0,357500.0,348000.0,353500.0,353500.0,126762.0
2025-01-31,LG Energy Solution,373220.KS,353500.0,356500.0,346500.0,352000.0,352000.0,147908.0
2025-02-03,LG Energy Solution,373220.KS,345000.0,345500.0,335000.0,336500.0,336500.0,225738.0
2025-02-04,LG Energy Solution,373220.KS,340500.0,343500.0,332000.0,333000.0,333000.0,196605.0
2025-02-05,LG Energy Solution,373220.KS,336000.0,347000.0,335000.0,345000.0,345000.0,171086.0
2025-02-06,LG Energy Solution,373220.KS,344500.0,350500.0,338500.0,342000.0,342000.0,129145.0
2025-02-07,LG Energy Solution,373220.KS,341500.0,345000.0,336000.0,336000.0,336000.0,119390.0
2025-02-10,LG Energy Solution,373220.KS,333000.0,349500.0,329000.0,346500.0,346500.0,230067.0
2025-02-11,LG Energy Solution,373220.KS,348000.0,350500.0,342500.0,343000.0,343000.0,178558.0
2025-02-12,LG Energy Solution,373220.KS,343500.0,347500.0,338000.0,338500.0,338500.0,165759.0
2025-02-13,LG Energy Solution,373220.KS,341500.0,366500.0,341000.0,358000.0,358000.0,672554.0
2025-02-14,LG Energy Solution,373220.KS,355500.0,359500.0,352000.0,353000.0,353000.0,162202.0
2025-02-17,LG Energy Solution,373220.KS,354500.0,362000.0,352500.0,353500.0,353500.0,166506.0
2025-02-18,LG Energy Solution,373220.KS,355000.0,355000.0,347500.0,350500.0,350500.0,132978.0
2025-02-19,LG Energy Solution,373220.KS,353500.0,370500.0,353500.0,366000.0,366000.0,332886.0
2025-02-20,LG Energy Solution,373220.KS,367500.0,378500.0,365000.0,376500.0,376500.0,316958.0
2025-02-21,LG Energy Solution,373220.KS,378500.0,379000.0,373500.0,378500.0,378500.0,141193.0
2025-02-24,LG Energy Solution,373220.KS,377500.0,386500.0,375000.0,385500.0,385500.0,237103.0
2025-02-25,LG Energy Solution,373220.KS,386000.0,386000.0,372500.0,373500.0,373500.0,140338.0
2025-02-26,LG Energy Solution,373220.KS,369500.0,376000.0,368000.0,374000.0,374000.0,143098.0
2025-02-27,LG Energy Solution,373220.KS,374000.0,375000.0,366500.0,370500.0,370500.0,124821.0
2025-02-28,LG Energy Solution,373220.KS,366000.0,368000.0,351500.0,352000.0,352000.0,291801.0
2025-03-04,LG Energy Solution,373220.KS,351000.0,351500.0,332000.0,332000.0,332000.0,361892.0
2025-03-05,LG Energy Solution,373220.KS,336000.0,339000.0,327500.0,334000.0,334000.0,306239.0
2025-03-06,LG Energy Solution,373220.KS,337500.0,343500.0,331500.0,334000.0,334000.0,251173.0
2025-03-07,LG Energy Solution,373220.KS,331000.0,341000.0,328000.0,339000.0,339000.0,208637.0
2025-03-10,LG Energy Solution,373220.KS,339000.0,352000.0,336000.0,349500.0,349500.0,273181.0
2025-03-11,LG Energy Solution,373220.KS,338500.0,344500.0,336000.0,341000.0,341000.0,150783.0
2025-03-12,LG Energy Solution,373220.KS,344000.0,349500.0,341500.0,348500.0,348500.0,189492.0
2025-03-13,LG Energy Solution,373220.KS,352500.0,354500.0,338500.0,340500.0,340500.0,336473.0
2025-03-14,LG Energy Solution,373220.KS,339500.0,340000.0,325000.0,326500.0,326500.0,448904.0
2025-03-17,LG Energy Solution,373220.KS,328000.0,330500.0,325000.0,325000.0,325000.0,255211.0
2025-03-18,LG Energy Solution,373220.KS,326500.0,332000.0,325000.0,325000.0,325000.0,184156.0
2025-03-19,LG Energy Solution,373220.KS,326000.0,333000.0,325000.0,330500.0,330500.0,251845.0
2025-03-20,LG Energy Solution,373220.KS,334500.0,337500.0,330500.0,334500.0,334500.0,224094.0
2025-03-21,LG Energy Solution,373220.KS,334000.0,335000.0,324000.0,329000.0,329000.0,302913.0
2025-03-24,LG Energy Solution,373220.KS,331000.0,335000.0,328500.0,331500.0,331500.0,148739.0
2025-03-25,LG Energy Solution,373220.KS,336500.0,342500.0,334000.0,335500.0,335500.0,179131.0
2025-03-26,LG Energy Solution,373220.KS,338500.0,365000.0,337500.0,360000.0,360000.0,537163.0
2025-03-27,LG Energy Solution,373220.KS,354500.0,365000.0,353000.0,356500.0,356500.0,228114.0
2025-03-28,LG Energy Solution,373220.KS,360000.0,363000.0,354000.0,356000.0,356000.0,188128.0
2025-03-31,LG Energy Solution,373220.KS,346000.0,348000.0,328500.0,334500.0,334500.0,575113.0
2025-04-01,LG Energy Solution,373220.KS,337500.0,337500.0,325500.0,328000.0,328000.0,413352.0
2025-04-02,LG Energy Solution,373220.KS,330000.0,331000.0,324000.0,329000.0,329000.0,300758.0
2025-04-03,LG Energy Solution,373220.KS,320000.0,323000.0,310500.0,315000.0,315000.0,388422.0
2025-04-04,LG Energy Solution,373220.KS,311000.0,331000.0,310500.0,329000.0,329000.0,363443.0
2025-04-07,LG Energy Solution,373220.KS,318000.0,331000.0,316000.0,323000.0,323000.0,398358.0
2025-04-08,LG Energy Solution,373220.KS,331000.0,333000.0,315000.0,318000.0,318000.0,394764.0
2025-04-09,LG Energy Solution,373220.KS,317000.0,325000.0,314000.0,314000.0,314000.0,330125.0
2025-04-10,LG Energy Solution,373220.KS,335500.0,349500.0,326500.0,349500.0,349500.0,777090.0
2025-04-11,LG Energy Solution,373220.KS,337000.0,341500.0,329000.0,335500.0,335500.0,260102.0
2025-04-14,LG Energy Solution,373220.KS,337500.0,344500.0,336000.0,343000.0,343000.0,192936.0
2025-04-15,LG Energy Solution,373220.KS,342500.0,348500.0,340500.0,345000.0,345000.0,171756.0
2025-04-16,LG Energy Solution,373220.KS,350000.0,353000.0,341500.0,343000.0,343000.0,155592.0
2025-04-17,LG Energy Solution,373220.KS,341500.0,346500.0,334500.0,342500.0,342500.0,136846.0
2025-04-18,LG Energy Solution,373220.KS,344000.0,345000.0,337500.0,338000.0,338000.0,70190.0
2025-04-21,LG Energy Solution,373220.KS,337000.0,340500.0,332000.0,332500.0,332500.0,78331.0
2025-04-22,LG Energy Solution,373220.KS,332000.0,337000.0,329000.0,332000.0,332000.0,98130.0
2025-04-23,LG Energy Solution,373220.KS,339000.0,349500.0,338500.0,349000.0,349000.0,231174.0
2025-04-24,LG Energy Solution,373220.KS,349500.0,350000.0,339000.0,341500.0,341500.0,167826.0
2025-04-25,LG Energy Solution,373220.KS,347500.0,347500.0,340000.0,343500.0,343500.0,104822.0
2025-04-28,LG Energy Solution,373220.KS,349500.0,349500.0,343000.0,346000.0,346000.0,132948.0
2025-04-29,LG Energy Solution,373220.KS,346500.0,350000.0,343500.0,350000.0,350000.0,154760.0
2025-04-30,LG Energy Solution,373220.KS,347500.0,348500.0,323000.0,324500.0,324500.0,471209.0
2025-05-02,LG Energy Solution,373220.KS,325000.0,327500.0,320500.0,320500.0,320500.0,202479.0
2025-05-07,LG Energy Solution,373220.KS,322000.0,324500.0,319000.0,322500.0,322500.0,217160.0
2025-05-08,LG Energy Solution,373220.KS,322000.0,329000.0,319500.0,327500.0,327500.0,384939.0
2025-05-09,LG Energy Solution,373220.KS,327500.0,327500.0,317500.0,318000.0,318000.0,252119.0
2025-05-12,LG Energy Solution,373220.KS,320500.0,322000.0,318000.0,321500.0,321500.0,133817.0
2025-05-13,LG Energy Solution,373220.KS,323500.0,323500.0,310500.0,312000.0,312000.0,286158.0
2025-05-14,LG Energy Solution,373220.KS,313000.0,315000.0,306000.0,313500.0,313500.0,223695.0
2025-05-15,LG Energy Solution,373220.KS,313500.0,321000.0,306500.0,307000.0,307000.0,316371.0
2025-05-16,LG Energy Solution,373220.KS,305000.0,307000.0,290000.0,290500.0,290500.0,583328.0
2025-05-19,LG Energy Solution,373220.KS,291500.0,297000.0,290500.0,291500.0,291500.0,158255.0
2025-05-20,LG Energy Solution,373220.KS,292000.0,293000.0,278000.0,279500.0,279500.0,445299.0
2025-05-21,LG Energy Solution,373220.KS,278500.0,285000.0,277500.0,277500.0,277500.0,179424.0
2025-05-22,LG Energy Solution,373220.KS,277000.0,284000.0,268000.0,274500.0,274500.0,331567.0
2025-05-23,LG Energy Solution,373220.KS,276500.0,277000.0,266000.0,268000.0,268000.0,213740.0
2025-05-26,LG Energy Solution,373220.KS,268500.0,280000.0,268500.0,278000.0,278000.0,205921.0
2025-05-27,LG Energy Solution,373220.KS,275500.0,276500.0,268500.0,272500.0,272500.0,149335.0
2025-05-28,LG Energy Solution,373220.KS,276500.0,290000.0,272500.0,289000.0,289000.0,395192.0
2025-05-29,LG Energy Solution,373220.KS,289000.0,291000.0,283000.0,288000.0,288000.0,189663.0
2025-05-30,LG Energy Solution,373220.KS,286000.0,290000.0,283500.0,286000.0,286000.0,224384.0
2025-06-02,LG Energy Solution,373220.KS,290500.0,291500.0,281500.0,284500.0,284500.0,174819.0
2025-06-04,LG Energy Solution,373220.KS,288000.0,293000.0,286000.0,288500.0,288500.0,214348.0
2025-06-05,LG Energy Solution,373220.KS,287500.0,295000.0,284500.0,291000.0,291000.0,207656.0
2025-06-09,LG Energy Solution,373220.KS,291500.0,291500.0,280500.0,285000.0,285000.0,297462.0
2025-06-10,LG Energy Solution,373220.KS,286500.0,292000.0,285000.0,288500.0,288500.0,213404.0
2025-06-11,LG Energy Solution,373220.KS,291000.0,296000.0,289000.0,292500.0,292500.0,278005.0
2025-06-12,LG Energy Solution,373220.KS,292500.0,304000.0,291000.0,304000.0,304000.0,555229.0
2025-06-13,LG Energy Solution,373220.KS,300000.0,300000.0,290000.0,296000.0,296000.0,325863.0
2025-06-16,LG Energy Solution,373220.KS,292000.0,293500.0,288000.0,293000.0,293000.0,192457.0
2025-06-17,LG Energy Solution,373220.KS,298000.0,301500.0,292000.0,294000.0,294000.0,243494.0
2025-06-18,LG Energy Solution,373220.KS,291500.0,296500.0,290500.0,292000.0,292000.0,193404.0
2025-06-19,LG Energy Solution,373220.KS,293500.0,294000.0,289000.0,291000.0,291000.0,146199.0
2025-06-20,LG Energy Solution,373220.KS,291000.0,306000.0,289500.0,305000.0,305000.0,498474.0
2025-06-23,LG Energy Solution,373220.KS,298500.0,300000.0,291000.0,294000.0,294000.0,193331.0
2025-06-24,LG Energy Solution,373220.KS,299500.0,306000.0,298000.0,300500.0,300500.0,275626.0
2025-06-25,LG Energy Solution,373220.KS,301500.0,301500.0,295000.0,298000.0,298000.0,185031.0
2025-06-26,LG Energy Solution,373220.KS,299000.0,300500.0,294500.0,297000.0,297000.0,162439.0
2025-06-27,LG Energy Solution,373220.KS,297500.0,297500.0,287000.0,288000.0,288000.0,219699.0
2025-06-30,LG Energy Solution,373220.KS,290000.0,297500.0,290000.0,297000.0,297000.0,209821.0
2025-07-01,LG Energy Solution,373220.KS,296500.0,300000.0,292500.0,297500.0,297500.0,226370.0
2025-07-02,LG Energy Solution,373220.KS,295500.0,303000.0,291500.0,302500.0,302500.0,292735.0
2025-07-03,LG Energy Solution,373220.KS,304500.0,325000.0,303000.0,318500.0,318500.0,640510.0
2025-07-04,LG Energy Solution,373220.KS,313000.0,314500.0,307000.0,310500.0,310500.0,237717.0
2025-07-07,LG Energy Solution,373220.KS,327500.0,331000.0,306500.0,315000.0,315000.0,610772.0
2025-07-08,LG Energy Solution,373220.KS,314000.0,318500.0,305000.0,307000.0,307000.0,325080.0
2025-07-09,LG Energy Solution,373220.KS,310000.0,316000.0,302000.0,305000.0,305000.0,246419.0
2025-07-10,LG Energy Solution,373220.KS,309500.0,318000.0,307000.0,318000.0,318000.0,583717.0
2025-07-11,LG Energy Solution,373220.KS,316000.0,326000.0,315000.0,321500.0,321500.0,390914.0
2025-07-14,LG Energy Solution,373220.KS,321000.0,321000.0,313500.0,315000.0,315000.0,191507.0
2025-07-15,LG Energy Solution,373220.KS,317000.0,319000.0,314500.0,316500.0,316500.0,137843.0
2025-07-16,LG Energy Solution,373220.KS,315000.0,315500.0,310500.0,311000.0,311000.0,155707.0
2025-07-17,LG Energy Solution,373220.KS,314500.0,318500.0,310500.0,317000.0,317000.0,146499.0
2025-07-18,LG Energy Solution,373220.KS,317000.0,323000.0,317000.0,322500.0,322500.0,281309.0
2025-07-21,LG Energy Solution,373220.KS,324500.0,333000.0,320000.0,331000.0,331000.0,329882.0
2025-07-22,LG Energy Solution,373220.KS,333000.0,341500.0,330000.0,333500.0,333500.0,298394.0
2025-07-23,LG Energy Solution,373220.KS,337500.0,339500.0,330000.0,336500.0,336500.0,177219.0
2025-07-24,LG Energy Solution,373220.KS,340500.0,370000.0,340000.0,368000.0,368000.0,1038021.0
2025-07-25,LG Energy Solution,373220.KS,363500.0,366500.0,356500.0,363500.0,363500.0,379275.0
2025-07-28,LG Energy Solution,373220.KS,369500.0,384000.0,369500.0,380500.0,380500.0,716214.0
2025-07-29,LG Energy Solution,373220.KS,373000.0,394500.0,370000.0,392000.0,392000.0,623554.0
2025-07-30,LG Energy Solution,373220.KS,390500.0,397000.0,382500.0,393000.0,393000.0,676449.0
2025-07-31,LG Energy Solution,373220.KS,400500.0,403000.0,377000.0,382500.0,382500.0,694580.0
2025-08-01,LG Energy Solution,373220.KS,382500.0,385000.0,371500.0,373000.0,373000.0,339780.0
2025-08-04,LG Energy Solution,373220.KS,379000.0,381000.0,369000.0,375500.0,375500.0,299735.0
2025-08-05,LG Energy Solution,373220.KS,380500.0,393500.0,380000.0,386500.0,386500.0,457186.0
2025-08-06,LG Energy Solution,373220.KS,382500.0,391000.0,379500.0,384000.0,384000.0,308979.0
2025-08-07,LG Energy Solution,373220.KS,387000.0,390000.0,380500.0,386500.0,386500.0,208461.0
2025-08-08,LG Energy Solution,373220.KS,385000.0,385500.0,374000.0,378500.0,378500.0,268294.0
2025-08-11,LG Energy Solution,373220.KS,382500.0,390000.0,380000.0,389000.0,389000.0,317685.0
2025-08-12,LG Energy Solution,373220.KS,384500.0,394500.0,382500.0,388500.0,388500.0,199075.0
2025-08-13,LG Energy Solution,373220.KS,392500.0,392500.0,383000.0,389500.0,389500.0,161247.0
2025-08-14,LG Energy Solution,373220.KS,391000.0,399500.0,391000.0,394000.0,394000.0,316057.0
2025-08-18,LG Energy Solution,373220.KS,392000.0,393000.0,382500.0,383000.0,383000.0,187924.0
2025-08-19,LG Energy Solution,373220.KS,384000.0,386500.0,378000.0,384000.0,384000.0,108072.0
2025-08-20,LG Energy Solution,373220.KS,378500.0,383500.0,375000.0,377500.0,377500.0,149517.0
2025-08-21,LG Energy Solution,373220.KS,379000.0,382000.0,371000.0,372500.0,372500.0,166077.0
2025-08-22,LG Energy Solution,373220.KS,373000.0,376000.0,365000.0,367500.0,367500.0,168692.0
2025-08-25,LG Energy Solution,373220.KS,373000.0,380000.0,371000.0,380000.0,380000.0,131387.0
2025-08-26,LG Energy Solution,373220.KS,377500.0,386000.0,377500.0,381000.0,381000.0,167140.0
2025-08-27,LG Energy Solution,373220.KS,382500.0,382500.0,372000.0,373500.0,373500.0,146277.0
2025-08-28,LG Energy Solution,373220.KS,374500.0,377000.0,363000.0,364000.0,364000.0,166059.0
2025-08-29,LG Energy Solution,373220.KS,367000.0,367000.0,351500.0,352000.0,352000.0,285675.0
2025-09-01,LG Energy Solution,373220.KS,352000.0,353500.0,345000.0,349000.0,349000.0,122899.0
2025-09-02,LG Energy Solution,373220.KS,349500.0,351500.0,345000.0,350000.0,350000.0,144808.0
2025-09-03,LG Energy Solution,373220.KS,353500.0,359500.0,347000.0,348500.0,348500.0,222771.0
2025-09-04,LG Energy Solution,373220.KS,365500.0,365500.0,350000.0,351000.0,351000.0,381451.0
2025-09-05,LG Energy Solution,373220.KS,350500.0,351000.0,342000.0,343000.0,343000.0,199629.0
2025-09-08,LG Energy Solution,373220.KS,337000.0,345500.0,336500.0,343500.0,343500.0,185815.0
2025-09-09,LG Energy Solution,373220.KS,344500.0,349000.0,341500.0,347000.0,347000.0,169345.0
2025-09-10,LG Energy Solution,373220.KS,347500.0,347500.0,339500.0,340500.0,340500.0,246196.0
2025-09-11,LG Energy Solution,373220.KS,347500.0,353000.0,344000.0,350000.0,350000.0,381294.0
2025-09-12,LG Energy Solution,373220.KS,354500.0,356500.0,350500.0,355500.0,355500.0,292617.0
2025-09-15,LG Energy Solution,373220.KS,356000.0,359000.0,352500.0,355500.0,355500.0,211120.0
2025-09-16,LG Energy Solution,373220.KS,357000.0,359000.0,346500.0,349500.0,349500.0,293554.0
2025-09-17,LG Energy Solution,373220.KS,351000.0,356000.0,348000.0,350000.0,350000.0,184541.0
2025-09-18,LG Energy Solution,373220.KS,351500.0,354500.0,347000.0,350500.0,350500.0,173795.0
2025-09-19,LG Energy Solution,373220.KS,,,,,,
2025-09-22,LG Energy Solution,373220.KS,350000.0,355000.0,348000.0,349000.0,349000.0,137479.0
2025-09-23,LG Energy Solution,373220.KS,348500.0,357000.0,347000.0,357000.0,357000.0,177389.0
2025-09-24,LG Energy Solution,373220.KS,358500.0,361500.0,346500.0,348000.0,348000.0,185199.0
2025-09-25,LG Energy Solution,373220.KS,349500.0,363000.0,345500.0,361500.0,361500.0,297003.0
2025-09-26,LG Energy Solution,373220.KS,356000.0,356000.0,349000.0,349000.0,349000.0,122326.0
2025-09-29,LG Energy Solution,373220.KS,350500.0,353500.0,349000.0,351500.0,351500.0,134044.0
2025-09-30,LG Energy Solution,373220.KS,348500.0,355000.0,346500.0,347500.0,347500.0,138045.0
2025-10-01,LG Energy Solution,373220.KS,349000.0,351000.0,341000.0,347500.0,347500.0,141477.0
2025-10-02,LG Energy Solution,373220.KS,350000.0,399000.0,347500.0,399000.0,399000.0,644612.0
2025-10-10,LG Energy Solution,373220.KS,367500.0,367500.0,352500.0,359500.0,359500.0,541859.0
2025-10-13,LG Energy Solution,373220.KS,363500.0,366500.0,352500.0,360000.0,360000.0,378056.0
2025-10-14,LG Energy Solution,373220.KS,361000.0,389500.0,361000.0,385000.0,385000.0,859960.0
2025-10-15,LG Energy Solution,373220.KS,384000.0,387500.0,375000.0,386500.0,386500.0,320758.0
2025-10-16,LG Energy Solution,373220.KS,385500.0,421000.0,385500.0,420500.0,420500.0,874761.0
2025-10-17,LG Energy Solution,373220.KS,416000.0,443000.0,411500.0,434000.0,434000.0,946272.0
2025-10-20,LG Energy Solution,373220.KS,433000.0,435000.0,421000.0,432500.0,432500.0,382756.0
2025-10-21,LG Energy Solution,373220.KS,432500.0,449500.0,431000.0,437000.0,437000.0,462927.0
2025-10-22,LG Energy Solution,373220.KS,444000.0,458500.0,441000.0,454500.0,454500.0,608320.0
2025-10-23,LG Energy Solution,373220.KS,451000.0,457000.0,443000.0,447500.0,447500.0,300756.0
2025-10-24,LG Energy Solution,373220.KS,452000.0,496000.0,448500.0,492000.0,492000.0,976594.0
2025-10-27,LG Energy Solution,373220.KS,495000.0,499500.0,480000.0,495000.0,495000.0,599572.0
2025-10-28,LG Energy Solution,373220.KS,494500.0,510000.0,485500.0,510000.0,510000.0,560608.0
2025-10-29,LG Energy Solution,373220.KS,510000.0,527000.0,505000.0,514000.0,514000.0,439194.0
2025-10-30,LG Energy Solution,373220.KS,511000.0,522000.0,483000.0,486500.0,486500.0,728528.0
2025-10-31,LG Energy Solution,373220.KS,476500.0,491500.0,469500.0,473000.0,473000.0,499652.0
2025-11-03,LG Energy Solution,373220.KS,480000.0,480500.0,465500.0,475500.0,475500.0,337955.0
2025-11-04,LG Energy Solution,373220.KS,490000.0,492000.0,472000.0,473000.0,473000.0,397941.0
2025-11-05,LG Energy Solution,373220.KS,469000.0,472000.0,452000.0,464000.0,464000.0,443887.0
2025-11-06,LG Energy Solution,373220.KS,481500.0,495000.0,469500.0,470000.0,470000.0,600184.0
2025-11-07,LG Energy Solution,373220.KS,470000.0,481000.0,457000.0,463500.0,463500.0,279860.0
2025-11-10,LG Energy Solution,373220.KS,465500.0,470000.0,457500.0,465500.0,465500.0,244077.0
2025-11-11,LG Energy Solution,373220.KS,471500.0,490000.0,467500.0,473000.0,473000.0,396429.0
2025-11-12,LG Energy Solution,373220.KS,481500.0,481500.0,470500.0,475500.0,475500.0,258727.0
2025-11-13,LG Energy Solution,373220.KS,475000.0,491500.0,468000.0,484500.0,484500.0,617757.0
2025-11-14,LG Energy Solution,373220.KS,470000.0,480500.0,461000.0,463000.0,463000.0,282819.0
2025-11-17,LG Energy Solution,373220.KS,469000.0,469000.0,456000.0,463000.0,463000.0,157725.0
2025-11-18,LG Energy Solution,373220.KS,461000.0,465500.0,443000.0,443000.0,443000.0,291156.0
2025-11-19,LG Energy Solution,373220.KS,444000.0,446000.0,428500.0,437500.0,437500.0,249097.0
2025-11-20,LG Energy Solution,373220.KS,445500.0,449500.0,440500.0,441000.0,441000.0,156626.0
2025-11-21,LG Energy Solution,373220.KS,428000.0,432000.0,422500.0,425500.0,425500.0,242702.0
2025-11-24,LG Energy Solution,373220.KS,429500.0,429500.0,412000.0,412000.0,412000.0,438358.0
2025-11-25,LG Energy Solution,373220.KS,419500.0,419500.0,412000.0,413500.0,413500.0,240842.0
2025-11-26,LG Energy Solution,373220.KS,419000.0,436000.0,418500.0,435500.0,435500.0,415285.0
2025-11-27,LG Energy Solution,373220.KS,437000.0,444500.0,432500.0,438000.0,438000.0,363930.0
2025-11-28,LG Energy Solution,373220.KS,441500.0,442500.0,408000.0,408000.0,408000.0,712913.0
2025-12-01,LG Energy Solution,373220.KS,411500.0,417500.0,406000.0,413000.0,413000.0,286573.0
2025-12-02,LG Energy Solution,373220.KS,415000.0,416000.0,410000.0,415000.0,415000.0,200833.0
2025-12-03,LG Energy Solution,373220.KS,416000.0,424500.0,413500.0,418000.0,418000.0,231552.0
2025-12-04,LG Energy Solution,373220.KS,420500.0,422500.0,405500.0,410000.0,410000.0,381430.0
2025-12-05,LG Energy Solution,373220.KS,413500.0,427000.0,412500.0,426000.0,426000.0,438931.0
2025-12-08,LG Energy Solution,373220.KS,435500.0,455000.0,425000.0,451500.0,451500.0,593075.0
2025-12-09,LG Energy Solution,373220.KS,444000.0,451000.0,438500.0,443500.0,443500.0,232158.0
2025-12-10,LG Energy Solution,373220.KS,451000.0,452500.0,438500.0,441500.0,441500.0,204015.0
2025-12-11,LG Energy Solution,373220.KS,446000.0,446000.0,433000.0,446000.0,446000.0,715032.0
2025-12-12,LG Energy Solution,373220.KS,445000.0,446500.0,437500.0,445500.0,445500.0,215489.0
2025-12-15,LG Energy Solution,373220.KS,439000.0,449000.0,433500.0,442500.0,442500.0,192535.0
2025-12-16,LG Energy Solution,373220.KS,441000.0,441500.0,414000.0,418000.0,418000.0,397656.0
2025-12-17,LG Energy Solution,373220.KS,422500.0,425500.0,413000.0,415500.0,415500.0,265161.0
2025-12-18,LG Energy Solution,373220.KS,392000.0,393500.0,377000.0,378500.0,378500.0,720096.0
2025-12-19,LG Energy Solution,373220.KS,381000.0,381000.0,365500.0,379000.0,379000.0,641564.0
2025-12-22,LG Energy Solution,373220.KS,385000.0,391500.0,380000.0,389500.0,389500.0,297525.0
2025-12-23,LG Energy Solution,373220.KS,391000.0,392000.0,383500.0,388000.0,388000.0,184844.0
2025-12-24,LG Energy Solution,373220.KS,390500.0,398500.0,388000.0,390500.0,390500.0,173638.0
2025-12-26,LG Energy Solution,373220.KS,391500.0,391500.0,381000.0,383500.0,383500.0,206573.0
2025-12-29,LG Energy Solution,373220.KS,370000.0,381500.0,367000.0,380000.0,380000.0,348113.0
2025-12-30,LG Energy Solution,373220.KS,375000.0,375000.0,366000.0,368500.0,368500.0,344347.0
2025-01-02,Samsung Biologics,207940.KS,1460659.125,1463734.25,1420683.25,1436058.625,1436058.625,35714.0
2025-01-03,Samsung Biologics,207940.KS,1436058.625,1462196.625,1432983.5,1445283.75,1445283.75,28664.0
2025-01-06,Samsung Biologics,207940.KS,1445283.75,1457584.125,1432983.5,1454509.0,1454509.0,29158.0
2025-01-07,Samsung Biologics,207940.KS,1462196.625,1545223.625,1460659.125,1511397.875,1511397.875,98642.0
2025-01-08,Samsung Biologics,207940.KS,1523698.125,1554448.875,1520623.0,1549836.25,1549836.25,69690.0
2025-01-09,Samsung Biologics,207940.KS,1537536.0,1559061.5,1525235.625,1546761.125,1546761.125,32388.0
2025-01-10,Samsung Biologics,207940.KS,1539073.5,1568286.625,1535998.375,1537536.0,1537536.0,27528.0
2025-01-13,Samsung Biologics,207940.KS,1546761.125,1605187.5,1545223.625,1555986.375,1555986.375,47063.0
2025-01-14,Samsung Biologics,207940.KS,1612875.25,1632863.125,1565211.625,1574436.75,1574436.75,63716.0
2025-01-15,Samsung Biologics,207940.KS,1592887.25,1608262.625,1568286.625,1568286.625,1568286.625,46506.0
2025-01-16,Samsung Biologics,207940.KS,1579049.375,1619025.375,1579049.375,1602112.5,1602112.5,56042.0
2025-01-17,Samsung Biologics,207940.KS,1592887.25,1595962.25,1560599.0,1560599.0,1560599.0,31039.0
2025-01-20,Samsung Biologics,207940.KS,1571361.75,1583662.0,1557523.875,1560599.0,1560599.0,25263.0
2025-01-21,Samsung Biologics,207940.KS,1572899.25,1579049.375,1537536.0,1539073.5,1539073.5,29762.0
2025-01-22,Samsung Biologics,207940.KS,1554448.875,1594424.75,1545223.625,1559061.5,1559061.5,43429.0
2025-01-23,Samsung Biologics,207940.KS,1572899.25,1657463.75,1571361.75,1619025.375,1619025.375,104456.0
2025-01-24,Samsung Biologics,207940.KS,1648238.5,1678989.25,1634400.75,1671301.625,1671301.625,69477.0
2025-01-31,Samsung Biologics,207940.KS,1683601.875,1691289.5,1639013.375,1662076.375,1662076.375,53778.0
2025-02-03,Samsung Biologics,207940.KS,1640550.875,1683601.875,1592887.25,1683601.875,1683601.875,65788.0
2025-02-04,Samsung Biologics,207940.KS,1689752.0,1691289.5,1642088.375,1648238.5,1648238.5,65389.0
2025-02-05,Samsung Biologics,207940.KS,1649776.125,1677451.75,1632863.125,1668226.5,1668226.5,37991.0
2025-02-06,Samsung Biologics,207940.KS,1683601.875,1683601.875,1660538.875,1674376.625,1674376.625,30810.0
2025-02-07,Samsung Biologics,207940.KS,1675914.125,1791229.375,1671301.625,1783541.75,1783541.75,123718.0
2025-02-10,Samsung Biologics,207940.KS,1783541.75,1788154.25,1732803.0,1737415.625,1737415.625,63663.0
2025-02-11,Samsung Biologics,207940.KS,1737415.625,1825055.125,1737415.625,1805067.25,1805067.25,59391.0
2025-02-12,Samsung Biologics,207940.KS,1786616.75,1797379.5,1748178.375,1778929.125,1778929.125,55916.0
2025-02-13,Samsung Biologics,207940.KS,1789691.875,1823517.625,1769703.875,1812754.875,1812754.875,52024.0
2025-02-14,Samsung Biologics,207940.KS,1825055.125,1858881.0,1805067.25,1814292.375,1814292.375,61612.0
2025-02-17,Samsung Biologics,207940.KS,1823517.625,1823517.625,1791229.375,1821980.125,1821980.125,30120.0
2025-02-18,Samsung Biologics,207940.KS,1809679.75,1826592.75,1788154.25,1806604.75,1806604.75,35283.0
2025-02-19,Samsung Biologics,207940.KS,1788154.25,1815830.0,1768166.375,1777391.5,1777391.5,50609.0
2025-02-20,Samsung Biologics,207940.KS,1768166.375,1777391.5,1731265.5,1766628.75,1766628.75,51057.0
2025-02-21,Samsung Biologics,207940.KS,1748178.375,1783541.75,1743565.75,1778929.125,1778929.125,30277.0
2025-02-24,Samsung Biologics,207940.KS,1763553.75,1777391.5,1749715.875,1769703.875,1769703.875,23141.0
2025-02-25,Samsung Biologics,207940.KS,1755866.0,1848118.25,1752791.0,1811217.375,1811217.375,70784.0
2025-02-26,Samsung Biologics,207940.KS,1815830.0,1825055.125,1765091.25,1795842.0,1795842.0,37683.0
2025-02-27,Samsung Biologics,207940.KS,1792766.875,1801992.125,1769703.875,1782004.125,1782004.125,23490.0
2025-02-28,Samsung Biologics,207940.KS,1765091.25,1775854.0,1712815.0,1715890.125,1715890.125,65764.0
2025-03-04,Samsung Biologics,207940.KS,1712815.0,1760478.625,1706664.875,1722040.25,1722040.25,29127.0
2025-03-05,Samsung Biologics,207940.KS,1729727.875,1766628.75,1722040.25,1757403.625,1757403.625,33993.0
2025-03-06,Samsung Biologics,207940.KS,1763553.75,1763553.75,1731265.5,1737415.625,1737415.625,27899.0
2025-03-07,Samsung Biologics,207940.KS,1723577.75,1728190.375,1691289.5,1691289.5,1691289.5,32477.0
2025-03-10,Samsung Biologics,207940.KS,1671301.625,1682064.375,1632863.125,1665151.375,1665151.375,41594.0
2025-03-11,Samsung Biologics,207940.KS,1629788.125,1660538.875,1622100.375,1642088.375,1642088.375,30229.0
2025-03-12,Samsung Biologics,207940.KS,1637475.75,1669764.0,1629788.125,1659001.25,1659001.25,36345.0
2025-03-13,Samsung Biologics,207940.KS,1659001.25,1671301.625,1614412.75,1619025.375,1619025.375,71794.0
2025-03-14,Samsung Biologics,207940.KS,1619025.375,1620562.875,1586737.125,1615950.25,1615950.25,52310.0
2025-03-17,Samsung Biologics,207940.KS,1632863.125,1643625.875,1614412.75,1643625.875,1643625.875,35032.0
2025-03-18,Samsung Biologics,207940.KS,1655926.25,1672839.125,1640550.875,1666689.0,1666689.0,29028.0
2025-03-19,Samsung Biologics,207940.KS,1677451.75,1694364.625,1652851.125,1659001.25,1659001.25,25472.0
2025-03-20,Samsung Biologics,207940.KS,1671301.625,1675914.125,1635938.25,1648238.5,1648238.5,28459.0
2025-03-21,Samsung Biologics,207940.KS,1629788.125,1683601.875,1629788.125,1683601.875,1683601.875,58133.0
2025-03-24,Samsung Biologics,207940.KS,1668226.5,1674376.625,1651313.625,1657463.75,1657463.75,15373.0
2025-03-25,Samsung Biologics,207940.KS,1655926.25,1665151.375,1631325.625,1651313.625,1651313.625,28035.0
2025-03-26,Samsung Biologics,207940.KS,1655926.25,1660538.875,1625175.5,1648238.5,1648238.5,22953.0
2025-03-27,Samsung Biologics,207940.KS,1629788.125,1643625.875,1625175.5,1628250.5,1628250.5,14641.0
2025-03-28,Samsung Biologics,207940.KS,1634400.75,1635938.25,1600574.875,1612875.25,1612875.25,16504.0
2025-03-31,Samsung Biologics,207940.KS,1579049.375,1595962.25,1559061.5,1559061.5,1559061.5,36100.0
2025-04-01,Samsung Biologics,207940.KS,1575974.375,1642088.375,1569824.25,1626713.0,1626713.0,41121.0
2025-04-02,Samsung Biologics,207940.KS,1614412.75,1625175.5,1589812.125,1614412.75,1614412.75,33754.0
2025-04-03,Samsung Biologics,207940.KS,1591349.75,1732803.0,1591349.75,1711277.5,1711277.5,92055.0
2025-04-04,Samsung Biologics,207940.KS,1688214.5,1706664.875,1629788.125,1643625.875,1643625.875,66027.0
2025-04-07,Samsung Biologics,207940.KS,1560599.0,1575974.375,1542148.5,1549836.25,1549836.25,72897.0
2025-04-08,Samsung Biologics,207940.KS,1568286.625,1588274.625,1539073.5,1543686.125,1543686.125,91346.0
2025-04-09,Samsung Biologics,207940.KS,1534460.875,1549836.25,1517548.0,1525235.625,1525235.625,66433.0
2025-04-10,Samsung Biologics,207940.KS,1537536.0,1583662.0,1534460.875,1566749.125,1566749.125,113646.0
2025-04-11,Samsung Biologics,207940.KS,1546761.125,1611337.625,1542148.5,1606725.0,1606725.0,49174.0
2025-04-14,Samsung Biologics,207940.KS,1611337.625,1611337.625,1583662.0,1595962.25,1595962.25,31086.0
2025-04-15,Samsung Biologics,207940.KS,1591349.75,1603650.0,1568286.625,1589812.125,1589812.125,43346.0
2025-04-16,Samsung Biologics,207940.KS,1594424.75,1605187.5,1566749.125,1572899.25,1572899.25,27933.0
2025-04-17,Samsung Biologics,207940.KS,1580587.0,1635938.25,1577511.875,1628250.5,1628250.5,54033.0
2025-04-18,Samsung Biologics,207940.KS,1631325.625,1632863.125,1608262.625,1612875.25,1612875.25,18594.0
2025-04-21,Samsung Biologics,207940.KS,1619025.375,1659001.25,1609800.125,1648238.5,1648238.5,26033.0
2025-04-22,Samsung Biologics,207940.KS,1645163.5,1666689.0,1635938.25,1652851.125,1652851.125,42018.0
2025-04-23,Samsung Biologics,207940.KS,1665151.375,1666689.0,1608262.625,1639013.375,1639013.375,55727.0
2025-04-24,Samsung Biologics,207940.KS,1646701.0,1652851.125,1582124.5,1608262.625,1608262.625,79113.0
2025-04-25,Samsung Biologics,207940.KS,1609800.125,1614412.75,1582124.5,1591349.75,1591349.75,60864.0
2025-04-28,Samsung Biologics,207940.KS,1603650.0,1606725.0,1583662.0,1594424.75,1594424.75,37278.0
2025-04-29,Samsung Biologics,207940.KS,1600574.875,1622100.375,1591349.75,1619025.375,1619025.375,40720.0
2025-04-30,Samsung Biologics,207940.KS,1609800.125,1620562.875,1600574.875,1617487.75,1617487.75,35919.0
2025-05-02,Samsung Biologics,207940.KS,1603650.0,1669764.0,1602112.5,1668226.5,1668226.5,48109.0
2025-05-07,Samsung Biologics,207940.KS,1645163.5,1645163.5,1589812.125,1600574.875,1600574.875,77963.0
2025-05-08,Samsung Biologics,207940.KS,1609800.125,1622100.375,1592887.25,1592887.25,1592887.25,44163.0
2025-05-09,Samsung Biologics,207940.KS,1602112.5,1603650.0,1586737.125,1599037.375,1599037.375,24424.0
2025-05-12,Samsung Biologics,207940.KS,1600574.875,1602112.5,1520623.0,1523698.125,1523698.125,94148.0
2025-05-13,Samsung Biologics,207940.KS,1535998.375,1557523.875,1529848.25,1537536.0,1537536.0,60010.0
2025-05-14,Samsung Biologics,207940.KS,1531385.75,1559061.5,1520623.0,1545223.625,1545223.625,44175.0
2025-05-15,Samsung Biologics,207940.KS,1531385.75,1546761.125,1529848.25,1534460.875,1534460.875,24790.0
2025-05-16,Samsung Biologics,207940.KS,1537536.0,1548298.75,1532923.375,1540611.0,1540611.0,20424.0
2025-05-19,Samsung Biologics,207940.KS,1540611.0,1602112.5,1540611.0,1580587.0,1580587.0,50776.0
2025-05-20,Samsung Biologics,207940.KS,1588274.625,1594424.75,1569824.25,1579049.375,1579049.375,36217.0
2025-05-21,Samsung Biologics,207940.KS,1588274.625,1720502.75,1586737.125,1691289.5,1691289.5,139250.0
2025-05-22,Samsung Biologics,207940.KS,1785079.25,1829667.75,1649776.125,1660538.875,1660538.875,154990.0
2025-05-23,Samsung Biologics,207940.KS,1660538.875,1666689.0,1562136.5,1562136.5,1562136.5,70624.0
2025-05-26,Samsung Biologics,207940.KS,1583662.0,1603650.0,1557523.875,1603650.0,1603650.0,62281.0
2025-05-27,Samsung Biologics,207940.KS,1588274.625,1602112.5,1572899.25,1577511.875,1577511.875,41111.0
2025-05-28,Samsung Biologics,207940.KS,1580587.0,1595962.25,1572899.25,1580587.0,1580587.0,25834.0
2025-05-29,Samsung Biologics,207940.KS,1589812.125,1594424.75,1560599.0,1577511.875,1577511.875,58473.0
2025-05-30,Samsung Biologics,207940.KS,1571361.75,1612875.25,1566749.125,1586737.125,1586737.125,75542.0
2025-06-02,Samsung Biologics,207940.KS,1572899.25,1603650.0,1572899.25,1585199.5,1585199.5,30596.0
2025-06-04,Samsung Biologics,207940.KS,1585199.5,1599037.375,1575974.375,1589812.125,1589812.125,51654.0
2025-06-05,Samsung Biologics,207940.KS,1579049.375,1599037.375,1560599.0,1566749.125,1566749.125,59101.0
2025-06-09,Samsung Biologics,207940.KS,1572899.25,1592887.25,1562136.5,1588274.625,1588274.625,50657.0
2025-06-10,Samsung Biologics,207940.KS,1589812.125,1600574.875,1572899.25,1599037.375,1599037.375,48482.0
2025-06-11,Samsung Biologics,207940.KS,1595962.25,1611337.625,1586737.125,1603650.0,1603650.0,40848.0
2025-06-12,Samsung Biologics,207940.KS,1595962.25,1602112.5,1575974.375,1582124.5,1582124.5,62955.0
2025-06-13,Samsung Biologics,207940.KS,1583662.0,1591349.75,1549836.25,1566749.125,1566749.125,61962.0
2025-06-16,Samsung Biologics,207940.KS,1566749.125,1569824.25,1551373.75,1560599.0,1560599.0,31923.0
2025-06-17,Samsung Biologics,207940.KS,1566749.125,1574436.75,1546761.125,1552911.25,1552911.25,47002.0
2025-06-18,Samsung Biologics,207940.KS,1542148.5,1549836.25,1531385.75,1543686.125,1543686.125,42957.0
2025-06-19,Samsung Biologics,207940.KS,1546761.125,1546761.125,1531385.75,1535998.375,1535998.375,29592.0
2025-06-20,Samsung Biologics,207940.KS,1543686.125,1569824.25,1537536.0,1562136.5,1562136.5,80777.0
2025-06-23,Samsung Biologics,207940.KS,1542148.5,1542148.5,1522160.625,1525235.625,1525235.625,45934.0
2025-06-24,Samsung Biologics,207940.KS,1543686.125,1546761.125,1534460.875,1543686.125,1543686.125,46513.0
2025-06-25,Samsung Biologics,207940.KS,1537536.0,1552911.25,1523698.125,1543686.125,1543686.125,37421.0
2025-06-26,Samsung Biologics,207940.KS,1548298.75,1552911.25,1525235.625,1535998.375,1535998.375,36088.0
2025-06-27,Samsung Biologics,207940.KS,1543686.125,1545223.625,1526773.25,1531385.75,1531385.75,24751.0
2025-06-30,Samsung Biologics,207940.KS,1539073.5,1539073.5,1525235.625,1525235.625,1525235.625,28974.0
2025-07-01,Samsung Biologics,207940.KS,1528310.75,1542148.5,1528310.75,1542148.5,1542148.5,36267.0
2025-07-02,Samsung Biologics,207940.KS,1535998.375,1575974.375,1528310.75,1551373.75,1551373.75,48273.0
2025-07-03,Samsung Biologics,207940.KS,1560599.0,1619025.375,1540611.0,1605187.5,1605187.5,81791.0
2025-07-04,Samsung Biologics,207940.KS,1619025.375,1623638.0,1583662.0,1595962.25,1595962.25,52500.0
2025-07-07,Samsung Biologics,207940.KS,1597499.875,1599037.375,1574436.75,1582124.5,1582124.5,29429.0
2025-07-08,Samsung Biologics,207940.KS,1583662.0,1591349.75,1548298.75,1557523.875,1557523.875,45464.0
2025-07-09,Samsung Biologics,207940.KS,1563674.0,1575974.375,1549836.25,1565211.625,1565211.625,32754.0
2025-07-10,Samsung Biologics,207940.KS,1566749.125,1671301.625,1565211.625,1660538.875,1660538.875,134478.0
2025-07-11,Samsung Biologics,207940.KS,1640550.875,1666689.0,1625175.5,1625175.5,1625175.5,210949.0
2025-07-14,Samsung Biologics,207940.KS,1620562.875,1628250.5,1594424.75,1602112.5,1602112.5,36288.0
2025-07-15,Samsung Biologics,207940.KS,1599037.375,1614412.75,1572899.25,1585199.5,1585199.5,49955.0
2025-07-16,Samsung Biologics,207940.KS,1580587.0,1592887.25,1572899.25,1588274.625,1588274.625,31196.0
2025-07-17,Samsung Biologics,207940.KS,1611337.625,1666689.0,1594424.75,1645163.5,1645163.5,69142.0
2025-07-18,Samsung Biologics,207940.KS,1660538.875,1660538.875,1588274.625,1615950.25,1615950.25,49450.0
2025-07-21,Samsung Biologics,207940.KS,1620562.875,1625175.5,1591349.75,1597499.875,1597499.875,37506.0
2025-07-22,Samsung Biologics,207940.KS,1597499.875,1615950.25,1592887.25,1602112.5,1602112.5,30784.0
2025-07-23,Samsung Biologics,207940.KS,1626713.0,1657463.75,1608262.625,1635938.25,1635938.25,69750.0
2025-07-24,Samsung Biologics,207940.KS,1660538.875,1737415.625,1657463.75,1672839.125,1672839.125,120154.0
2025-07-25,Samsung Biologics,207940.KS,1674376.625,1674376.625,1632863.125,1639013.375,1639013.375,37711.0
2025-07-28,Samsung Biologics,207940.KS,1657463.75,1659001.25,1620562.875,1640550.875,1640550.875,40412.0
2025-07-29,Samsung Biologics,207940.KS,1645163.5,1683601.875,1645163.5,1672839.125,1672839.125,41676.0
2025-07-30,Samsung Biologics,207940.KS,1657463.75,1703589.875,1657463.75,1688214.5,1688214.5,59564.0
2025-07-31,Samsung Biologics,207940.KS,1683601.875,1694364.625,1629788.125,1640550.875,1640550.875,45439.0
2025-08-01,Samsung Biologics,207940.KS,1625175.5,1645163.5,1582124.5,1589812.125,1589812.125,52794.0
2025-08-04,Samsung Biologics,207940.KS,1600574.875,1619025.375,1582124.5,1611337.625,1611337.625,31782.0
2025-08-05,Samsung Biologics,207940.KS,1631325.625,1642088.375,1612875.25,1615950.25,1615950.25,26927.0
2025-08-06,Samsung Biologics,207940.KS,1597499.875,1599037.375,1580587.0,1585199.5,1585199.5,28266.0
2025-08-07,Samsung Biologics,207940.KS,1591349.75,1592887.25,1566749.125,1582124.5,1582124.5,25092.0
2025-08-08,Samsung Biologics,207940.KS,1583662.0,1583662.0,1566749.125,1571361.75,1571361.75,31303.0
2025-08-11,Samsung Biologics,207940.KS,1580587.0,1605187.5,1575974.375,1586737.125,1586737.125,23335.0
2025-08-12,Samsung Biologics,207940.KS,1580587.0,1599037.375,1568286.625,1569824.25,1569824.25,26812.0
2025-08-13,Samsung Biologics,207940.KS,1583662.0,1599037.375,1577511.875,1599037.375,1599037.375,23023.0
2025-08-14,Samsung Biologics,207940.KS,1614412.75,1614412.75,1585199.5,1588274.625,1588274.625,27613.0
2025-08-18,Samsung Biologics,207940.KS,1597499.875,1614412.75,1577511.875,1580587.0,1580587.0,26275.0
2025-08-19,Samsung Biologics,207940.KS,1589812.125,1594424.75,1569824.25,1574436.75,1574436.75,22071.0
2025-08-20,Samsung Biologics,207940.KS,1583662.0,1583662.0,1554448.875,1566749.125,1566749.125,26668.0
2025-08-21,Samsung Biologics,207940.KS,1575974.375,1580587.0,1562136.5,1563674.0,1563674.0,19234.0
2025-08-22,Samsung Biologics,207940.KS,1574436.75,1597499.875,1566749.125,1583662.0,1583662.0,29587.0
2025-08-25,Samsung Biologics,207940.KS,1594424.75,1600574.875,1575974.375,1583662.0,1583662.0,27323.0
2025-08-26,Samsung Biologics,207940.KS,1574436.75,1592887.25,1566749.125,1566749.125,1566749.125,51364.0
2025-08-27,Samsung Biologics,207940.KS,1566749.125,1580587.0,1563674.0,1568286.625,1568286.625,23996.0
2025-08-28,Samsung Biologics,207940.KS,1568286.625,1575974.375,1555986.375,1555986.375,1555986.375,33666.0
2025-08-29,Samsung Biologics,207940.KS,1557523.875,1565211.625,1537536.0,1539073.5,1539073.5,52214.0
2025-09-01,Samsung Biologics,207940.KS,1540611.0,1546761.125,1529848.25,1531385.75,1531385.75,39242.0
2025-09-02,Samsung Biologics,207940.KS,1543686.125,1548298.75,1526773.25,1532923.375,1532923.375,32514.0
2025-09-03,Samsung Biologics,207940.KS,1529848.25,1560599.0,1529848.25,1555986.375,1555986.375,30374.0
2025-09-04,Samsung Biologics,207940.KS,1546761.125,1563674.0,1546761.125,1563674.0,1563674.0,33944.0
2025-09-05,Samsung Biologics,207940.KS,1560599.0,1585199.5,1560599.0,1583662.0,1583662.0,34131.0
2025-09-08,Samsung Biologics,207940.KS,1586737.125,1597499.875,1577511.875,1585199.5,1585199.5,21287.0
2025-09-09,Samsung Biologics,207940.KS,1619025.375,1634400.75,1583662.0,1600574.875,1600574.875,48703.0
2025-09-10,Samsung Biologics,207940.KS,1600574.875,1603650.0,1585199.5,1589812.125,1589812.125,35699.0
2025-09-11,Samsung Biologics,207940.KS,1595962.25,1615950.25,1585199.5,1592887.25,1592887.25,67957.0
2025-09-12,Samsung Biologics,207940.KS,1594424.75,1597499.875,1577511.875,1595962.25,1595962.25,51073.0
2025-09-15,Samsung Biologics,207940.KS,1586737.125,1602112.5,1579049.375,1599037.375,1599037.375,41809.0
2025-09-16,Samsung Biologics,207940.KS,1589812.125,1599037.375,1586737.125,1592887.25,1592887.25,32052.0
2025-09-17,Samsung Biologics,207940.KS,1582124.5,1589812.125,1566749.125,1568286.625,1568286.625,46871.0
2025-09-18,Samsung Biologics,207940.KS,1572899.25,1583662.0,1565211.625,1569824.25,1569824.25,33344.0
2025-09-19,Samsung Biologics,207940.KS,,,,,,
2025-09-22,Samsung Biologics,207940.KS,1577511.875,1585199.5,1563674.0,1577511.875,1577511.875,33487.0
2025-09-23,Samsung Biologics,207940.KS,1569824.25,1609800.125,1569824.25,1592887.25,1592887.25,53941.0
2025-09-24,Samsung Biologics,207940.KS,1597499.875,1608262.625,1589812.125,1608262.625,1608262.625,46385.0
2025-09-25,Samsung Biologics,207940.KS,1606725.0,1608262.625,1569824.25,1571361.75,1571361.75,50997.0
2025-09-26,Samsung Biologics,207940.KS,1552911.25,1560599.0,1509860.25,1537536.0,1537536.0,61745.0
2025-09-29,Samsung Biologics,207940.KS,1543686.125,1552911.25,1535998.375,1542148.5,1542148.5,38989.0
2025-09-30,Samsung Biologics,207940.KS,1537536.0,1543686.125,1529848.25,1532923.375,1532923.375,54930.0
2025-10-01,Samsung Biologics,207940.KS,1535998.375,1555986.375,1535998.375,1545223.625,1545223.625,41811.0
2025-10-02,Samsung Biologics,207940.KS,1557523.875,1565211.625,1545223.625,1559061.5,1559061.5,54219.0
2025-10-10,Samsung Biologics,207940.KS,1562136.5,1571361.75,1551373.75,1559061.5,1559061.5,48015.0
2025-10-13,Samsung Biologics,207940.KS,1559061.5,1572899.25,1548298.75,1568286.625,1568286.625,57348.0
2025-10-14,Samsung Biologics,207940.KS,1552911.25,1594424.75,1542148.5,1579049.375,1579049.375,65696.0
2025-10-15,Samsung Biologics,207940.KS,1599037.375,1738953.125,1594424.75,1732803.0,1732803.0,221852.0
2025-10-16,Samsung Biologics,207940.KS,1717427.625,1743565.75,1714352.625,1742028.25,1742028.25,50990.0
2025-10-17,Samsung Biologics,207940.KS,1732803.0,1742028.25,1706664.875,1717427.625,1717427.625,50435.0
2025-10-20,Samsung Biologics,207940.KS,1723577.75,1771241.375,1718965.125,1745103.25,1745103.25,66486.0
2025-10-21,Samsung Biologics,207940.KS,1748178.375,1768166.375,1734340.5,1758941.125,1758941.125,55942.0
2025-10-22,Samsung Biologics,207940.KS,1757403.625,1823517.625,1749715.875,1803529.625,1803529.625,59398.0
2025-10-23,Samsung Biologics,207940.KS,1786616.75,1809679.75,1769703.875,1786616.75,1786616.75,45206.0
2025-10-24,Samsung Biologics,207940.KS,1811217.375,1835817.875,1800454.625,1811217.375,1811217.375,39426.0
2025-10-27,Samsung Biologics,207940.KS,1823517.625,1861956.0,1821980.125,1857343.375,1857343.375,70927.0
2025-10-28,Samsung Biologics,207940.KS,1911157.125,1944983.0,1858881.0,1894244.25,1894244.25,106110.0
2025-10-29,Samsung Biologics,207940.KS,1917307.375,1931145.125,1860418.5,1877331.375,1877331.375,183193.0
2025-10-30,Samsung Biologics,207940.KS,1877331.375,1877331.375,1877331.375,1877331.375,1877331.375,0.0
2025-10-31,Samsung Biologics,207940.KS,1877331.375,1877331.375,1877331.375,1877331.375,1877331.375,0.0
2025-11-03,Samsung Biologics,207940.KS,1877331.375,1877331.375,1877331.375,1877331.375,1877331.375,0.0
2025-11-04,Samsung Biologics,207940.KS,1877331.375,1877331.375,1877331.375,1877331.375,1877331.375,0.0
2025-11-05,Samsung Biologics,207940.KS,1877331.375,1877331.375,1877331.375,1877331.375,1877331.375,0.0
2025-11-06,Samsung Biologics,207940.KS,1877331.375,1877331.375,1877331.375,1877331.375,1877331.375,0.0
2025-11-07,Samsung Biologics,207940.KS,1877331.375,1877331.375,1877331.375,1877331.375,1877331.375,0.0
2025-11-10,Samsung Biologics,207940.KS,1877331.375,1877331.375,1877331.375,1877331.375,1877331.375,0.0
2025-11-11,Samsung Biologics,207940.KS,1877331.375,1877331.375,1877331.375,1877331.375,1877331.375,0.0
2025-11-12,Samsung Biologics,207940.KS,1877331.375,1877331.375,1877331.375,1877331.375,1877331.375,0.0
2025-11-13,Samsung Biologics,207940.KS,1877331.375,1877331.375,1877331.375,1877331.375,1877331.375,0.0
2025-11-14,Samsung Biologics,207940.KS,1877331.375,1877331.375,1877331.375,1877331.375,1877331.375,0.0
2025-11-17,Samsung Biologics,207940.KS,1877331.375,1877331.375,1877331.375,1877331.375,1877331.375,0.0
2025-11-18,Samsung Biologics,207940.KS,1877331.375,1877331.375,1877331.375,1877331.375,1877331.375,0.0
2025-11-19,Samsung Biologics,207940.KS,1877331.375,1877331.375,1877331.375,1877331.375,1877331.375,0.0
2025-11-20,Samsung Biologics,207940.KS,1877331.375,1877331.375,1877331.375,1877331.375,1877331.375,0.0
2025-11-21,Samsung Biologics,207940.KS,1877331.375,1877331.375,1877331.375,1877331.375,1877331.375,0.0
2025-11-24,Samsung Biologics,207940.KS,1797000.0,1841000.0,1650000.0,1789000.0,1789000.0,560815.0
2025-11-25,Samsung Biologics,207940.KS,1812000.0,1812000.0,1586000.0,1627000.0,1627000.0,224828.0
2025-11-26,Samsung Biologics,207940.KS,1640000.0,1681000.0,1600000.0,1651000.0,1651000.0,115530.0
2025-11-27,Samsung Biologics,207940.KS,1662000.0,1687000.0,1640000.0,1646000.0,1646000.0,70847.0
2025-11-28,Samsung Biologics,207940.KS,1653000.0,1655000.0,1605000.0,1607000.0,1607000.0,50331.0
2025-12-01,Samsung Biologics,207940.KS,1629000.0,1662000.0,1623000.0,1649000.0,1649000.0,54392.0
2025-12-02,Samsung Biologics,207940.KS,1662000.0,1663000.0,1645000.0,1654000.0,1654000.0,33670.0
2025-12-03,Samsung Biologics,207940.KS,1659000.0,1694000.0,1650000.0,1654000.0,1654000.0,44310.0
2025-12-04,Samsung Biologics,207940.KS,1677000.0,1693000.0,1650000.0,1680000.0,1680000.0,34738.0
2025-12-05,Samsung Biologics,207940.KS,1667000.0,1677500.0,1640000.0,1641000.0,1641000.0,54357.0
2025-12-08,Samsung Biologics,207940.KS,1650000.0,1651000.0,1623000.0,1629000.0,1629000.0,36652.0
2025-12-09,Samsung Biologics,207940.KS,1639000.0,1664000.0,1628000.0,1660000.0,1660000.0,44895.0
2025-12-10,Samsung Biologics,207940.KS,1657000.0,1674000.0,1637000.0,1665000.0,1665000.0,34891.0
2025-12-11,Samsung Biologics,207940.KS,1666000.0,1693000.0,1661000.0,1669000.0,1669000.0,60950.0
2025-12-12,Samsung Biologics,207940.KS,1679000.0,1698000.0,1668000.0,1692000.0,1692000.0,44882.0
2025-12-15,Samsung Biologics,207940.KS,1680000.0,1830000.0,1671000.0,1772000.0,1772000.0,107019.0
2025-12-16,Samsung Biologics,207940.KS,1815000.0,1820000.0,1771000.0,1790000.0,1790000.0,54125.0
2025-12-17,Samsung Biologics,207940.KS,1790000.0,1790000.0,1740000.0,1750000.0,1750000.0,40730.0
2025-12-18,Samsung Biologics,207940.KS,1750000.0,1793500.0,1728000.0,1738000.0,1738000.0,38712.0
2025-12-19,Samsung Biologics,207940.KS,1765000.0,1770000.0,1697000.0,1733000.0,1733000.0,45677.0
2025-12-22,Samsung Biologics,207940.KS,1785000.0,1785000.0,1711000.0,1724000.0,1724000.0,42564.0
2025-12-23,Samsung Biologics,207940.KS,1731000.0,1745000.0,1714000.0,1720000.0,1720000.0,36146.0
2025-12-24,Samsung Biologics,207940.KS,1717000.0,1720000.0,1685000.0,1691000.0,1691000.0,36975.0
2025-12-26,Samsung Biologics,207940.KS,1691000.0,1693000.0,1676000.0,1692000.0,1692000.0,27002.0
2025-12-29,Samsung Biologics,207940.KS,1683000.0,1710000.0,1680000.0,1706000.0,1706000.0,25923.0
2025-12-30,Samsung Biologics,207940.KS,1700000.0,1703000.0,1692000.0,1695000.0,1695000.0,26967.0
2025-01-02,Hyundai Motor,005380.KS,212000.0,216000.0,210500.0,211500.0,197465.796875,437773.0
2025-01-03,Hyundai Motor,005380.KS,211500.0,215000.0,211000.0,213000.0,198866.265625,456107.0
2025-01-06,Hyundai Motor,005380.KS,213000.0,213500.0,207000.0,211500.0,197465.796875,782307.0
2025-01-07,Hyundai Motor,005380.KS,211500.0,214000.0,210500.0,211000.0,196999.0,511955.0
2025-01-08,Hyundai Motor,005380.KS,209500.0,215500.0,209000.0,213500.0,199333.09375,603411.0
2025-01-09,Hyundai Motor,005380.KS,215000.0,219500.0,213000.0,213000.0,198866.265625,866529.0
2025-01-10,Hyundai Motor,005380.KS,215000.0,227000.0,215000.0,226000.0,211003.640625,1951806.0
2025-01-13,Hyundai Motor,005380.KS,225500.0,226000.0,218500.0,220000.0,205401.765625,867629.0
2025-01-14,Hyundai Motor,005380.KS,221000.0,224500.0,219500.0,222000.0,207269.0625,547856.0
2025-01-15,Hyundai Motor,005380.KS,222000.0,224000.0,220500.0,220500.0,205868.609375,492913.0
2025-01-16,Hyundai Motor,005380.KS,223000.0,224000.0,218000.0,219000.0,204468.140625,435312.0
2025-01-17,Hyundai Motor,005380.KS,217500.0,218000.0,211000.0,211500.0,197465.796875,813817.0
2025-01-20,Hyundai Motor,005380.KS,211000.0,212000.0,207500.0,208500.0,194664.875,571176.0
2025-01-21,Hyundai Motor,005380.KS,210500.0,213000.0,206500.0,206500.0,192797.5625,833996.0
2025-01-22,Hyundai Motor,005380.KS,207500.0,210000.0,206500.0,208500.0,194664.875,832710.0
2025-01-23,Hyundai Motor,005380.KS,208000.0,213500.0,205500.0,209000.0,195131.6875,1032782.0
2025-01-24,Hyundai Motor,005380.KS,208000.0,208500.0,203000.0,205000.0,191397.09375,1077548.0
2025-01-31,Hyundai Motor,005380.KS,204500.0,207500.0,200000.0,206000.0,192330.75,986621.0
2025-02-03,Hyundai Motor,005380.KS,201000.0,203500.0,200000.0,202000.0,188596.1875,911137.0
2025-02-04,Hyundai Motor,005380.KS,205000.0,208500.0,201000.0,201000.0,187662.53125,841947.0
2025-02-05,Hyundai Motor,005380.KS,201500.0,206500.0,201000.0,204500.0,190930.28125,710413.0
2025-02-06,Hyundai Motor,005380.KS,206000.0,207000.0,203000.0,203500.0,189996.640625,605308.0
2025-02-07,Hyundai Motor,005380.KS,203500.0,204500.0,200000.0,200500.0,187195.71875,834221.0
2025-02-10,Hyundai Motor,005380.KS,199500.0,201000.0,197700.0,199400.0,186168.6875,992303.0
2025-02-11,Hyundai Motor,005380.KS,199500.0,202500.0,198500.0,199400.0,186168.6875,842452.0
2025-02-12,Hyundai Motor,005380.KS,199000.0,200500.0,198100.0,198100.0,184954.96875,567219.0
2025-02-13,Hyundai Motor,005380.KS,202500.0,210000.0,202000.0,208500.0,194664.875,1493929.0
2025-02-14,Hyundai Motor,005380.KS,208000.0,210000.0,205500.0,206000.0,192330.75,823619.0
2025-02-17,Hyundai Motor,005380.KS,201000.0,202500.0,199500.0,199800.0,186542.15625,894545.0
2025-02-18,Hyundai Motor,005380.KS,200000.0,201500.0,198900.0,200500.0,187195.71875,560363.0
2025-02-19,Hyundai Motor,005380.KS,198900.0,204500.0,198800.0,204000.0,190463.453125,854114.0
2025-02-20,Hyundai Motor,005380.KS,202500.0,204000.0,201500.0,203000.0,189529.8125,354026.0
2025-02-21,Hyundai Motor,005380.KS,209000.0,211000.0,204000.0,206000.0,192330.75,713842.0
2025-02-24,Hyundai Motor,005380.KS,204000.0,207000.0,203500.0,207000.0,193264.375,497135.0
2025-02-25,Hyundai Motor,005380.KS,205000.0,205000.0,202000.0,202500.0,189062.984375,651155.0
2025-02-26,Hyundai Motor,005380.KS,203500.0,207000.0,203000.0,205000.0,191397.09375,750341.0
2025-02-27,Hyundai Motor,005380.KS,200500.0,201000.0,199300.0,200500.0,192839.796875,890406.0
2025-02-28,Hyundai Motor,005380.KS,198600.0,198800.0,193000.0,193000.0,185626.328125,1187503.0
2025-03-04,Hyundai Motor,005380.KS,190000.0,195100.0,189200.0,190300.0,183029.5,592292.0
2025-03-05,Hyundai Motor,005380.KS,191800.0,197000.0,191800.0,194700.0,187261.390625,798748.0
2025-03-06,Hyundai Motor,005380.KS,199200.0,201000.0,196500.0,197600.0,190050.59375,659716.0
2025-03-07,Hyundai Motor,005380.KS,194800.0,197200.0,194100.0,196600.0,189088.796875,574321.0
2025-03-10,Hyundai Motor,005380.KS,196600.0,198600.0,195200.0,197400.0,189858.234375,318730.0
2025-03-11,Hyundai Motor,005380.KS,194500.0,196000.0,192700.0,195600.0,188127.0,456616.0
2025-03-12,Hyundai Motor,005380.KS,195800.0,198200.0,195000.0,198200.0,190627.671875,351293.0
2025-03-13,Hyundai Motor,005380.KS,199300.0,201000.0,196200.0,201000.0,193320.6875,578677.0
2025-03-14,Hyundai Motor,005380.KS,199800.0,200500.0,197500.0,198500.0,190916.203125,473953.0
2025-03-17,Hyundai Motor,005380.KS,198400.0,199000.0,195300.0,199000.0,191397.09375,369290.0
2025-03-18,Hyundai Motor,005380.KS,199500.0,202000.0,199300.0,200500.0,192839.796875,505699.0
2025-03-19,Hyundai Motor,005380.KS,201000.0,204000.0,199000.0,204000.0,196206.0625,520541.0
2025-03-20,Hyundai Motor,005380.KS,204500.0,205000.0,201500.0,202500.0,194763.375,635938.0
2025-03-21,Hyundai Motor,005380.KS,201500.0,205000.0,201000.0,205000.0,197167.859375,552626.0
2025-03-24,Hyundai Motor,005380.KS,204500.0,216000.0,203500.0,213000.0,204862.21875,1212302.0
2025-03-25,Hyundai Motor,005380.KS,228500.0,229000.0,218500.0,220000.0,211594.78125,2097056.0
2025-03-26,Hyundai Motor,005380.KS,224000.0,227500.0,220500.0,222000.0,213518.375,1220193.0
2025-03-27,Hyundai Motor,005380.KS,215000.0,216500.0,212000.0,212500.0,204381.328125,1027562.0
2025-03-28,Hyundai Motor,005380.KS,208000.0,209500.0,202500.0,205000.0,197167.859375,1003500.0
2025-03-31,Hyundai Motor,005380.KS,199900.0,201000.0,196800.0,197200.0,189665.875,936571.0
2025-04-01,Hyundai Motor,005380.KS,199000.0,200500.0,196100.0,198600.0,191012.390625,641043.0
2025-04-02,Hyundai Motor,005380.KS,198800.0,199100.0,195800.0,196300.0,188800.265625,615215.0
2025-04-03,Hyundai Motor,005380.KS,191000.0,194500.0,189100.0,193800.0,186395.765625,954824.0
2025-04-04,Hyundai Motor,005380.KS,191300.0,196500.0,189600.0,191800.0,184472.1875,810211.0
2025-04-07,Hyundai Motor,005380.KS,184700.0,185300.0,178900.0,179100.0,172257.390625,1244441.0
2025-04-08,Hyundai Motor,005380.KS,181400.0,183800.0,177500.0,179200.0,172353.5625,1082825.0
2025-04-09,Hyundai Motor,005380.KS,177500.0,180900.0,177300.0,178000.0,171199.421875,689621.0
2025-04-10,Hyundai Motor,005380.KS,191700.0,192900.0,186500.0,187000.0,179855.5625,1426032.0
2025-04-11,Hyundai Motor,005380.KS,181800.0,183000.0,175800.0,177500.0,170718.515625,1647599.0
2025-04-14,Hyundai Motor,005380.KS,178400.0,180300.0,177500.0,179300.0,172449.75,536959.0
2025-04-15,Hyundai Motor,005380.KS,185400.0,189200.0,183700.0,187000.0,179855.5625,1052017.0
2025-04-16,Hyundai Motor,005380.KS,185200.0,186400.0,181300.0,181700.0,174758.0625,593391.0
2025-04-17,Hyundai Motor,005380.KS,182600.0,184600.0,181500.0,181700.0,174758.0625,522233.0
2025-04-18,Hyundai Motor,005380.KS,182800.0,188300.0,181200.0,187200.0,180047.9375,664774.0
2025-04-21,Hyundai Motor,005380.KS,187500.0,188800.0,185500.0,187300.0,180144.109375,352360.0
2025-04-22,Hyundai Motor,005380.KS,186100.0,187700.0,185200.0,185600.0,178509.0625,392723.0
2025-04-23,Hyundai Motor,005380.KS,188900.0,190400.0,187400.0,190000.0,182740.953125,607448.0
2025-04-24,Hyundai Motor,005380.KS,191100.0,191200.0,186500.0,188900.0,181682.96875,642753.0
2025-04-25,Hyundai Motor,005380.KS,191000.0,191000.0,188600.0,188800.0,181586.8125,528739.0
2025-04-28,Hyundai Motor,005380.KS,188100.0,190100.0,187000.0,189000.0,181779.171875,450993.0
2025-04-29,Hyundai Motor,005380.KS,192700.0,194000.0,189700.0,192800.0,185433.96875,594224.0
2025-04-30,Hyundai Motor,005380.KS,192700.0,193300.0,190200.0,190600.0,183318.015625,429791.0
2025-05-02,Hyundai Motor,005380.KS,190200.0,190500.0,188200.0,189400.0,182163.859375,464020.0
2025-05-07,Hyundai Motor,005380.KS,191400.0,191400.0,186500.0,187600.0,180432.65625,666181.0
2025-05-08,Hyundai Motor,005380.KS,187600.0,188900.0,187100.0,187100.0,179951.75,543972.0
2025-05-09,Hyundai Motor,005380.KS,191200.0,193400.0,189500.0,189900.0,182644.765625,514047.0
2025-05-12,Hyundai Motor,005380.KS,191900.0,195800.0,191400.0,195800.0,188319.359375,569602.0
2025-05-13,Hyundai Motor,005380.KS,197400.0,198000.0,195100.0,196700.0,189184.96875,462830.0
2025-05-14,Hyundai Motor,005380.KS,197200.0,198300.0,194300.0,197100.0,189569.6875,557318.0
2025-05-15,Hyundai Motor,005380.KS,195200.0,196900.0,192200.0,192900.0,185530.171875,469355.0
2025-05-16,Hyundai Motor,005380.KS,193300.0,194700.0,193000.0,193800.0,186395.765625,311743.0
2025-05-19,Hyundai Motor,005380.KS,193000.0,193000.0,190000.0,191000.0,183702.75,378893.0
2025-05-20,Hyundai Motor,005380.KS,192800.0,194100.0,189500.0,189500.0,182260.0625,422756.0
2025-05-21,Hyundai Motor,005380.KS,189500.0,190350.0,187400.0,188000.0,180817.359375,558502.0
2025-05-22,Hyundai Motor,005380.KS,187000.0,187000.0,181900.0,182400.0,175431.3125,982354.0
2025-05-23,Hyundai Motor,005380.KS,182400.0,182500.0,179300.0,179900.0,173026.828125,829741.0
2025-05-26,Hyundai Motor,005380.KS,180100.0,183000.0,179700.0,181900.0,174950.421875,623947.0
2025-05-27,Hyundai Motor,005380.KS,180700.0,181900.0,180300.0,181900.0,174950.421875,502985.0
2025-05-28,Hyundai Motor,005380.KS,182400.0,186300.0,182400.0,185900.0,178797.59375,611926.0
2025-05-29,Hyundai Motor,005380.KS,189600.0,193000.0,186300.0,191000.0,186206.875,1093538.0
2025-05-30,Hyundai Motor,005380.KS,187400.0,187500.0,185300.0,185300.0,180649.921875,781444.0
2025-06-02,Hyundai Motor,005380.KS,184600.0,185500.0,183100.0,184000.0,179382.546875,538182.0
2025-06-04,Hyundai Motor,005380.KS,185100.0,186500.0,184100.0,186000.0,181332.359375,577325.0
2025-06-05,Hyundai Motor,005380.KS,186000.0,193000.0,186000.0,189600.0,184842.015625,797915.0
2025-06-09,Hyundai Motor,005380.KS,192900.0,198400.0,192300.0,197800.0,192836.21875,1665140.0
2025-06-10,Hyundai Motor,005380.KS,201000.0,201500.0,195800.0,197000.0,192056.3125,998951.0
2025-06-11,Hyundai Motor,005380.KS,199100.0,201500.0,199000.0,201000.0,195955.921875,649618.0
2025-06-12,Hyundai Motor,005380.KS,201500.0,204500.0,200500.0,201500.0,196443.375,885521.0
2025-06-13,Hyundai Motor,005380.KS,199400.0,199800.0,196800.0,199000.0,194006.125,933606.0
2025-06-16,Hyundai Motor,005380.KS,198300.0,202000.0,196200.0,201500.0,196443.375,500547.0
2025-06-17,Hyundai Motor,005380.KS,202500.0,208000.0,200500.0,205000.0,199855.546875,950447.0
2025-06-18,Hyundai Motor,005380.KS,202500.0,207000.0,200500.0,206000.0,200830.46875,575644.0
2025-06-19,Hyundai Motor,005380.KS,209500.0,211500.0,205500.0,207000.0,201805.375,538891.0
2025-06-20,Hyundai Motor,005380.KS,208000.0,210500.0,205500.0,210000.0,204730.078125,662635.0
2025-06-23,Hyundai Motor,005380.KS,205500.0,206000.0,200500.0,201500.0,196443.375,935001.0
2025-06-24,Hyundai Motor,005380.KS,206500.0,208000.0,203000.0,206000.0,200830.46875,718116.0
2025-06-25,Hyundai Motor,005380.KS,206500.0,221500.0,206000.0,217000.0,211554.421875,1789517.0
2025-06-26,Hyundai Motor,005380.KS,214500.0,215000.0,208000.0,209500.0,204242.625,814616.0
2025-06-27,Hyundai Motor,005380.KS,211000.0,211000.0,203000.0,205000.0,199855.546875,764378.0
2025-06-30,Hyundai Motor,005380.KS,204500.0,207000.0,203500.0,203500.0,198393.203125,492507.0
2025-07-01,Hyundai Motor,005380.KS,204000.0,214500.0,203500.0,210000.0,204730.078125,1059697.0
2025-07-02,Hyundai Motor,005380.KS,215000.0,218000.0,210000.0,213500.0,208142.25,1058819.0
2025-07-03,Hyundai Motor,005380.KS,215000.0,217000.0,211500.0,214500.0,209117.15625,562758.0
2025-07-04,Hyundai Motor,005380.KS,214500.0,216500.0,210000.0,210500.0,205217.53125,415693.0
2025-07-07,Hyundai Motor,005380.KS,210000.0,210500.0,207000.0,208500.0,203267.71875,398058.0
2025-07-08,Hyundai Motor,005380.KS,207000.0,211500.0,205500.0,211000.0,205704.984375,499225.0
2025-07-09,Hyundai Motor,005380.KS,208500.0,209500.0,205500.0,209500.0,204242.625,524731.0
2025-07-10,Hyundai Motor,005380.KS,210000.0,211500.0,205500.0,208000.0,202780.265625,719453.0
2025-07-11,Hyundai Motor,005380.KS,209000.0,211500.0,207500.0,208000.0,202780.265625,592335.0
2025-07-14,Hyundai Motor,005380.KS,208500.0,218000.0,208000.0,217000.0,211554.421875,1241993.0
2025-07-15,Hyundai Motor,005380.KS,217000.0,217500.0,209500.0,211000.0,205704.984375,1111748.0
2025-07-16,Hyundai Motor,005380.KS,211000.0,211000.0,207500.0,207500.0,202292.8125,492782.0
2025-07-17,Hyundai Motor,005380.KS,208500.0,212000.0,205500.0,210000.0,204730.078125,611349.0
2025-07-18,Hyundai Motor,005380.KS,210000.0,212500.0,208500.0,210500.0,205217.53125,317353.0
2025-07-21,Hyundai Motor,005380.KS,209500.0,210500.0,208000.0,209000.0,203755.15625,460835.0
2025-07-22,Hyundai Motor,005380.KS,209000.0,209500.0,204500.0,206500.0,201317.921875,441603.0
2025-07-23,Hyundai Motor,005380.KS,213000.0,223000.0,213000.0,222000.0,216428.9375,2832242.0
2025-07-24,Hyundai Motor,005380.KS,221000.0,225500.0,214500.0,217500.0,212041.875,1417925.0
2025-07-25,Hyundai Motor,005380.KS,215000.0,221000.0,214000.0,216500.0,211066.96875,665815.0
2025-07-28,Hyundai Motor,005380.KS,221500.0,222500.0,216000.0,218500.0,213016.78125,692799.0
2025-07-29,Hyundai Motor,005380.KS,217500.0,218500.0,214000.0,218000.0,212529.328125,646415.0
2025-07-30,Hyundai Motor,005380.KS,215500.0,228000.0,215500.0,223000.0,217403.84375,1239327.0
2025-07-31,Hyundai Motor,005380.KS,233000.0,233000.0,212000.0,213000.0,207654.796875,2956498.0
2025-08-01,Hyundai Motor,005380.KS,211000.0,215500.0,210000.0,210000.0,204730.078125,1083280.0
2025-08-04,Hyundai Motor,005380.KS,210000.0,212500.0,207000.0,211000.0,205704.984375,651682.0
2025-08-05,Hyundai Motor,005380.KS,213000.0,215000.0,209500.0,210500.0,205217.53125,480510.0
2025-08-06,Hyundai Motor,005380.KS,209000.0,211500.0,208500.0,210500.0,205217.53125,385330.0
2025-08-07,Hyundai Motor,005380.KS,213500.0,215000.0,211000.0,212500.0,207167.328125,421547.0
2025-08-08,Hyundai Motor,005380.KS,212500.0,214000.0,211500.0,212500.0,207167.328125,440664.0
2025-08-11,Hyundai Motor,005380.KS,213000.0,213500.0,211500.0,212500.0,207167.328125,298656.0
2025-08-12,Hyundai Motor,005380.KS,212000.0,216000.0,211500.0,213000.0,207654.796875,347183.0
2025-08-13,Hyundai Motor,005380.KS,215500.0,216000.0,214000.0,216000.0,210579.5,377571.0
2025-08-14,Hyundai Motor,005380.KS,216000.0,219000.0,216000.0,217500.0,212041.875,546695.0
2025-08-18,Hyundai Motor,005380.KS,217500.0,218000.0,215000.0,216500.0,211066.96875,405813.0
2025-08-19,Hyundai Motor,005380.KS,216500.0,219000.0,215000.0,219000.0,213504.234375,442222.0
2025-08-20,Hyundai Motor,005380.KS,218500.0,222000.0,217500.0,220500.0,214966.578125,784564.0
2025-08-21,Hyundai Motor,005380.KS,221000.0,224500.0,220500.0,221500.0,215941.484375,601284.0
2025-08-22,Hyundai Motor,005380.KS,222000.0,223500.0,219500.0,220000.0,214479.125,401067.0
2025-08-25,Hyundai Motor,005380.KS,221500.0,222000.0,217500.0,222000.0,216428.9375,419600.0
2025-08-26,Hyundai Motor,005380.KS,220500.0,222000.0,217500.0,218500.0,213016.78125,806670.0
2025-08-27,Hyundai Motor,005380.KS,219000.0,221000.0,218500.0,220000.0,214479.125,337163.0
2025-08-28,Hyundai Motor,005380.KS,218500.0,225000.0,218000.0,222000.0,218916.625,734689.0
2025-08-29,Hyundai Motor,005380.KS,223000.0,224500.0,218500.0,220000.0,216944.40625,606655.0
2025-09-01,Hyundai Motor,005380.KS,220500.0,223000.0,219000.0,220500.0,217437.46875,504672.0
2025-09-02,Hyundai Motor,005380.KS,221000.0,221000.0,217000.0,220000.0,216944.40625,365383.0
2025-09-03,Hyundai Motor,005380.KS,218500.0,223500.0,218500.0,221500.0,218423.578125,459718.0
2025-09-04,Hyundai Motor,005380.KS,221000.0,221500.0,219500.0,221500.0,218423.578125,249504.0
2025-09-05,Hyundai Motor,005380.KS,222000.0,222500.0,219500.0,220000.0,216944.40625,245652.0
2025-09-08,Hyundai Motor,005380.KS,218000.0,218500.0,215500.0,218500.0,215465.234375,382254.0
2025-09-09,Hyundai Motor,005380.KS,219500.0,220500.0,218500.0,219000.0,215958.296875,407652.0
2025-09-10,Hyundai Motor,005380.KS,219500.0,222000.0,219000.0,220500.0,217437.46875,427432.0
2025-09-11,Hyundai Motor,005380.KS,221500.0,223000.0,219000.0,223000.0,219902.734375,569436.0
2025-09-12,Hyundai Motor,005380.KS,222500.0,224000.0,220500.0,223500.0,220395.796875,666184.0
2025-09-15,Hyundai Motor,005380.KS,221500.0,221500.0,215000.0,215000.0,212013.84375,1712249.0
2025-09-16,Hyundai Motor,005380.KS,216000.0,216500.0,215000.0,215000.0,212013.84375,492855.0
2025-09-17,Hyundai Motor,005380.KS,216000.0,216500.0,215000.0,216000.0,212999.953125,412548.0
2025-09-18,Hyundai Motor,005380.KS,216500.0,218500.0,215000.0,216500.0,213493.015625,652885.0
2025-09-19,Hyundai Motor,005380.KS,,,,,,
2025-09-22,Hyundai Motor,005380.KS,215000.0,219000.0,214500.0,218000.0,214972.1875,499195.0
2025-09-23,Hyundai Motor,005380.KS,217500.0,220000.0,217500.0,219000.0,215958.296875,473760.0
2025-09-24,Hyundai Motor,005380.KS,218000.0,219500.0,216500.0,217500.0,214479.125,383310.0
2025-09-25,Hyundai Motor,005380.KS,217000.0,217500.0,215500.0,217000.0,213986.078125,509882.0
2025-09-26,Hyundai Motor,005380.KS,215000.0,215500.0,213000.0,214500.0,211520.796875,448652.0
2025-09-29,Hyundai Motor,005380.KS,215500.0,216500.0,214000.0,215000.0,212013.84375,339105.0
2025-09-30,Hyundai Motor,005380.KS,214000.0,216000.0,214000.0,215000.0,212013.84375,339691.0
2025-10-01,Hyundai Motor,005380.KS,215500.0,217000.0,215000.0,215500.0,212506.90625,297048.0
2025-10-02,Hyundai Motor,005380.KS,216500.0,223000.0,216500.0,220000.0,216944.40625,1099674.0
2025-10-10,Hyundai Motor,005380.KS,219000.0,220250.0,216500.0,217000.0,213986.078125,779161.0
2025-10-13,Hyundai Motor,005380.KS,214500.0,219500.0,214000.0,218500.0,215465.234375,544349.0
2025-10-14,Hyundai Motor,005380.KS,218500.0,225000.0,218000.0,223000.0,219902.734375,885802.0
2025-10-15,Hyundai Motor,005380.KS,223000.0,224000.0,220000.0,223500.0,220395.796875,670710.0
2025-10-16,Hyundai Motor,005380.KS,237000.0,245000.0,234000.0,242000.0,238638.84375,2115204.0
2025-10-17,Hyundai Motor,005380.KS,241000.0,246000.0,239500.0,243000.0,239624.953125,994190.0
2025-10-20,Hyundai Motor,005380.KS,251500.0,252000.0,241500.0,248000.0,244555.5,1155423.0
2025-10-21,Hyundai Motor,005380.KS,252000.0,267000.0,251500.0,256500.0,252937.453125,2002410.0
2025-10-22,Hyundai Motor,005380.KS,265000.0,265000.0,254500.0,261000.0,257374.953125,1060973.0
2025-10-23,Hyundai Motor,005380.KS,256500.0,258500.0,251000.0,252000.0,248499.953125,909720.0
2025-10-24,Hyundai Motor,005380.KS,253500.0,254000.0,248000.0,252500.0,248993.015625,775983.0
2025-10-27,Hyundai Motor,005380.KS,253500.0,259500.0,253000.0,254500.0,250965.234375,763121.0
2025-10-28,Hyundai Motor,005380.KS,253500.0,253500.0,249000.0,250500.0,247020.78125,677447.0
2025-10-29,Hyundai Motor,005380.KS,254500.0,259500.0,251000.0,258000.0,254416.609375,937830.0
2025-10-30,Hyundai Motor,005380.KS,287500.0,289500.0,263000.0,265000.0,261319.390625,2958411.0
2025-10-31,Hyundai Motor,005380.KS,273500.0,294000.0,270500.0,290000.0,285972.1875,3631736.0
2025-11-03,Hyundai Motor,005380.KS,297500.0,298000.0,288000.0,291500.0,287451.34375,1498016.0
2025-11-04,Hyundai Motor,005380.KS,286500.0,288500.0,276000.0,276000.0,272166.625,1416294.0
2025-11-05,Hyundai Motor,005380.KS,270000.0,271500.0,259000.0,268500.0,264770.8125,1420277.0
2025-11-06,Hyundai Motor,005380.KS,274500.0,275000.0,264500.0,269000.0,265263.84375,686561.0
2025-11-07,Hyundai Motor,005380.KS,261000.0,267000.0,259500.0,264000.0,260333.28125,666772.0
2025-11-10,Hyundai Motor,005380.KS,266500.0,274000.0,265000.0,270500.0,266743.0,692464.0
2025-11-11,Hyundai Motor,005380.KS,272500.0,274000.0,267500.0,269000.0,265263.84375,494203.0
2025-11-12,Hyundai Motor,005380.KS,271500.0,278500.0,269500.0,275500.0,271673.5625,807526.0
2025-11-13,Hyundai Motor,005380.KS,273000.0,279000.0,272500.0,278500.0,274631.90625,681153.0
2025-11-14,Hyundai Motor,005380.KS,272500.0,278000.0,272000.0,272500.0,268715.21875,579023.0
2025-11-17,Hyundai Motor,005380.KS,275500.0,275500.0,271500.0,271500.0,267729.125,384305.0
2025-11-18,Hyundai Motor,005380.KS,269000.0,271500.0,263500.0,264500.0,260826.34375,475705.0
2025-11-19,Hyundai Motor,005380.KS,272000.0,272000.0,261500.0,264000.0,260333.28125,413452.0
2025-11-20,Hyundai Motor,005380.KS,267000.0,267500.0,262000.0,262000.0,258361.0625,501196.0
2025-11-21,Hyundai Motor,005380.KS,255000.0,261000.0,254500.0,259500.0,255895.796875,538414.0
2025-11-24,Hyundai Motor,005380.KS,262000.0,262000.0,257500.0,257500.0,253923.5625,610389.0
2025-11-25,Hyundai Motor,005380.KS,261000.0,262000.0,256500.0,257500.0,253923.5625,390393.0
2025-11-26,Hyundai Motor,005380.KS,260500.0,262000.0,259500.0,261500.0,257868.0,402781.0
2025-11-27,Hyundai Motor,005380.KS,261500.0,262500.0,259500.0,261500.0,260357.078125,289061.0
2025-11-28,Hyundai Motor,005380.KS,261500.0,265500.0,259000.0,261500.0,260357.078125,511004.0
2025-12-01,Hyundai Motor,005380.KS,261000.0,261500.0,253500.0,254500.0,253387.671875,555473.0
2025-12-02,Hyundai Motor,005380.KS,257500.0,267500.0,257000.0,266000.0,264837.40625,1084944.0
2025-12-03,Hyundai Motor,005380.KS,266500.0,267500.0,263000.0,266500.0,265335.21875,483994.0
2025-12-04,Hyundai Motor,005380.KS,273000.0,284500.0,270000.0,283500.0,282260.9375,1994134.0
2025-12-05,Hyundai Motor,005380.KS,282000.0,316500.0,280000.0,315000.0,313623.25,3892799.0
2025-12-08,Hyundai Motor,005380.KS,321000.0,321000.0,308500.0,315500.0,314121.0625,1913789.0
2025-12-09,Hyundai Motor,005380.KS,308000.0,312000.0,301500.0,307000.0,305658.21875,1229611.0
2025-12-10,Hyundai Motor,005380.KS,304500.0,306000.0,297500.0,302500.0,301177.875,1173271.0
2025-12-11,Hyundai Motor,005380.KS,304000.0,306500.0,295500.0,295500.0,294208.46875,1465528.0
2025-12-12,Hyundai Motor,005380.KS,299000.0,303000.0,295500.0,301500.0,300182.25,827283.0
2025-12-15,Hyundai Motor,005380.KS,296500.0,297500.0,293500.0,293500.0,292217.21875,798990.0
2025-12-16,Hyundai Motor,005380.KS,296500.0,301500.0,284500.0,286000.0,284750.0,1264096.0
2025-12-17,Hyundai Motor,005380.KS,288000.0,288500.0,284000.0,286000.0,284750.0,686802.0
2025-12-18,Hyundai Motor,005380.KS,280500.0,285000.0,280000.0,282500.0,281265.3125,705877.0
2025-12-19,Hyundai Motor,005380.KS,285500.0,288500.0,278500.0,288500.0,287239.0625,1210816.0
2025-12-22,Hyundai Motor,005380.KS,290500.0,290500.0,285000.0,289000.0,287736.875,676748.0
2025-12-23,Hyundai Motor,005380.KS,290500.0,292500.0,285500.0,287000.0,285745.625,699584.0
2025-12-24,Hyundai Motor,005380.KS,289000.0,300000.0,287000.0,289000.0,287736.875,1295368.0
2025-12-26,Hyundai Motor,005380.KS,292000.0,292000.0,285000.0,286000.0,284750.0,847245.0
2025-12-29,Hyundai Motor,005380.KS,284500.0,294000.0,282500.0,293500.0,292217.21875,697450.0
2025-12-30,Hyundai Motor,005380.KS,291000.0,297500.0,289500.0,296500.0,295204.09375,628188.0
2025-01-02,Kia,000270.KS,101000.0,102300.0,100500.0,101600.0,94915.7890625,712616.0
2025-01-03,Kia,000270.KS,101500.0,101800.0,99200.0,100700.0,94075.0,1015616.0
2025-01-06,Kia,000270.KS,100800.0,101300.0,99200.0,100500.0,93888.15625,784082.0
2025-01-07,Kia,000270.KS,100500.0,101500.0,99100.0,99100.0,92580.265625,1128286.0
2025-01-08,Kia,000270.KS,99000.0,101400.0,98900.0,101000.0,94355.265625,1058728.0
2025-01-09,Kia,000270.KS,101200.0,105700.0,101200.0,103300.0,96503.9453125,2359171.0
2025-01-10,Kia,000270.KS,104000.0,106600.0,103500.0,105600.0,98652.6328125,1951844.0
2025-01-13,Kia,000270.KS,104700.0,105400.0,103600.0,105400.0,98465.7890625,1130422.0
2025-01-14,Kia,000270.KS,104700.0,107900.0,104200.0,106700.0,99680.265625,1300498.0
2025-01-15,Kia,000270.KS,106500.0,107200.0,102700.0,103300.0,96503.9453125,1177799.0
2025-01-16,Kia,000270.KS,104500.0,104800.0,103000.0,103400.0,96597.3671875,654359.0
2025-01-17,Kia,000270.KS,102400.0,103000.0,100400.0,101500.0,94822.3671875,919480.0
2025-01-20,Kia,000270.KS,101500.0,102000.0,100800.0,101000.0,94355.265625,411505.0
2025-01-21,Kia,000270.KS,102100.0,105300.0,100700.0,101000.0,94355.265625,1033495.0
2025-01-22,Kia,000270.KS,101900.0,103400.0,100700.0,103000.0,96223.6875,856499.0
2025-01-23,Kia,000270.KS,102500.0,104000.0,101100.0,102700.0,95943.421875,730474.0
2025-01-24,Kia,000270.KS,104400.0,104400.0,101000.0,101700.0,95009.2109375,1296839.0
2025-01-31,Kia,000270.KS,100800.0,102800.0,100200.0,102000.0,95289.4765625,909716.0
2025-02-03,Kia,000270.KS,100200.0,100700.0,95000.0,96100.0,89777.6328125,2040413.0
2025-02-04,Kia,000270.KS,99100.0,99200.0,96300.0,96700.0,90338.15625,1255891.0
2025-02-05,Kia,000270.KS,97400.0,99300.0,97000.0,98100.0,91646.0546875,923434.0
2025-02-06,Kia,000270.KS,98300.0,98800.0,97200.0,98800.0,92300.0,563800.0
2025-02-07,Kia,000270.KS,97600.0,98900.0,96300.0,96500.0,90151.3203125,991140.0
2025-02-10,Kia,000270.KS,94000.0,95100.0,93000.0,94600.0,88376.3203125,1722666.0
2025-02-11,Kia,000270.KS,93200.0,95100.0,93200.0,93800.0,87628.9453125,1172529.0
2025-02-12,Kia,000270.KS,93300.0,94100.0,91400.0,91700.0,85667.109375,1688145.0
2025-02-13,Kia,000270.KS,93800.0,95600.0,93300.0,94300.0,88096.0546875,2326740.0
2025-02-14,Kia,000270.KS,94400.0,95900.0,93700.0,95000.0,88750.0,1349332.0
2025-02-17,Kia,000270.KS,94300.0,94900.0,93100.0,94300.0,88096.0546875,1049521.0
2025-02-18,Kia,000270.KS,94300.0,95300.0,93700.0,93900.0,87722.3671875,883917.0
2025-02-19,Kia,000270.KS,92800.0,95800.0,92800.0,95000.0,88750.0,1053531.0
2025-02-20,Kia,000270.KS,94100.0,94800.0,93500.0,94500.0,88282.8984375,1078110.0
2025-02-21,Kia,000270.KS,95800.0,96700.0,94300.0,94600.0,88376.3203125,960186.0
2025-02-24,Kia,000270.KS,93700.0,94900.0,93600.0,94900.0,88656.578125,659841.0
2025-02-25,Kia,000270.KS,94000.0,94300.0,93200.0,93200.0,87068.421875,1001392.0
2025-02-26,Kia,000270.KS,93200.0,94200.0,93100.0,94100.0,87909.2109375,789301.0
2025-02-27,Kia,000270.KS,93700.0,94700.0,93600.0,94600.0,88376.3203125,841391.0
2025-02-28,Kia,000270.KS,93500.0,94400.0,93000.0,93200.0,87068.421875,1640049.0
2025-03-04,Kia,000270.KS,93100.0,96300.0,91900.0,93300.0,87161.84375,1312252.0
2025-03-05,Kia,000270.KS,94600.0,96600.0,94400.0,95900.0,89590.7890625,1593290.0
2025-03-06,Kia,000270.KS,99000.0,99300.0,97300.0,98000.0,91552.6328125,1778981.0
2025-03-07,Kia,000270.KS,96700.0,97800.0,96100.0,96800.0,90431.578125,1138412.0
2025-03-10,Kia,000270.KS,95900.0,98400.0,95900.0,98000.0,91552.6328125,1190280.0
2025-03-11,Kia,000270.KS,96100.0,98500.0,96100.0,98400.0,91926.3203125,1137146.0
2025-03-12,Kia,000270.KS,98400.0,99400.0,97600.0,99100.0,92580.265625,1144714.0
2025-03-13,Kia,000270.KS,98600.0,101300.0,98300.0,100400.0,93794.734375,2279252.0
2025-03-14,Kia,000270.KS,100000.0,100600.0,99400.0,99500.0,92953.9453125,1408638.0
2025-03-17,Kia,000270.KS,99700.0,100100.0,98200.0,98800.0,92300.0,1892886.0
2025-03-18,Kia,000270.KS,93300.0,96400.0,93300.0,96400.0,96400.0,2228720.0
2025-03-19,Kia,000270.KS,96500.0,97200.0,95500.0,97100.0,97100.0,1094424.0
2025-03-20,Kia,000270.KS,96700.0,97000.0,95500.0,96000.0,96000.0,1056834.0
2025-03-21,Kia,000270.KS,95500.0,97400.0,95500.0,95700.0,95700.0,2448199.0
2025-03-24,Kia,000270.KS,95900.0,99500.0,95800.0,98700.0,98700.0,1564435.0
2025-03-25,Kia,000270.KS,102900.0,102900.0,100100.0,100800.0,100800.0,1515074.0
2025-03-26,Kia,000270.KS,102000.0,103000.0,101200.0,101400.0,101400.0,1181983.0
2025-03-27,Kia,000270.KS,99000.0,100000.0,97400.0,97900.0,97900.0,1400285.0
2025-03-28,Kia,000270.KS,95200.0,96500.0,94600.0,95300.0,95300.0,1293885.0
2025-03-31,Kia,000270.KS,93300.0,94100.0,91500.0,92300.0,92300.0,1230700.0
2025-04-01,Kia,000270.KS,92800.0,93700.0,92000.0,93200.0,93200.0,656473.0
2025-04-02,Kia,000270.KS,92400.0,93600.0,91800.0,92100.0,92100.0,931914.0
2025-04-03,Kia,000270.KS,89200.0,91400.0,88400.0,90800.0,90800.0,1054819.0
2025-04-04,Kia,000270.KS,89500.0,91800.0,88700.0,89700.0,89700.0,947048.0
2025-04-07,Kia,000270.KS,86100.0,87100.0,84100.0,84600.0,84600.0,1066394.0
2025-04-08,Kia,000270.KS,85500.0,86600.0,84200.0,84300.0,84300.0,952615.0
2025-04-09,Kia,000270.KS,83900.0,84200.0,82800.0,83800.0,83800.0,1002947.0
2025-04-10,Kia,000270.KS,89700.0,89800.0,87000.0,88200.0,88200.0,1374506.0
2025-04-11,Kia,000270.KS,86100.0,86200.0,81300.0,82000.0,82000.0,2232779.0
2025-04-14,Kia,000270.KS,82300.0,83800.0,81800.0,83000.0,83000.0,797192.0
2025-04-15,Kia,000270.KS,85700.0,86800.0,85000.0,85800.0,85800.0,1128439.0
2025-04-16,Kia,000270.KS,85400.0,86300.0,84600.0,84700.0,84700.0,583287.0
2025-04-17,Kia,000270.KS,84900.0,85550.0,84500.0,85000.0,85000.0,430473.0
2025-04-18,Kia,000270.KS,85300.0,87600.0,84600.0,87300.0,87300.0,569432.0
2025-04-21,Kia,000270.KS,87700.0,88500.0,87000.0,88000.0,88000.0,416037.0
2025-04-22,Kia,000270.KS,87600.0,88000.0,86600.0,86800.0,86800.0,558552.0
2025-04-23,Kia,000270.KS,88100.0,90700.0,87500.0,90000.0,90000.0,1212681.0
2025-04-24,Kia,000270.KS,90400.0,90800.0,88600.0,88800.0,88800.0,908535.0
2025-04-25,Kia,000270.KS,89500.0,89700.0,87500.0,88200.0,88200.0,1356631.0
2025-04-28,Kia,000270.KS,88500.0,89200.0,87700.0,88700.0,88700.0,572742.0
2025-04-29,Kia,000270.KS,90600.0,90900.0,89500.0,90600.0,90600.0,808315.0
2025-04-30,Kia,000270.KS,91000.0,91400.0,89600.0,90400.0,90400.0,1023836.0
2025-05-02,Kia,000270.KS,91000.0,91000.0,88600.0,89400.0,89400.0,768903.0
2025-05-07,Kia,000270.KS,90200.0,90400.0,87500.0,88100.0,88100.0,1093539.0
2025-05-08,Kia,000270.KS,88100.0,88700.0,87800.0,87800.0,87800.0,1161546.0
2025-05-09,Kia,000270.KS,89400.0,90700.0,89200.0,89300.0,89300.0,967229.0
2025-05-12,Kia,000270.KS,90200.0,92400.0,89800.0,92400.0,92400.0,813230.0
2025-05-13,Kia,000270.KS,94000.0,94800.0,92700.0,93700.0,93700.0,1369914.0
2025-05-14,Kia,000270.KS,93600.0,94000.0,91800.0,92400.0,92400.0,878937.0
2025-05-15,Kia,000270.KS,91900.0,92500.0,90900.0,91200.0,91200.0,761239.0
2025-05-16,Kia,000270.KS,91300.0,92300.0,91300.0,92000.0,92000.0,500754.0
2025-05-19,Kia,000270.KS,91300.0,91900.0,90800.0,91500.0,91500.0,555859.0
2025-05-20,Kia,000270.KS,92300.0,92800.0,90900.0,91200.0,91200.0,710012.0
2025-05-21,Kia,000270.KS,92700.0,92700.0,90900.0,91200.0,91200.0,748573.0
2025-05-22,Kia,000270.KS,90500.0,91100.0,88400.0,89200.0,89200.0,1103198.0
2025-05-23,Kia,000270.KS,89200.0,89500.0,86900.0,87100.0,87100.0,879529.0
2025-05-26,Kia,000270.KS,87000.0,88400.0,86200.0,88100.0,88100.0,760388.0
2025-05-27,Kia,000270.KS,87300.0,88500.0,87100.0,88200.0,88200.0,607447.0
2025-05-28,Kia,000270.KS,88500.0,90000.0,88500.0,89000.0,89000.0,842967.0
2025-05-29,Kia,000270.KS,90700.0,93700.0,90000.0,93200.0,93200.0,1583303.0
2025-05-30,Kia,000270.KS,91000.0,91200.0,89400.0,89400.0,89400.0,1535385.0
2025-06-02,Kia,000270.KS,88400.0,89600.0,88100.0,88400.0,88400.0,663587.0
2025-06-04,Kia,000270.KS,89200.0,90400.0,88600.0,89600.0,89600.0,862750.0
2025-06-05,Kia,000270.KS,89100.0,93500.0,89100.0,93100.0,93100.0,1416289.0
2025-06-09,Kia,000270.KS,94400.0,96200.0,93800.0,95300.0,95300.0,1449046.0
2025-06-10,Kia,000270.KS,96200.0,96400.0,94100.0,94500.0,94500.0,1077370.0
2025-06-11,Kia,000270.KS,95100.0,96900.0,95100.0,96900.0,96900.0,992153.0
2025-06-12,Kia,000270.KS,96900.0,99000.0,96800.0,98400.0,98400.0,1768683.0
2025-06-13,Kia,000270.KS,98000.0,98100.0,95600.0,97200.0,97200.0,1506724.0
2025-06-16,Kia,000270.KS,96500.0,97900.0,95100.0,97500.0,97500.0,809768.0
2025-06-17,Kia,000270.KS,98000.0,99800.0,97800.0,99600.0,99600.0,1332802.0
2025-06-18,Kia,000270.KS,98500.0,99400.0,97200.0,98900.0,98900.0,1018716.0
2025-06-19,Kia,000270.KS,99400.0,99800.0,97500.0,98200.0,98200.0,691399.0
2025-06-20,Kia,000270.KS,98000.0,98900.0,97200.0,98700.0,98700.0,998377.0
2025-06-23,Kia,000270.KS,97000.0,97000.0,94400.0,95900.0,95900.0,867116.0
2025-06-24,Kia,000270.KS,95700.0,98500.0,95700.0,96900.0,96900.0,911752.0
2025-06-25,Kia,000270.KS,97500.0,104500.0,97000.0,101100.0,101100.0,2778238.0
2025-06-26,Kia,000270.KS,100700.0,102500.0,98700.0,99100.0,99100.0,1157512.0
2025-06-27,Kia,000270.KS,99700.0,99700.0,97400.0,97700.0,97700.0,574885.0
2025-06-30,Kia,000270.KS,96900.0,98200.0,96600.0,96900.0,96900.0,693015.0
2025-07-01,Kia,000270.KS,97000.0,100500.0,97000.0,98700.0,98700.0,1019849.0
2025-07-02,Kia,000270.KS,100200.0,100700.0,98750.0,100000.0,100000.0,1023366.0
2025-07-03,Kia,000270.KS,100400.0,101500.0,99300.0,100100.0,100100.0,774595.0
2025-07-04,Kia,000270.KS,100500.0,101500.0,99100.0,99100.0,99100.0,470300.0
2025-07-07,Kia,000270.KS,98900.0,100000.0,98300.0,98600.0,98600.0,430089.0
2025-07-08,Kia,000270.KS,98600.0,99800.0,97500.0,99100.0,99100.0,643120.0
2025-07-09,Kia,000270.KS,98300.0,99800.0,97400.0,99600.0,99600.0,1037777.0
2025-07-10,Kia,000270.KS,99900.0,101200.0,99300.0,100100.0,100100.0,1142761.0
2025-07-11,Kia,000270.KS,100100.0,102100.0,99800.0,100800.0,100800.0,1087429.0
2025-07-14,Kia,000270.KS,100200.0,103300.0,99600.0,103000.0,103000.0,1173952.0
2025-07-15,Kia,000270.KS,102100.0,102300.0,99800.0,100000.0,100000.0,1241921.0
2025-07-16,Kia,000270.KS,99700.0,100500.0,99100.0,99500.0,99500.0,668896.0
2025-07-17,Kia,000270.KS,100000.0,100700.0,98500.0,100200.0,100200.0,687922.0
2025-07-18,Kia,000270.KS,100500.0,101400.0,99400.0,99800.0,99800.0,586973.0
2025-07-21,Kia,000270.KS,99700.0,100200.0,99100.0,99300.0,99300.0,422784.0
2025-07-22,Kia,000270.KS,99200.0,99700.0,97600.0,97800.0,97800.0,646392.0
2025-07-23,Kia,000270.KS,100800.0,106100.0,100500.0,106100.0,106100.0,3318750.0
2025-07-24,Kia,000270.KS,107200.0,109000.0,104000.0,105000.0,105000.0,2027261.0
2025-07-25,Kia,000270.KS,105000.0,107000.0,102400.0,104100.0,104100.0,1395349.0
2025-07-28,Kia,000270.KS,106300.0,107500.0,104500.0,105500.0,105500.0,1045072.0
2025-07-29,Kia,000270.KS,104300.0,106400.0,103500.0,105700.0,105700.0,1196086.0
2025-07-30,Kia,000270.KS,105000.0,112400.0,105000.0,110400.0,110400.0,1917384.0
2025-07-31,Kia,000270.KS,112700.0,113200.0,102300.0,102300.0,102300.0,3132736.0
2025-08-01,Kia,000270.KS,101300.0,104100.0,100800.0,100800.0,100800.0,1374554.0
2025-08-04,Kia,000270.KS,100700.0,103700.0,100500.0,102800.0,102800.0,775610.0
2025-08-05,Kia,000270.KS,103000.0,104200.0,101300.0,101400.0,101400.0,891875.0
2025-08-06,Kia,000270.KS,101300.0,102700.0,101200.0,101800.0,101800.0,780400.0
2025-08-07,Kia,000270.KS,103000.0,103300.0,101500.0,101800.0,101800.0,649320.0
2025-08-08,Kia,000270.KS,102300.0,102400.0,101400.0,101900.0,101900.0,664464.0
2025-08-11,Kia,000270.KS,101600.0,102750.0,101300.0,101600.0,101600.0,536398.0
2025-08-12,Kia,000270.KS,101100.0,103700.0,101000.0,101800.0,101800.0,655429.0
2025-08-13,Kia,000270.KS,102800.0,103300.0,102100.0,103200.0,103200.0,534661.0
2025-08-14,Kia,000270.KS,103600.0,104700.0,103100.0,103700.0,103700.0,574716.0
2025-08-18,Kia,000270.KS,102100.0,103400.0,102100.0,102200.0,102200.0,539476.0
2025-08-19,Kia,000270.KS,102500.0,104000.0,101900.0,104000.0,104000.0,627551.0
2025-08-20,Kia,000270.KS,104200.0,105500.0,103300.0,105100.0,105100.0,713124.0
2025-08-21,Kia,000270.KS,105700.0,105800.0,103900.0,103900.0,103900.0,433907.0
2025-08-22,Kia,000270.KS,104200.0,105500.0,104200.0,104800.0,104800.0,553097.0
2025-08-25,Kia,000270.KS,105000.0,105300.0,103200.0,104700.0,104700.0,440278.0
2025-08-26,Kia,000270.KS,104300.0,104600.0,103000.0,103000.0,103000.0,606440.0
2025-08-27,Kia,000270.KS,103100.0,104000.0,102900.0,103500.0,103500.0,383772.0
2025-08-28,Kia,000270.KS,104500.0,107200.0,103300.0,105700.0,105700.0,974330.0
2025-08-29,Kia,000270.KS,105900.0,107800.0,105500.0,105800.0,105800.0,704357.0
2025-09-01,Kia,000270.KS,106800.0,107900.0,106000.0,106500.0,106500.0,496884.0
2025-09-02,Kia,000270.KS,106200.0,107200.0,105750.0,107200.0,107200.0,400273.0
2025-09-03,Kia,000270.KS,106100.0,107800.0,106100.0,107000.0,107000.0,544535.0
2025-09-04,Kia,000270.KS,106000.0,107200.0,105800.0,107000.0,107000.0,563510.0
2025-09-05,Kia,000270.KS,106200.0,107000.0,106100.0,106600.0,106600.0,442357.0
2025-09-08,Kia,000270.KS,106100.0,106100.0,104100.0,104900.0,104900.0,713309.0
2025-09-09,Kia,000270.KS,105500.0,105900.0,104700.0,105500.0,105500.0,599237.0
2025-09-10,Kia,000270.KS,104900.0,107000.0,104900.0,106000.0,106000.0,704159.0
2025-09-11,Kia,000270.KS,105900.0,106800.0,105400.0,106600.0,106600.0,1118881.0
2025-09-12,Kia,000270.KS,106100.0,106600.0,105400.0,105900.0,105900.0,906762.0
2025-09-15,Kia,000270.KS,104800.0,105100.0,101300.0,101700.0,101700.0,2334779.0
2025-09-16,Kia,000270.KS,101700.0,101900.0,100500.0,101400.0,101400.0,1317017.0
2025-09-17,Kia,000270.KS,101200.0,101500.0,100500.0,101000.0,101000.0,1005177.0
2025-09-18,Kia,000270.KS,101500.0,102200.0,101100.0,102000.0,102000.0,1143276.0
2025-09-19,Kia,000270.KS,,,,,,
2025-09-22,Kia,000270.KS,101500.0,102500.0,101200.0,101900.0,101900.0,737975.0
2025-09-23,Kia,000270.KS,101300.0,102900.0,101300.0,102800.0,102800.0,597793.0
2025-09-24,Kia,000270.KS,102900.0,103600.0,102500.0,103000.0,103000.0,680285.0
2025-09-25,Kia,000270.KS,103000.0,103000.0,101400.0,102000.0,102000.0,775758.0
2025-09-26,Kia,000270.KS,101200.0,101300.0,100200.0,100200.0,100200.0,700206.0
2025-09-29,Kia,000270.KS,100600.0,101200.0,100000.0,100700.0,100700.0,639908.0
2025-09-30,Kia,000270.KS,100200.0,101800.0,100200.0,100700.0,100700.0,885167.0
2025-10-01,Kia,000270.KS,100500.0,101500.0,100200.0,100600.0,100600.0,580310.0
2025-10-02,Kia,000270.KS,100700.0,105000.0,100700.0,104200.0,104200.0,1580346.0
2025-10-10,Kia,000270.KS,101100.0,102500.0,100600.0,100600.0,100600.0,1354370.0
2025-10-13,Kia,000270.KS,100900.0,101700.0,100100.0,101100.0,101100.0,564201.0
2025-10-14,Kia,000270.KS,100600.0,103900.0,100500.0,102500.0,102500.0,971824.0
2025-10-15,Kia,000270.KS,102100.0,103800.0,101800.0,103800.0,103800.0,598957.0
2025-10-16,Kia,000270.KS,109300.0,112100.0,108200.0,111300.0,111300.0,2290270.0
2025-10-17,Kia,000270.KS,110800.0,113400.0,110100.0,112100.0,112100.0,1054766.0
2025-10-20,Kia,000270.KS,117000.0,118000.0,111200.0,114500.0,114500.0,1188885.0
2025-10-21,Kia,000270.KS,115200.0,119800.0,115200.0,115800.0,115800.0,1725109.0
2025-10-22,Kia,000270.KS,118400.0,118600.0,115300.0,118100.0,118100.0,1259947.0
2025-10-23,Kia,000270.KS,116300.0,117500.0,114700.0,115000.0,115000.0,1129493.0
2025-10-24,Kia,000270.KS,115900.0,116200.0,113700.0,114900.0,114900.0,738758.0
2025-10-27,Kia,000270.KS,115400.0,117500.0,114800.0,114800.0,114800.0,916818.0
2025-10-28,Kia,000270.KS,114100.0,114200.0,112800.0,113600.0,113600.0,872146.0
2025-10-29,Kia,000270.KS,115300.0,116600.0,113100.0,115800.0,115800.0,1165316.0
2025-10-30,Kia,000270.KS,126100.0,126200.0,116100.0,116200.0,116200.0,2737130.0
2025-10-31,Kia,000270.KS,117000.0,122600.0,116000.0,119900.0,119900.0,3039559.0
2025-11-03,Kia,000270.KS,120700.0,121100.0,117500.0,117700.0,117700.0,1371107.0
2025-11-04,Kia,000270.KS,116600.0,119000.0,113500.0,114400.0,114400.0,1179087.0
2025-11-05,Kia,000270.KS,114400.0,114600.0,109400.0,111000.0,111000.0,1290707.0
2025-11-06,Kia,000270.KS,112500.0,113200.0,110250.0,112000.0,112000.0,865031.0
2025-11-07,Kia,000270.KS,110200.0,111600.0,108900.0,110100.0,110100.0,536664.0
2025-11-10,Kia,000270.KS,111500.0,114800.0,111400.0,113700.0,113700.0,699593.0
2025-11-11,Kia,000270.KS,114100.0,116000.0,113800.0,116000.0,116000.0,959520.0
2025-11-12,Kia,000270.KS,115700.0,119900.0,115300.0,118600.0,118600.0,1238570.0
2025-11-13,Kia,000270.KS,117200.0,118700.0,116700.0,118000.0,118000.0,783292.0
2025-11-14,Kia,000270.KS,116500.0,119500.0,115800.0,117000.0,117000.0,667473.0
2025-11-17,Kia,000270.KS,118100.0,118900.0,116800.0,117400.0,117400.0,619912.0
2025-11-18,Kia,000270.KS,116300.0,117300.0,114500.0,114500.0,114500.0,514941.0
2025-11-19,Kia,000270.KS,115700.0,116400.0,114100.0,114500.0,114500.0,615044.0
2025-11-20,Kia,000270.KS,115400.0,116200.0,113400.0,113400.0,113400.0,651240.0
2025-11-21,Kia,000270.KS,111900.0,114700.0,111500.0,114000.0,114000.0,680023.0
2025-11-24,Kia,000270.KS,114900.0,115000.0,111100.0,111100.0,111100.0,1566600.0
2025-11-25,Kia,000270.KS,112200.0,113200.0,111000.0,111200.0,111200.0,632037.0
2025-11-26,Kia,000270.KS,113200.0,113200.0,111600.0,113200.0,113200.0,527546.0
2025-11-27,Kia,000270.KS,113000.0,114000.0,112800.0,114000.0,114000.0,477958.0
2025-11-28,Kia,000270.KS,114000.0,115300.0,112900.0,114100.0,114100.0,609629.0
2025-12-01,Kia,000270.KS,113900.0,114400.0,111000.0,112300.0,112300.0,690993.0
2025-12-02,Kia,000270.KS,113200.0,117000.0,112900.0,117000.0,117000.0,984373.0
2025-12-03,Kia,000270.KS,117300.0,119200.0,116500.0,118600.0,118600.0,1066553.0
2025-12-04,Kia,000270.KS,119300.0,120900.0,117700.0,120300.0,120300.0,1315070.0
2025-12-05,Kia,000270.KS,118700.0,123800.0,118200.0,123600.0,123600.0,2075345.0
2025-12-08,Kia,000270.KS,125300.0,127250.0,123400.0,125600.0,125600.0,1464750.0
2025-12-09,Kia,000270.KS,124600.0,126100.0,123300.0,123800.0,123800.0,966759.0
2025-12-10,Kia,000270.KS,123800.0,124300.0,122000.0,123400.0,123400.0,700984.0
2025-12-11,Kia,000270.KS,124600.0,126400.0,122500.0,122900.0,122900.0,1030322.0
2025-12-12,Kia,000270.KS,123400.0,125800.0,123100.0,125800.0,125800.0,684563.0
2025-12-15,Kia,000270.KS,124900.0,125300.0,123600.0,124000.0,124000.0,654771.0
2025-12-16,Kia,000270.KS,124300.0,125400.0,120200.0,120800.0,120800.0,971830.0
2025-12-17,Kia,000270.KS,121900.0,121900.0,120200.0,121500.0,121500.0,811670.0
2025-12-18,Kia,000270.KS,119800.0,121200.0,119100.0,120400.0,120400.0,658756.0
2025-12-19,Kia,000270.KS,121200.0,121900.0,118200.0,121000.0,121000.0,1103568.0
2025-12-22,Kia,000270.KS,121700.0,121800.0,119500.0,121100.0,121100.0,532952.0
2025-12-23,Kia,000270.KS,121400.0,121900.0,119800.0,120200.0,120200.0,398278.0
2025-12-24,Kia,000270.KS,120300.0,122500.0,120000.0,121000.0,121000.0,423315.0
2025-12-26,Kia,000270.KS,121300.0,121700.0,119100.0,119800.0,119800.0,425261.0
2025-12-29,Kia,000270.KS,118600.0,121200.0,118300.0,121100.0,121100.0,425379.0
2025-12-30,Kia,000270.KS,119800.0,121800.0,119500.0,121800.0,121800.0,435122.0
2025-01-02,Celltrion,068270.KS,180288.46875,181057.6875,173173.078125,173365.390625,172643.03125,600986.0
2025-01-03,Celltrion,068270.KS,173653.84375,175192.3125,173365.390625,173942.3125,173217.546875,374870.0
2025-01-06,Celltrion,068270.KS,174038.46875,177596.15625,172788.46875,176634.609375,175898.625,478057.0
2025-01-07,Celltrion,068270.KS,176923.078125,180288.46875,176153.84375,176826.921875,176090.140625,516910.0
2025-01-08,Celltrion,068270.KS,176057.6875,179615.390625,176057.6875,177403.84375,176664.65625,454629.0
2025-01-09,Celltrion,068270.KS,177884.609375,179134.609375,176057.6875,178365.390625,177622.203125,451508.0
2025-01-10,Celltrion,068270.KS,178461.53125,179519.234375,177211.53125,177980.765625,177239.1875,388185.0
2025-01-13,Celltrion,068270.KS,177500.0,179711.53125,175480.765625,176730.765625,175994.390625,462459.0
2025-01-14,Celltrion,068270.KS,177884.609375,180576.921875,176538.46875,177403.84375,176664.65625,389451.0
2025-01-15,Celltrion,068270.KS,177692.3125,178365.390625,173173.078125,173750.0,173026.046875,583132.0
2025-01-16,Celltrion,068270.KS,175000.0,176634.609375,174903.84375,175000.0,174270.828125,408640.0
2025-01-17,Celltrion,068270.KS,174230.765625,174903.84375,171634.609375,173076.921875,172355.765625,520340.0
2025-01-20,Celltrion,068270.KS,172307.6875,174423.078125,170384.609375,173750.0,173026.046875,475616.0
2025-01-21,Celltrion,068270.KS,173653.84375,175769.234375,171826.921875,172788.46875,172068.515625,405315.0
2025-01-22,Celltrion,068270.KS,173173.078125,174903.84375,172403.84375,173557.6875,172834.53125,450820.0
2025-01-23,Celltrion,068270.KS,173750.0,175384.609375,172115.390625,172211.53125,171493.984375,450740.0
2025-01-24,Celltrion,068270.KS,172692.3125,174326.921875,172500.0,173269.234375,172547.28125,378632.0
2025-01-31,Celltrion,068270.KS,175865.390625,176923.078125,171346.15625,172788.46875,172068.515625,539928.0
2025-02-03,Celltrion,068270.KS,170000.0,170192.3125,166153.84375,169230.765625,168525.640625,725325.0
2025-02-04,Celltrion,068270.KS,169423.078125,172596.15625,169423.078125,170576.921875,169866.1875,474454.0
2025-02-05,Celltrion,068270.KS,170673.078125,172403.84375,169423.078125,171442.3125,170727.96875,403347.0
2025-02-06,Celltrion,068270.KS,172596.15625,174711.53125,172211.53125,174038.46875,173313.3125,405691.0
2025-02-07,Celltrion,068270.KS,172884.609375,174230.765625,172403.84375,172692.3125,171972.765625,318995.0
2025-02-10,Celltrion,068270.KS,171346.15625,173365.390625,169038.46875,172115.390625,171398.25,514684.0
2025-02-11,Celltrion,068270.KS,172884.609375,174711.53125,172211.53125,172788.46875,172068.515625,431872.0
2025-02-12,Celltrion,068270.KS,172692.3125,173461.53125,170576.921875,171826.921875,171110.984375,375932.0
2025-02-13,Celltrion,068270.KS,172596.15625,172788.46875,170769.234375,171057.6875,170344.953125,618549.0
2025-02-14,Celltrion,068270.KS,171346.15625,175673.078125,170961.53125,173846.15625,173121.796875,652086.0
2025-02-17,Celltrion,068270.KS,174038.46875,174519.234375,172307.6875,174519.234375,173792.078125,373090.0
2025-02-18,Celltrion,068270.KS,174038.46875,174134.609375,172211.53125,173365.390625,172643.03125,394048.0
2025-02-19,Celltrion,068270.KS,173365.390625,175480.765625,172692.3125,173653.84375,172930.28125,536141.0
2025-02-20,Celltrion,068270.KS,173173.078125,174423.078125,172115.390625,173461.53125,172738.78125,443293.0
2025-02-21,Celltrion,068270.KS,173461.53125,173750.0,171346.15625,171346.15625,170632.21875,398798.0
2025-02-24,Celltrion,068270.KS,171442.3125,171826.921875,169711.53125,171153.84375,170440.703125,320964.0
2025-02-25,Celltrion,068270.KS,170384.609375,172307.6875,167307.6875,167403.84375,166706.328125,648368.0
2025-02-26,Celltrion,068270.KS,169423.078125,183557.6875,169230.765625,182019.234375,181260.828125,2256060.0
2025-02-27,Celltrion,068270.KS,180384.609375,181730.765625,174519.234375,175673.078125,174941.109375,963207.0
2025-02-28,Celltrion,068270.KS,174134.609375,179711.53125,174038.46875,176923.078125,176185.90625,1223026.0
2025-03-04,Celltrion,068270.KS,176923.078125,185480.765625,176057.6875,176442.3125,175707.140625,1064095.0
2025-03-05,Celltrion,068270.KS,176538.46875,180000.0,176538.46875,177596.15625,176856.171875,537931.0
2025-03-06,Celltrion,068270.KS,178365.390625,181538.46875,175192.3125,180865.390625,180111.78125,784035.0
2025-03-07,Celltrion,068270.KS,179903.84375,181250.0,176923.078125,176923.078125,176185.90625,507564.0
2025-03-10,Celltrion,068270.KS,176442.3125,177788.46875,175384.609375,176153.84375,175419.875,304071.0
2025-03-11,Celltrion,068270.KS,173557.6875,177788.46875,173365.390625,176346.15625,175611.375,479254.0
2025-03-12,Celltrion,068270.KS,176634.609375,180000.0,176634.609375,179711.53125,178962.734375,477472.0
2025-03-13,Celltrion,068270.KS,179615.390625,180192.3125,176442.3125,177500.0,176760.421875,570327.0
2025-03-14,Celltrion,068270.KS,179423.078125,181442.3125,178173.078125,178942.3125,178196.71875,542443.0
2025-03-17,Celltrion,068270.KS,180673.078125,180961.53125,177115.390625,180576.921875,179824.515625,431148.0
2025-03-18,Celltrion,068270.KS,181250.0,183365.390625,180000.0,180192.3125,179441.515625,466289.0
2025-03-19,Celltrion,068270.KS,180096.15625,181730.765625,179711.53125,180000.0,179250.0,330157.0
2025-03-20,Celltrion,068270.KS,180096.15625,180865.390625,178076.921875,179134.609375,178388.21875,378046.0
2025-03-21,Celltrion,068270.KS,178076.921875,181826.921875,177596.15625,179519.234375,178771.234375,601412.0
2025-03-24,Celltrion,068270.KS,177980.765625,179230.765625,177403.84375,177980.765625,177239.1875,281748.0
2025-03-25,Celltrion,068270.KS,177788.46875,180096.15625,177115.390625,178846.15625,178100.96875,373146.0
2025-03-26,Celltrion,068270.KS,179807.6875,179807.6875,176730.765625,178269.234375,177526.453125,270811.0
2025-03-27,Celltrion,068270.KS,176923.078125,177211.53125,173846.15625,174230.765625,173504.8125,296033.0
2025-03-28,Celltrion,068270.KS,174038.46875,174326.921875,170288.46875,170288.46875,169578.9375,306252.0
2025-03-31,Celltrion,068270.KS,168173.078125,169038.46875,162211.53125,162500.0,161822.921875,642151.0
2025-04-01,Celltrion,068270.KS,163557.6875,170480.765625,163557.6875,168076.921875,167376.609375,450347.0
2025-04-02,Celltrion,068270.KS,168846.15625,169326.921875,160865.390625,163173.078125,162493.1875,648317.0
2025-04-03,Celltrion,068270.KS,159423.078125,167307.6875,159326.921875,166826.921875,166131.8125,618079.0
2025-04-04,Celltrion,068270.KS,166250.0,167884.609375,163942.3125,167211.53125,166514.8125,468846.0
2025-04-07,Celltrion,068270.KS,161153.84375,161346.15625,155673.078125,158076.921875,157418.265625,760037.0
2025-04-08,Celltrion,068270.KS,160000.0,160480.765625,156634.609375,156826.921875,156173.484375,618136.0
2025-04-09,Celltrion,068270.KS,155288.46875,156730.765625,147019.234375,148557.6875,147938.703125,938509.0
2025-04-10,Celltrion,068270.KS,157307.6875,159615.390625,153846.15625,157884.609375,157226.75,708328.0
2025-04-11,Celltrion,068270.KS,154903.84375,155673.078125,151538.46875,154903.84375,154258.40625,466656.0
2025-04-14,Celltrion,068270.KS,156442.3125,158365.390625,155865.390625,157211.53125,156556.484375,296934.0
2025-04-15,Celltrion,068270.KS,156442.3125,156826.921875,153557.6875,153653.84375,153013.625,597650.0
2025-04-16,Celltrion,068270.KS,153653.84375,154615.390625,152211.53125,152980.765625,152343.34375,395935.0
2025-04-17,Celltrion,068270.KS,154711.53125,155576.921875,152403.84375,153076.921875,152439.109375,517858.0
2025-04-18,Celltrion,068270.KS,152596.15625,153076.921875,150384.609375,151346.15625,150715.546875,428101.0
2025-04-21,Celltrion,068270.KS,151730.765625,153365.390625,150576.921875,151346.15625,150715.546875,302106.0
2025-04-22,Celltrion,068270.KS,151442.3125,153076.921875,150961.53125,151538.46875,150907.0625,314091.0
2025-04-23,Celltrion,068270.KS,153269.234375,153846.15625,151730.765625,153750.0,153109.375,335564.0
2025-04-24,Celltrion,068270.KS,154423.078125,154567.3125,152019.234375,152500.0,151864.578125,338371.0
2025-04-25,Celltrion,068270.KS,152980.765625,153365.390625,152211.53125,152211.53125,151577.3125,285211.0
2025-04-28,Celltrion,068270.KS,152307.6875,154038.46875,151057.6875,151923.078125,151290.0625,415305.0
2025-04-29,Celltrion,068270.KS,152980.765625,157884.609375,152884.609375,157692.3125,157035.265625,605560.0
2025-04-30,Celltrion,068270.KS,156826.921875,157788.46875,153846.15625,155096.15625,154449.921875,454055.0
2025-05-02,Celltrion,068270.KS,153557.6875,156826.921875,153461.53125,156153.84375,155503.203125,348694.0
2025-05-07,Celltrion,068270.KS,154230.765625,154326.921875,150288.46875,154134.609375,153492.375,609523.0
2025-05-08,Celltrion,068270.KS,153846.15625,154807.6875,153269.234375,153269.234375,152630.609375,384431.0
2025-05-09,Celltrion,068270.KS,153750.0,154519.234375,151442.3125,151923.078125,151290.0625,458992.0
2025-05-12,Celltrion,068270.KS,151346.15625,151634.609375,145384.609375,145961.53125,145353.359375,1492474.0
2025-05-13,Celltrion,068270.KS,146442.3125,150288.46875,146442.3125,148365.390625,147747.203125,820411.0
2025-05-14,Celltrion,068270.KS,147596.15625,148653.84375,146057.6875,148365.390625,147747.203125,550234.0
2025-05-15,Celltrion,068270.KS,146923.078125,147884.609375,146346.15625,147596.15625,146981.171875,562028.0
2025-05-16,Celltrion,068270.KS,147788.46875,148076.921875,146153.84375,148076.921875,147459.9375,433302.0
2025-05-19,Celltrion,068270.KS,146442.3125,148365.390625,146346.15625,148076.921875,147459.9375,465622.0
2025-05-20,Celltrion,068270.KS,149038.46875,150576.921875,148173.078125,149326.921875,148704.734375,484694.0
2025-05-21,Celltrion,068270.KS,149807.6875,150961.53125,149134.609375,150576.921875,149949.515625,461856.0
2025-05-22,Celltrion,068270.KS,148653.84375,149519.234375,147019.234375,147596.15625,146981.171875,475018.0
2025-05-23,Celltrion,068270.KS,147692.3125,148173.078125,145673.078125,146826.921875,146215.140625,414077.0
2025-05-26,Celltrion,068270.KS,145769.234375,147115.390625,144615.390625,147115.390625,146502.40625,411892.0
2025-05-27,Celltrion,068270.KS,150000.0,150480.765625,148076.921875,149615.390625,148992.0,561541.0
2025-05-28,Celltrion,068270.KS,148557.6875,150288.46875,147307.6875,150000.0,149375.0,562462.0
2025-05-29,Celltrion,068270.KS,150192.3125,152596.15625,150000.0,152596.15625,151960.34375,482170.0
2025-05-30,Celltrion,068270.KS,151442.3125,155576.921875,151442.3125,154807.6875,154162.65625,903032.0
2025-06-02,Celltrion,068270.KS,154038.46875,155480.765625,153461.53125,154807.6875,154162.65625,427198.0
2025-06-04,Celltrion,068270.KS,155192.3125,156250.0,153846.15625,154326.921875,153683.890625,487152.0
2025-06-05,Celltrion,068270.KS,154038.46875,157115.390625,154038.46875,156826.921875,156173.484375,550558.0
2025-06-09,Celltrion,068270.KS,159100.0,161000.0,158200.0,160200.0,159532.5,381749.0
2025-06-10,Celltrion,068270.KS,160500.0,162200.0,158100.0,162200.0,161524.171875,352701.0
2025-06-11,Celltrion,068270.KS,161800.0,162300.0,160400.0,162200.0,161524.171875,459952.0
2025-06-12,Celltrion,068270.KS,160800.0,165500.0,160800.0,163900.0,163217.078125,747962.0
2025-06-13,Celltrion,068270.KS,162300.0,163700.0,159200.0,160800.0,160130.0,561974.0
2025-06-16,Celltrion,068270.KS,160500.0,162400.0,160300.0,161800.0,161125.828125,352758.0
2025-06-17,Celltrion,068270.KS,161200.0,163000.0,160500.0,161800.0,161125.828125,369837.0
2025-06-18,Celltrion,068270.KS,160600.0,163200.0,160400.0,162300.0,161623.75,411730.0
2025-06-19,Celltrion,068270.KS,162300.0,162300.0,159600.0,160200.0,159532.5,387741.0
2025-06-20,Celltrion,068270.KS,160500.0,163900.0,160100.0,162200.0,161524.171875,958664.0
2025-06-23,Celltrion,068270.KS,160400.0,160800.0,158400.0,159000.0,158337.5,427725.0
2025-06-24,Celltrion,068270.KS,160600.0,162800.0,160600.0,161200.0,160528.328125,476025.0
2025-06-25,Celltrion,068270.KS,161300.0,162400.0,159700.0,160500.0,159831.25,380643.0
2025-06-26,Celltrion,068270.KS,161500.0,161600.0,159000.0,160200.0,159532.5,351561.0
2025-06-27,Celltrion,068270.KS,160400.0,160500.0,158800.0,159900.0,159233.75,298661.0
2025-06-30,Celltrion,068270.KS,160200.0,160500.0,159100.0,159600.0,158935.0,313849.0
2025-07-01,Celltrion,068270.KS,159700.0,160900.0,159700.0,160400.0,159731.671875,348932.0
2025-07-02,Celltrion,068270.KS,160800.0,170400.0,160800.0,168900.0,168196.25,1490285.0
2025-07-03,Celltrion,068270.KS,167800.0,172800.0,167000.0,172300.0,171582.078125,700001.0
2025-07-04,Celltrion,068270.KS,171700.0,179000.0,168800.0,178000.0,177258.328125,1096909.0
2025-07-07,Celltrion,068270.KS,178100.0,180500.0,176200.0,178800.0,178055.0,549788.0
2025-07-08,Celltrion,068270.KS,178000.0,179000.0,174000.0,175500.0,174768.75,531821.0
2025-07-09,Celltrion,068270.KS,174200.0,176300.0,172800.0,176100.0,175366.25,421919.0
2025-07-10,Celltrion,068270.KS,175500.0,178700.0,174600.0,178600.0,177855.828125,493869.0
2025-07-11,Celltrion,068270.KS,178600.0,180000.0,176300.0,178600.0,177855.828125,371533.0
2025-07-14,Celltrion,068270.KS,177400.0,178900.0,174700.0,177000.0,176262.5,353485.0
2025-07-15,Celltrion,068270.KS,175300.0,178900.0,175300.0,178600.0,177855.828125,307806.0
2025-07-16,Celltrion,068270.KS,177400.0,178300.0,176000.0,176800.0,176063.328125,264941.0
2025-07-17,Celltrion,068270.KS,177400.0,182000.0,177100.0,180400.0,179648.328125,648817.0
2025-07-18,Celltrion,068270.KS,181000.0,181500.0,179500.0,180300.0,179548.75,257912.0
2025-07-21,Celltrion,068270.KS,187300.0,188800.0,180900.0,181200.0,180445.0,889998.0
2025-07-22,Celltrion,068270.KS,180600.0,183000.0,179000.0,180900.0,180146.25,417645.0
2025-07-23,Celltrion,068270.KS,181600.0,182300.0,179500.0,179800.0,179050.828125,374434.0
2025-07-24,Celltrion,068270.KS,180100.0,184100.0,179700.0,180400.0,179648.328125,532157.0
2025-07-25,Celltrion,068270.KS,178500.0,178800.0,176700.0,178000.0,177258.328125,361096.0
2025-07-28,Celltrion,068270.KS,177800.0,178900.0,175000.0,177500.0,176760.421875,361174.0
2025-07-29,Celltrion,068270.KS,176300.0,182000.0,174200.0,178700.0,177955.421875,547815.0
2025-07-30,Celltrion,068270.KS,178800.0,181200.0,178400.0,180100.0,179349.578125,398563.0
2025-07-31,Celltrion,068270.KS,180100.0,180600.0,177100.0,178900.0,178154.578125,335969.0
2025-08-01,Celltrion,068270.KS,176000.0,176300.0,171100.0,171300.0,170586.25,493253.0
2025-08-04,Celltrion,068270.KS,172300.0,174800.0,171200.0,173900.0,173175.421875,295410.0
2025-08-05,Celltrion,068270.KS,175000.0,178300.0,174600.0,177800.0,177059.171875,436002.0
2025-08-06,Celltrion,068270.KS,176100.0,179000.0,175300.0,178500.0,177756.25,283520.0
2025-08-07,Celltrion,068270.KS,177700.0,177700.0,171400.0,172500.0,171781.25,789658.0
2025-08-08,Celltrion,068270.KS,173000.0,174500.0,171700.0,174100.0,173374.578125,345483.0
2025-08-11,Celltrion,068270.KS,173900.0,174300.0,172400.0,173000.0,172279.171875,256081.0
2025-08-12,Celltrion,068270.KS,173100.0,174950.0,172400.0,172400.0,171681.671875,396554.0
2025-08-13,Celltrion,068270.KS,173100.0,176000.0,172000.0,176000.0,175266.671875,380741.0
2025-08-14,Celltrion,068270.KS,175500.0,176600.0,174000.0,175000.0,174270.828125,411572.0
2025-08-18,Celltrion,068270.KS,173800.0,174500.0,172100.0,172900.0,172179.578125,265297.0
2025-08-19,Celltrion,068270.KS,173400.0,173400.0,170700.0,172900.0,172179.578125,273237.0
2025-08-20,Celltrion,068270.KS,172800.0,172900.0,169600.0,172000.0,171283.328125,349091.0
2025-08-21,Celltrion,068270.KS,172000.0,172800.0,171300.0,171300.0,170586.25,234491.0
2025-08-22,Celltrion,068270.KS,171200.0,174200.0,171100.0,173800.0,173075.828125,263421.0
2025-08-25,Celltrion,068270.KS,175300.0,176400.0,173500.0,174300.0,173573.75,256934.0
2025-08-26,Celltrion,068270.KS,172700.0,174300.0,172100.0,172900.0,172179.578125,371583.0
2025-08-27,Celltrion,068270.KS,172900.0,172900.0,170300.0,170800.0,170088.328125,280190.0
2025-08-28,Celltrion,068270.KS,171000.0,172900.0,170800.0,172400.0,171681.671875,311284.0
2025-08-29,Celltrion,068270.KS,172400.0,172700.0,167600.0,167600.0,166901.671875,519650.0
2025-09-01,Celltrion,068270.KS,168200.0,170100.0,167000.0,169800.0,169092.5,284322.0
2025-09-02,Celltrion,068270.KS,168400.0,172000.0,168400.0,171200.0,170486.671875,283757.0
2025-09-03,Celltrion,068270.KS,170100.0,171900.0,170100.0,171500.0,170785.421875,197103.0
2025-09-04,Celltrion,068270.KS,170500.0,171600.0,169400.0,170200.0,169490.828125,231914.0
2025-09-05,Celltrion,068270.KS,169600.0,170200.0,168500.0,169000.0,168295.828125,203398.0
2025-09-08,Celltrion,068270.KS,169900.0,171200.0,169200.0,170000.0,169291.671875,244197.0
2025-09-09,Celltrion,068270.KS,170800.0,171200.0,168400.0,169500.0,168793.75,256580.0
2025-09-10,Celltrion,068270.KS,168200.0,170700.0,168200.0,169700.0,168992.921875,251627.0
2025-09-11,Celltrion,068270.KS,170000.0,172000.0,169200.0,172000.0,171283.328125,414687.0
2025-09-12,Celltrion,068270.KS,172000.0,172500.0,170400.0,171700.0,170984.578125,292998.0
2025-09-15,Celltrion,068270.KS,171500.0,171900.0,169800.0,170000.0,169291.671875,276179.0
2025-09-16,Celltrion,068270.KS,170000.0,170100.0,168700.0,168700.0,167997.078125,302390.0
2025-09-17,Celltrion,068270.KS,169500.0,169600.0,167600.0,168400.0,167698.328125,241463.0
2025-09-18,Celltrion,068270.KS,169000.0,169800.0,168000.0,168500.0,167797.921875,274407.0
2025-09-19,Celltrion,068270.KS,,,,,,
2025-09-22,Celltrion,068270.KS,170500.0,170600.0,169000.0,169100.0,168395.421875,278594.0
2025-09-23,Celltrion,068270.KS,168700.0,185400.0,168600.0,184200.0,183432.5,2543427.0
2025-09-24,Celltrion,068270.KS,184200.0,184200.0,174200.0,176900.0,176162.921875,1061295.0
2025-09-25,Celltrion,068270.KS,177000.0,179400.0,176400.0,177900.0,177158.75,540443.0
2025-09-26,Celltrion,068270.KS,180700.0,181500.0,176000.0,178000.0,177258.328125,887114.0
2025-09-29,Celltrion,068270.KS,180000.0,181600.0,178050.0,178600.0,177855.828125,440827.0
2025-09-30,Celltrion,068270.KS,177500.0,177500.0,173100.0,173400.0,172677.5,565425.0
2025-10-01,Celltrion,068270.KS,175000.0,176700.0,174100.0,175100.0,174370.421875,327878.0
2025-10-02,Celltrion,068270.KS,175400.0,177000.0,174300.0,175800.0,175067.5,558334.0
2025-10-10,Celltrion,068270.KS,175800.0,177800.0,173000.0,173600.0,172876.671875,645084.0
2025-10-13,Celltrion,068270.KS,171400.0,172000.0,170000.0,170900.0,170187.921875,461175.0
2025-10-14,Celltrion,068270.KS,170100.0,172100.0,168500.0,169700.0,168992.921875,570287.0
2025-10-15,Celltrion,068270.KS,169800.0,172500.0,169700.0,171200.0,170486.671875,391762.0
2025-10-16,Celltrion,068270.KS,171100.0,176200.0,170900.0,176000.0,175266.671875,645219.0
2025-10-17,Celltrion,068270.KS,174200.0,176500.0,173050.0,175000.0,174270.828125,463695.0
2025-10-20,Celltrion,068270.KS,175700.0,177300.0,174100.0,177100.0,176362.078125,467438.0
2025-10-21,Celltrion,068270.KS,180700.0,181600.0,177100.0,178700.0,177955.421875,723300.0
2025-10-22,Celltrion,068270.KS,178800.0,180200.0,177200.0,178300.0,177557.078125,426270.0
2025-10-23,Celltrion,068270.KS,177100.0,177300.0,172600.0,172600.0,171880.828125,578246.0
2025-10-24,Celltrion,068270.KS,173500.0,173900.0,171500.0,172900.0,172179.578125,560476.0
2025-10-27,Celltrion,068270.KS,173200.0,178700.0,172100.0,178400.0,177656.671875,778941.0
2025-10-28,Celltrion,068270.KS,182200.0,183000.0,178400.0,179300.0,178552.921875,675451.0
2025-10-29,Celltrion,068270.KS,181000.0,181000.0,176100.0,176600.0,175864.171875,589487.0
2025-10-30,Celltrion,068270.KS,179800.0,182400.0,175100.0,175100.0,174370.421875,730871.0
2025-10-31,Celltrion,068270.KS,176500.0,177300.0,175000.0,175600.0,174868.328125,510222.0
2025-11-03,Celltrion,068270.KS,176000.0,176100.0,173700.0,174600.0,173872.5,545199.0
2025-11-04,Celltrion,068270.KS,174000.0,178400.0,173200.0,176300.0,175565.421875,885536.0
2025-11-05,Celltrion,068270.KS,180000.0,180000.0,172500.0,174900.0,174171.25,992167.0
2025-11-06,Celltrion,068270.KS,176100.0,178800.0,173800.0,174700.0,173972.078125,692969.0
2025-11-07,Celltrion,068270.KS,174700.0,174700.0,171100.0,172900.0,172179.578125,525561.0
2025-11-10,Celltrion,068270.KS,174000.0,175500.0,173100.0,173600.0,172876.671875,385613.0
2025-11-11,Celltrion,068270.KS,173800.0,175800.0,172700.0,172800.0,172080.0,391585.0
2025-11-12,Celltrion,068270.KS,174300.0,184300.0,174100.0,182900.0,182137.921875,2426134.0
2025-11-13,Celltrion,068270.KS,183600.0,198100.0,181500.0,195100.0,194287.078125,3385539.0
2025-11-14,Celltrion,068270.KS,193900.0,203500.0,192500.0,196100.0,195282.921875,2152881.0
2025-11-17,Celltrion,068270.KS,199100.0,199100.0,188800.0,189900.0,189108.75,1219444.0
2025-11-18,Celltrion,068270.KS,191000.0,191600.0,183300.0,183800.0,183034.171875,881020.0
2025-11-19,Celltrion,068270.KS,185800.0,186100.0,180000.0,185100.0,184328.75,830993.0
2025-11-20,Celltrion,068270.KS,187100.0,189500.0,184600.0,186800.0,186021.671875,620451.0
2025-11-21,Celltrion,068270.KS,183100.0,190800.0,183000.0,187400.0,186619.171875,636980.0
2025-11-24,Celltrion,068270.KS,189300.0,189500.0,182100.0,182100.0,181341.25,1959458.0
2025-11-25,Celltrion,068270.KS,183600.0,187600.0,182300.0,182500.0,181739.578125,466759.0
2025-11-26,Celltrion,068270.KS,185100.0,189500.0,184700.0,187400.0,186619.171875,687332.0
2025-11-27,Celltrion,068270.KS,188200.0,188800.0,185000.0,185200.0,184428.328125,379089.0
2025-11-28,Celltrion,068270.KS,186300.0,187200.0,184200.0,185600.0,184826.671875,462815.0
2025-12-01,Celltrion,068270.KS,186900.0,189350.0,184500.0,185800.0,185025.828125,399280.0
2025-12-02,Celltrion,068270.KS,185900.0,186200.0,183500.0,184200.0,183432.5,376417.0
2025-12-03,Celltrion,068270.KS,184600.0,185000.0,183100.0,183300.0,182536.25,393784.0
2025-12-04,Celltrion,068270.KS,183800.0,184900.0,181400.0,182600.0,181839.171875,467290.0
2025-12-05,Celltrion,068270.KS,182400.0,184800.0,181000.0,183300.0,182536.25,476038.0
2025-12-08,Celltrion,068270.KS,184900.0,188800.0,183900.0,187100.0,186320.421875,630756.0
2025-12-09,Celltrion,068270.KS,186600.0,187300.0,185400.0,187300.0,186519.578125,348992.0
2025-12-10,Celltrion,068270.KS,186900.0,187900.0,185700.0,185700.0,184926.25,307749.0
2025-12-11,Celltrion,068270.KS,187300.0,192100.0,185700.0,186700.0,185922.078125,940315.0
2025-12-12,Celltrion,068270.KS,187700.0,187700.0,184100.0,186800.0,186021.671875,462458.0
2025-12-15,Celltrion,068270.KS,185500.0,188900.0,184400.0,187800.0,187017.5,517365.0
2025-12-16,Celltrion,068270.KS,188300.0,188800.0,184700.0,185600.0,184826.671875,416828.0
2025-12-17,Celltrion,068270.KS,186800.0,187100.0,184500.0,185000.0,184229.171875,401918.0
2025-12-18,Celltrion,068270.KS,182400.0,184100.0,181500.0,182100.0,181341.25,349265.0
2025-12-19,Celltrion,068270.KS,183300.0,184600.0,181000.0,184500.0,183731.25,462140.0
2025-12-22,Celltrion,068270.KS,185800.0,185900.0,183100.0,184600.0,183830.828125,375622.0
2025-12-23,Celltrion,068270.KS,184100.0,185000.0,182100.0,182800.0,182038.328125,327510.0
2025-12-24,Celltrion,068270.KS,182400.0,182700.0,181600.0,182000.0,181241.671875,303584.0
2025-12-26,Celltrion,068270.KS,181700.0,182300.0,180000.0,180000.0,179250.0,462609.0
2025-12-29,Celltrion,068270.KS,178800.0,181300.0,178200.0,181300.0,181300.0,380878.0
2025-12-30,Celltrion,068270.KS,180500.0,181400.0,179300.0,181000.0,181000.0,329042.0
2025-01-02,KB Financial Group,105560.KS,82900.0,85400.0,82900.0,83400.0,79794.8984375,622880.0
2025-01-03,KB Financial Group,105560.KS,85000.0,85700.0,83500.0,83800.0,80177.6015625,846012.0
2025-01-06,KB Financial Group,105560.KS,85000.0,85800.0,84000.0,85500.0,81804.1171875,638318.0
2025-01-07,KB Financial Group,105560.KS,85700.0,86700.0,85100.0,85600.0,81899.8046875,656321.0
2025-01-08,KB Financial Group,105560.KS,84900.0,86200.0,84800.0,85600.0,81899.8046875,732168.0
2025-01-09,KB Financial Group,105560.KS,85100.0,87300.0,85000.0,86700.0,82952.2421875,906121.0
2025-01-10,KB Financial Group,105560.KS,86100.0,88400.0,86100.0,87800.0,84004.6953125,1245510.0
2025-01-13,KB Financial Group,105560.KS,87800.0,90500.0,87600.0,89300.0,85439.859375,1407611.0
2025-01-14,KB Financial Group,105560.KS,89000.0,89800.0,87800.0,88800.0,84961.4765625,918143.0
2025-01-15,KB Financial Group,105560.KS,88700.0,90700.0,88700.0,89900.0,86013.921875,937623.0
2025-01-16,KB Financial Group,105560.KS,91500.0,91700.0,89800.0,90400.0,86492.3125,791640.0
2025-01-17,KB Financial Group,105560.KS,89500.0,90400.0,88400.0,88600.0,84770.109375,926849.0
2025-01-20,KB Financial Group,105560.KS,88300.0,89500.0,87900.0,88800.0,84961.4765625,380114.0
2025-01-21,KB Financial Group,105560.KS,89600.0,90100.0,88100.0,88900.0,85057.140625,478811.0
2025-01-22,KB Financial Group,105560.KS,89900.0,90000.0,88900.0,89400.0,85535.5234375,764445.0
2025-01-23,KB Financial Group,105560.KS,89800.0,91000.0,88600.0,88600.0,84770.109375,771073.0
2025-01-24,KB Financial Group,105560.KS,88600.0,89100.0,87800.0,88900.0,85057.140625,1024781.0
2025-01-31,KB Financial Group,105560.KS,89700.0,91900.0,89700.0,91700.0,87736.1171875,2113398.0
2025-02-03,KB Financial Group,105560.KS,91600.0,92000.0,88100.0,88800.0,84961.4765625,970789.0
2025-02-04,KB Financial Group,105560.KS,90000.0,92000.0,89700.0,91300.0,87353.40625,1272273.0
2025-02-05,KB Financial Group,105560.KS,92300.0,93300.0,90400.0,91000.0,87066.375,898948.0
2025-02-06,KB Financial Group,105560.KS,87900.0,88000.0,83100.0,84900.0,81230.0546875,3473264.0
2025-02-07,KB Financial Group,105560.KS,85900.0,86300.0,84900.0,86000.0,82282.5078125,2067392.0
2025-02-10,KB Financial Group,105560.KS,85900.0,86900.0,84900.0,84900.0,81230.0546875,1409776.0
2025-02-11,KB Financial Group,105560.KS,85100.0,85600.0,83800.0,84200.0,80560.3125,1278762.0
2025-02-12,KB Financial Group,105560.KS,83200.0,85000.0,81900.0,82000.0,78455.4140625,1948739.0
2025-02-13,KB Financial Group,105560.KS,82000.0,82100.0,79100.0,79400.0,75967.8046875,3880882.0
2025-02-14,KB Financial Group,105560.KS,79100.0,80200.0,78700.0,79700.0,76254.8359375,2655434.0
2025-02-17,KB Financial Group,105560.KS,79200.0,81100.0,77600.0,81000.0,77498.640625,2650482.0
2025-02-18,KB Financial Group,105560.KS,81000.0,82300.0,80600.0,82100.0,78551.0859375,1279204.0
2025-02-19,KB Financial Group,105560.KS,82400.0,82600.0,81800.0,82200.0,78646.765625,1334119.0
2025-02-20,KB Financial Group,105560.KS,83000.0,83400.0,81300.0,82700.0,79125.1484375,1698239.0
2025-02-21,KB Financial Group,105560.KS,82600.0,83500.0,82300.0,82700.0,79125.1484375,1662225.0
2025-02-24,KB Financial Group,105560.KS,82700.0,83300.0,81700.0,82000.0,78455.4140625,1001661.0
2025-02-25,KB Financial Group,105560.KS,81400.0,82200.0,81300.0,81400.0,77881.34375,798719.0
2025-02-26,KB Financial Group,105560.KS,82000.0,82100.0,80700.0,81500.0,77977.015625,1264119.0
2025-02-27,KB Financial Group,105560.KS,81500.0,81500.0,79900.0,80800.0,78077.5234375,1512909.0
2025-02-28,KB Financial Group,105560.KS,80100.0,80700.0,78300.0,78300.0,75661.75,1490037.0
2025-03-04,KB Financial Group,105560.KS,78500.0,79200.0,77100.0,77900.0,75275.234375,1154886.0
2025-03-05,KB Financial Group,105560.KS,79200.0,79600.0,76400.0,76600.0,74019.03125,1562477.0
2025-03-06,KB Financial Group,105560.KS,77800.0,79200.0,77500.0,78600.0,75951.6484375,1559898.0
2025-03-07,KB Financial Group,105560.KS,78600.0,79200.0,77700.0,77700.0,75081.9765625,1168545.0
2025-03-10,KB Financial Group,105560.KS,77000.0,79000.0,76600.0,78500.0,75855.015625,961703.0
2025-03-11,KB Financial Group,105560.KS,78000.0,78300.0,76500.0,77400.0,74792.078125,1259132.0
2025-03-12,KB Financial Group,105560.KS,77800.0,78100.0,76400.0,76900.0,74308.9296875,1425883.0
2025-03-13,KB Financial Group,105560.KS,77400.0,79800.0,77300.0,78600.0,75951.6484375,2826631.0
2025-03-14,KB Financial Group,105560.KS,77500.0,80000.0,77100.0,78300.0,75661.75,1596060.0
2025-03-17,KB Financial Group,105560.KS,79100.0,79900.0,78400.0,78900.0,76241.5390625,804423.0
2025-03-18,KB Financial Group,105560.KS,79900.0,81100.0,79800.0,80200.0,77497.7421875,1164823.0
2025-03-19,KB Financial Group,105560.KS,80800.0,81700.0,80400.0,81200.0,78464.0390625,907656.0
2025-03-20,KB Financial Group,105560.KS,82200.0,82700.0,81600.0,82300.0,79526.9765625,1260292.0
2025-03-21,KB Financial Group,105560.KS,81100.0,83300.0,80500.0,81300.0,78560.6796875,2609924.0
2025-03-24,KB Financial Group,105560.KS,81100.0,82100.0,80700.0,81800.0,79043.828125,808002.0
2025-03-25,KB Financial Group,105560.KS,81000.0,82000.0,80100.0,81900.0,79140.453125,1311376.0
2025-03-26,KB Financial Group,105560.KS,81700.0,82700.0,81700.0,81800.0,79043.828125,970252.0
2025-03-27,KB Financial Group,105560.KS,81500.0,82000.0,79900.0,80200.0,77497.7421875,1149285.0
2025-03-28,KB Financial Group,105560.KS,80700.0,80700.0,78500.0,78700.0,76048.2734375,1041894.0
2025-03-31,KB Financial Group,105560.KS,78200.0,79800.0,77800.0,79000.0,76338.171875,1578278.0
2025-04-01,KB Financial Group,105560.KS,80100.0,81200.0,79000.0,79600.0,76917.953125,727852.0
2025-04-02,KB Financial Group,105560.KS,80700.0,81100.0,80000.0,80500.0,77787.6328125,867214.0
2025-04-03,KB Financial Group,105560.KS,77300.0,78300.0,76800.0,77100.0,74502.1875,1550963.0
2025-04-04,KB Financial Group,105560.KS,75700.0,78300.0,75700.0,77700.0,75081.9765625,1379580.0
2025-04-07,KB Financial Group,105560.KS,74300.0,74400.0,71800.0,72300.0,69863.9140625,1936293.0
2025-04-08,KB Financial Group,105560.KS,71700.0,72500.0,69500.0,70500.0,68124.5703125,2165054.0
2025-04-09,KB Financial Group,105560.KS,70500.0,71200.0,69300.0,70900.0,68511.1015625,1189462.0
2025-04-10,KB Financial Group,105560.KS,74900.0,75900.0,72500.0,75900.0,73342.625,1781664.0
2025-04-11,KB Financial Group,105560.KS,73200.0,75600.0,73000.0,75200.0,72666.21875,1080402.0
2025-04-14,KB Financial Group,105560.KS,75600.0,77000.0,75000.0,76100.0,73535.8828125,751964.0
2025-04-15,KB Financial Group,105560.KS,76700.0,78200.0,76100.0,78000.0,75371.859375,653537.0
2025-04-16,KB Financial Group,105560.KS,78500.0,80000.0,77800.0,80000.0,77304.4765625,997030.0
2025-04-17,KB Financial Group,105560.KS,80000.0,80400.0,79100.0,80300.0,77594.3671875,976299.0
2025-04-18,KB Financial Group,105560.KS,79900.0,82600.0,79700.0,82400.0,79623.6171875,1199689.0
2025-04-21,KB Financial Group,105560.KS,82400.0,83000.0,81400.0,82800.0,80010.1328125,508614.0
2025-04-22,KB Financial Group,105560.KS,82900.0,83700.0,82100.0,83400.0,80589.921875,1003736.0
2025-04-23,KB Financial Group,105560.KS,84400.0,85000.0,83800.0,85000.0,82136.0078125,942291.0
2025-04-24,KB Financial Group,105560.KS,85500.0,85500.0,83900.0,84600.0,81749.484375,1093828.0
2025-04-25,KB Financial Group,105560.KS,86300.0,87300.0,85300.0,86900.0,83971.9921875,1432921.0
2025-04-28,KB Financial Group,105560.KS,87200.0,87700.0,86200.0,86600.0,83682.1015625,623326.0
2025-04-29,KB Financial Group,105560.KS,87100.0,88000.0,86600.0,87800.0,84841.6640625,1335130.0
2025-04-30,KB Financial Group,105560.KS,88100.0,90200.0,87700.0,90200.0,87160.796875,1614509.0
2025-05-02,KB Financial Group,105560.KS,91000.0,93200.0,89900.0,93200.0,90059.7109375,1764271.0
2025-05-07,KB Financial Group,105560.KS,94800.0,94900.0,93500.0,93600.0,90446.2421875,1441226.0
2025-05-08,KB Financial Group,105560.KS,93500.0,94500.0,93200.0,94500.0,91315.9140625,1286335.0
2025-05-09,KB Financial Group,105560.KS,92200.0,93100.0,91500.0,92000.0,89766.46875,1083392.0
2025-05-12,KB Financial Group,105560.KS,91300.0,92900.0,90800.0,92200.0,89961.609375,894041.0
2025-05-13,KB Financial Group,105560.KS,91900.0,93100.0,91900.0,92600.0,90351.890625,981346.0
2025-05-14,KB Financial Group,105560.KS,92700.0,94100.0,92600.0,93400.0,91132.4765625,715874.0
2025-05-15,KB Financial Group,105560.KS,92700.0,94700.0,92700.0,93600.0,91327.625,535502.0
2025-05-16,KB Financial Group,105560.KS,92700.0,94000.0,92500.0,93600.0,91327.625,652372.0
2025-05-19,KB Financial Group,105560.KS,94400.0,95800.0,93500.0,95000.0,92693.625,971610.0
2025-05-20,KB Financial Group,105560.KS,96200.0,96300.0,94900.0,96300.0,93962.078125,787613.0
2025-05-21,KB Financial Group,105560.KS,96500.0,98200.0,96000.0,98000.0,95620.796875,1053819.0
2025-05-22,KB Financial Group,105560.KS,96100.0,97700.0,96100.0,96700.0,94352.359375,768775.0
2025-05-23,KB Financial Group,105560.KS,96800.0,99600.0,96700.0,99000.0,96596.515625,939884.0
2025-05-26,KB Financial Group,105560.KS,100000.0,102000.0,99200.0,102000.0,99523.6875,1282596.0
2025-05-27,KB Financial Group,105560.KS,101000.0,102000.0,100400.0,101900.0,99426.1171875,1099027.0
2025-05-28,KB Financial Group,105560.KS,101400.0,102400.0,99900.0,101000.0,98547.96875,1177541.0
2025-05-29,KB Financial Group,105560.KS,100800.0,102900.0,100200.0,102700.0,100206.703125,1296257.0
2025-05-30,KB Financial Group,105560.KS,102500.0,104900.0,102300.0,104300.0,101767.8515625,3421277.0
2025-06-02,KB Financial Group,105560.KS,103700.0,104800.0,98600.0,100000.0,97572.2421875,1481522.0
2025-06-04,KB Financial Group,105560.KS,100700.0,107900.0,100600.0,107900.0,105280.4453125,2503826.0
2025-06-05,KB Financial Group,105560.KS,107900.0,108000.0,104100.0,106300.0,103719.296875,2359607.0
2025-06-09,KB Financial Group,105560.KS,106100.0,110700.0,105700.0,110700.0,108012.4765625,2084938.0
2025-06-10,KB Financial Group,105560.KS,110800.0,114800.0,108400.0,110900.0,108207.625,2263281.0
2025-06-11,KB Financial Group,105560.KS,110600.0,110600.0,106400.0,107200.0,104597.4453125,1666674.0
2025-06-12,KB Financial Group,105560.KS,107600.0,108100.0,105000.0,105900.0,103329.015625,2261184.0
2025-06-13,KB Financial Group,105560.KS,105900.0,107200.0,104700.0,106000.0,103426.578125,1482722.0
2025-06-16,KB Financial Group,105560.KS,106200.0,108100.0,104800.0,107800.0,105182.875,1036382.0
2025-06-17,KB Financial Group,105560.KS,106800.0,109300.0,106200.0,107100.0,104499.875,1053976.0
2025-06-18,KB Financial Group,105560.KS,106100.0,107800.0,105500.0,107000.0,104402.296875,1083459.0
2025-06-19,KB Financial Group,105560.KS,107900.0,109000.0,105300.0,106700.0,104109.5859375,1317751.0
2025-06-20,KB Financial Group,105560.KS,107500.0,108500.0,106500.0,106500.0,103914.4375,3095365.0
2025-06-23,KB Financial Group,105560.KS,107100.0,108200.0,105600.0,107600.0,104987.7265625,1348050.0
2025-06-24,KB Financial Group,105560.KS,109400.0,113200.0,108700.0,112300.0,109573.6328125,1406979.0
2025-06-25,KB Financial Group,105560.KS,113000.0,113200.0,108800.0,109500.0,106841.609375,1685148.0
2025-06-26,KB Financial Group,105560.KS,111200.0,111300.0,108100.0,109900.0,107231.8984375,824688.0
2025-06-27,KB Financial Group,105560.KS,110000.0,112300.0,109500.0,110600.0,107914.90625,1045704.0
2025-06-30,KB Financial Group,105560.KS,111500.0,113200.0,109500.0,110900.0,108207.625,1265461.0
2025-07-01,KB Financial Group,105560.KS,109800.0,112700.0,109800.0,110800.0,108110.0390625,1391114.0
2025-07-02,KB Financial Group,105560.KS,111200.0,113500.0,110100.0,113500.0,110744.4921875,1583370.0
2025-07-03,KB Financial Group,105560.KS,115000.0,116900.0,113400.0,116900.0,114061.9453125,1495856.0
2025-07-04,KB Financial Group,105560.KS,116900.0,117900.0,111300.0,112100.0,109378.484375,1003310.0
2025-07-07,KB Financial Group,105560.KS,112100.0,114500.0,110900.0,114400.0,111622.6484375,1096768.0
2025-07-08,KB Financial Group,105560.KS,114100.0,122000.0,113700.0,122000.0,119038.1328125,1777942.0
2025-07-09,KB Financial Group,105560.KS,119600.0,120000.0,116500.0,118400.0,115525.5390625,1947529.0
2025-07-10,KB Financial Group,105560.KS,118000.0,118600.0,116200.0,116800.0,113964.3828125,1638402.0
2025-07-11,KB Financial Group,105560.KS,116800.0,118300.0,116800.0,117300.0,114452.2421875,981697.0
2025-07-14,KB Financial Group,105560.KS,118000.0,119200.0,117500.0,118500.0,115623.109375,857015.0
2025-07-15,KB Financial Group,105560.KS,116700.0,120000.0,116000.0,119600.0,116696.3984375,986461.0
2025-07-16,KB Financial Group,105560.KS,117500.0,117900.0,113300.0,113600.0,110842.0703125,1684384.0
2025-07-17,KB Financial Group,105560.KS,112800.0,115100.0,112600.0,114800.0,112012.9375,1249850.0
2025-07-18,KB Financial Group,105560.KS,115000.0,115500.0,112300.0,113400.0,110646.9296875,627930.0
2025-07-21,KB Financial Group,105560.KS,115400.0,115600.0,114100.0,115000.0,112208.0859375,739614.0
2025-07-22,KB Financial Group,105560.KS,114600.0,116500.0,113800.0,114600.0,111817.7890625,895670.0
2025-07-23,KB Financial Group,105560.KS,117500.0,117500.0,114300.0,115300.0,112500.796875,834382.0
2025-07-24,KB Financial Group,105560.KS,116900.0,118400.0,115800.0,117200.0,114354.6640625,1021966.0
2025-07-25,KB Financial Group,105560.KS,120300.0,126600.0,117300.0,118800.0,115915.828125,2075925.0
2025-07-28,KB Financial Group,105560.KS,117600.0,117800.0,109600.0,110500.0,107817.3203125,1481084.0
2025-07-29,KB Financial Group,105560.KS,109400.0,112300.0,109200.0,111300.0,108597.90625,1459782.0
2025-07-30,KB Financial Group,105560.KS,111400.0,113500.0,110000.0,112800.0,110061.4921875,769200.0
2025-07-31,KB Financial Group,105560.KS,111700.0,112700.0,110300.0,110900.0,108207.625,1564300.0
2025-08-01,KB Financial Group,105560.KS,107800.0,108500.0,105800.0,106000.0,103426.578125,1884341.0
2025-08-04,KB Financial Group,105560.KS,106700.0,108900.0,106600.0,108400.0,105768.3125,1262668.0
2025-08-05,KB Financial Group,105560.KS,111500.0,113500.0,109800.0,112400.0,109671.203125,1242108.0
2025-08-06,KB Financial Group,105560.KS,112500.0,115600.0,112100.0,115600.0,112793.515625,892654.0
2025-08-07,KB Financial Group,105560.KS,115100.0,115400.0,113700.0,115000.0,112208.0859375,685853.0
2025-08-08,KB Financial Group,105560.KS,113900.0,114600.0,112400.0,113500.0,111637.59375,647277.0
2025-08-11,KB Financial Group,105560.KS,113600.0,114000.0,112500.0,112700.0,110850.7265625,676713.0
2025-08-12,KB Financial Group,105560.KS,113200.0,116900.0,112600.0,114100.0,112227.7578125,672113.0
2025-08-13,KB Financial Group,105560.KS,114600.0,115700.0,113100.0,114600.0,112719.546875,601859.0
2025-08-14,KB Financial Group,105560.KS,115800.0,116300.0,113200.0,113200.0,111342.515625,786457.0
2025-08-18,KB Financial Group,105560.KS,111300.0,111900.0,107000.0,107200.0,105440.9765625,1645279.0
2025-08-19,KB Financial Group,105560.KS,107500.0,109400.0,106000.0,109400.0,107604.8671875,1262756.0
2025-08-20,KB Financial Group,105560.KS,110400.0,110500.0,106200.0,109500.0,107703.234375,1069376.0
2025-08-21,KB Financial Group,105560.KS,109900.0,110500.0,108900.0,109700.0,107899.9453125,590448.0
2025-08-22,KB Financial Group,105560.KS,110900.0,111200.0,108300.0,108400.0,106621.28125,601840.0
2025-08-25,KB Financial Group,105560.KS,109300.0,110400.0,109100.0,110300.0,108490.109375,447114.0
2025-08-26,KB Financial Group,105560.KS,109700.0,109900.0,107700.0,108300.0,106522.9296875,1759014.0
2025-08-27,KB Financial Group,105560.KS,108000.0,109000.0,107000.0,108500.0,106719.640625,532960.0
2025-08-28,KB Financial Group,105560.KS,108000.0,110700.0,107100.0,109100.0,107309.796875,727736.0
2025-08-29,KB Financial Group,105560.KS,109200.0,110300.0,108200.0,108200.0,106424.5625,690061.0
2025-09-01,KB Financial Group,105560.KS,109400.0,109400.0,107000.0,107100.0,105342.6171875,449563.0
2025-09-02,KB Financial Group,105560.KS,106600.0,108950.0,106600.0,108800.0,107014.71875,445897.0
2025-09-03,KB Financial Group,105560.KS,109800.0,110200.0,109000.0,110200.0,108391.7421875,561813.0
2025-09-04,KB Financial Group,105560.KS,108800.0,109900.0,108000.0,108500.0,106719.640625,579726.0
2025-09-05,KB Financial Group,105560.KS,108400.0,109300.0,108100.0,108600.0,106818.0,473392.0
2025-09-08,KB Financial Group,105560.KS,108600.0,108700.0,105800.0,106700.0,104949.1796875,1060961.0
2025-09-09,KB Financial Group,105560.KS,107500.0,109900.0,106900.0,109900.0,108096.671875,969437.0
2025-09-10,KB Financial Group,105560.KS,111200.0,118000.0,110200.0,117600.0,115670.3203125,1549054.0
2025-09-11,KB Financial Group,105560.KS,117000.0,117600.0,114900.0,117600.0,115670.3203125,1307952.0
2025-09-12,KB Financial Group,105560.KS,119400.0,119800.0,117300.0,119300.0,117342.421875,1088302.0
2025-09-15,KB Financial Group,105560.KS,117500.0,121500.0,117500.0,119600.0,117637.5,1016593.0
2025-09-16,KB Financial Group,105560.KS,119600.0,120300.0,117800.0,117800.0,115867.0390625,961524.0
2025-09-17,KB Financial Group,105560.KS,117600.0,118600.0,117500.0,118300.0,116358.8359375,645617.0
2025-09-18,KB Financial Group,105560.KS,117800.0,118300.0,115600.0,116900.0,114981.8046875,719010.0
2025-09-19,KB Financial Group,105560.KS,,,,,,
2025-09-22,KB Financial Group,105560.KS,117400.0,118100.0,115600.0,116900.0,114981.8046875,629902.0
2025-09-23,KB Financial Group,105560.KS,116800.0,117700.0,115200.0,115400.0,113506.421875,824229.0
2025-09-24,KB Financial Group,105560.KS,116400.0,117400.0,114600.0,115300.0,113408.0625,472792.0
2025-09-25,KB Financial Group,105560.KS,114900.0,116500.0,113800.0,114300.0,112424.46875,621748.0
2025-09-26,KB Financial Group,105560.KS,113400.0,113950.0,111900.0,112700.0,110850.7265625,852956.0
2025-09-29,KB Financial Group,105560.KS,113800.0,116100.0,113500.0,115700.0,113801.5,582740.0
2025-09-30,KB Financial Group,105560.KS,114600.0,115500.0,114100.0,115500.0,113604.78125,960038.0
2025-10-01,KB Financial Group,105560.KS,114900.0,116300.0,114600.0,116300.0,114391.65625,714154.0
2025-10-02,KB Financial Group,105560.KS,117000.0,119300.0,115300.0,117300.0,115375.2421875,1308296.0
2025-10-10,KB Financial Group,105560.KS,113500.0,115000.0,111500.0,112800.0,110949.0859375,1938571.0
2025-10-13,KB Financial Group,105560.KS,112800.0,113100.0,110500.0,111600.0,109768.7734375,796197.0
2025-10-14,KB Financial Group,105560.KS,110100.0,112200.0,109200.0,110900.0,109080.265625,675180.0
2025-10-15,KB Financial Group,105560.KS,112200.0,115900.0,112000.0,115700.0,113801.5,1145113.0
2025-10-16,KB Financial Group,105560.KS,112300.0,115200.0,112200.0,113700.0,111834.3125,883484.0
2025-10-17,KB Financial Group,105560.KS,112500.0,115900.0,112400.0,114000.0,112129.390625,798346.0
2025-10-20,KB Financial Group,105560.KS,115000.0,118500.0,113000.0,118200.0,116260.484375,875613.0
2025-10-21,KB Financial Group,105560.KS,118500.0,120600.0,116000.0,116500.0,114588.375,932529.0
2025-10-22,KB Financial Group,105560.KS,116200.0,116500.0,114500.0,115800.0,113899.859375,850669.0
2025-10-23,KB Financial Group,105560.KS,114500.0,116500.0,113800.0,114800.0,112916.265625,763855.0
2025-10-24,KB Financial Group,105560.KS,115000.0,115900.0,113800.0,113800.0,111932.671875,773644.0
2025-10-27,KB Financial Group,105560.KS,114800.0,118600.0,114000.0,118000.0,116063.7578125,1030435.0
2025-10-28,KB Financial Group,105560.KS,116100.0,117200.0,115000.0,116400.0,114490.0078125,1203541.0
2025-10-29,KB Financial Group,105560.KS,118300.0,119600.0,114700.0,116000.0,114096.578125,1013640.0
2025-10-30,KB Financial Group,105560.KS,114700.0,119100.0,114600.0,115800.0,113899.859375,930628.0
2025-10-31,KB Financial Group,105560.KS,115300.0,118100.0,114800.0,116600.0,114686.734375,1236699.0
2025-11-03,KB Financial Group,105560.KS,115700.0,118300.0,115600.0,118000.0,116063.7578125,664243.0
2025-11-04,KB Financial Group,105560.KS,118400.0,124700.0,117200.0,121900.0,119899.765625,1360025.0
2025-11-05,KB Financial Group,105560.KS,124600.0,124600.0,119200.0,121600.0,119604.6875,1326347.0
2025-11-06,KB Financial Group,105560.KS,124000.0,128600.0,123100.0,125300.0,123243.9765625,1719636.0
2025-11-07,KB Financial Group,105560.KS,128000.0,128800.0,122100.0,123700.0,121670.2265625,1513815.0
2025-11-10,KB Financial Group,105560.KS,129000.0,132500.0,126100.0,129000.0,126883.2578125,1910240.0
2025-11-11,KB Financial Group,105560.KS,130000.0,133500.0,128600.0,130700.0,128555.3671875,1515015.0
2025-11-12,KB Financial Group,105560.KS,129300.0,135700.0,129100.0,134700.0,132489.734375,1202883.0
2025-11-13,KB Financial Group,105560.KS,137400.0,140000.0,132800.0,133500.0,132222.3125,1397564.0
2025-11-14,KB Financial Group,105560.KS,132100.0,134700.0,129500.0,129500.0,128260.6015625,1133586.0
2025-11-17,KB Financial Group,105560.KS,128000.0,129300.0,126500.0,126800.0,125586.4375,1249457.0
2025-11-18,KB Financial Group,105560.KS,125600.0,126700.0,122300.0,122500.0,121327.59375,838692.0
2025-11-19,KB Financial Group,105560.KS,124500.0,125000.0,120800.0,122200.0,121030.46875,1087277.0
2025-11-20,KB Financial Group,105560.KS,122300.0,123900.0,121200.0,121200.0,120040.0390625,889274.0
2025-11-21,KB Financial Group,105560.KS,115900.0,121500.0,115800.0,120500.0,119346.734375,714841.0
2025-11-24,KB Financial Group,105560.KS,122900.0,123700.0,120300.0,120300.0,119148.6484375,1596964.0
2025-11-25,KB Financial Group,105560.KS,122500.0,124300.0,120400.0,121700.0,120535.25,878115.0
2025-11-26,KB Financial Group,105560.KS,122800.0,125500.0,122100.0,124700.0,123506.5390625,983365.0
2025-11-27,KB Financial Group,105560.KS,123600.0,125700.0,123600.0,123700.0,122516.109375,541036.0
2025-11-28,KB Financial Group,105560.KS,124700.0,125300.0,123200.0,124800.0,123605.578125,685738.0
2025-12-01,KB Financial Group,105560.KS,126400.0,127500.0,124500.0,126300.0,125091.2265625,810275.0
2025-12-02,KB Financial Group,105560.KS,128800.0,133600.0,127000.0,132000.0,130736.671875,1349596.0
2025-12-03,KB Financial Group,105560.KS,132800.0,134300.0,130700.0,131700.0,130439.546875,1088544.0
2025-12-04,KB Financial Group,105560.KS,130600.0,131200.0,128200.0,128800.0,127567.296875,888091.0
2025-12-05,KB Financial Group,105560.KS,129800.0,131000.0,128100.0,130700.0,129449.1171875,970532.0
2025-12-08,KB Financial Group,105560.KS,130500.0,131400.0,126600.0,127900.0,126675.9140625,918395.0
2025-12-09,KB Financial Group,105560.KS,128300.0,128300.0,125100.0,126000.0,124794.09375,1023466.0
2025-12-10,KB Financial Group,105560.KS,126500.0,126500.0,124000.0,124500.0,123308.453125,754983.0
2025-12-11,KB Financial Group,105560.KS,125400.0,126900.0,124800.0,124800.0,123605.578125,979301.0
2025-12-12,KB Financial Group,105560.KS,126000.0,126900.0,124600.0,126100.0,124893.140625,918020.0
2025-12-15,KB Financial Group,105560.KS,126400.0,126600.0,124000.0,124900.0,123704.625,674088.0
2025-12-16,KB Financial Group,105560.KS,125100.0,126100.0,123300.0,123700.0,122516.109375,1164104.0
2025-12-17,KB Financial Group,105560.KS,123900.0,124600.0,122700.0,124300.0,123110.3671875,814424.0
2025-12-18,KB Financial Group,105560.KS,124500.0,124500.0,122800.0,124000.0,122813.2421875,685456.0
2025-12-19,KB Financial Group,105560.KS,125200.0,125800.0,123200.0,125200.0,124001.75,726248.0
2025-12-22,KB Financial Group,105560.KS,126400.0,126500.0,125000.0,126500.0,125289.3125,521087.0
2025-12-23,KB Financial Group,105560.KS,126800.0,127300.0,125300.0,126000.0,124794.09375,484510.0
2025-12-24,KB Financial Group,105560.KS,125700.0,126600.0,125300.0,126100.0,124893.140625,318252.0
2025-12-26,KB Financial Group,105560.KS,126000.0,126100.0,124300.0,124600.0,123407.4921875,329428.0
2025-12-29,KB Financial Group,105560.KS,122600.0,125600.0,121400.0,125600.0,124397.921875,462846.0
2025-12-30,KB Financial Group,105560.KS,124100.0,125700.0,123700.0,124700.0,123506.5390625,405215.0
2025-01-02,POSCO Holdings,005490.KS,254500.0,255000.0,248500.0,250000.0,239721.75,272261.0
2025-01-03,POSCO Holdings,005490.KS,249000.0,262000.0,249000.0,259000.0,248351.71875,350244.0
2025-01-06,POSCO Holdings,005490.KS,260000.0,263500.0,258000.0,262000.0,251228.40625,255736.0
2025-01-07,POSCO Holdings,005490.KS,264500.0,267000.0,262000.0,262500.0,251707.84375,279604.0
2025-01-08,POSCO Holdings,005490.KS,260000.0,266000.0,258500.0,263500.0,252666.71875,416860.0
2025-01-09,POSCO Holdings,005490.KS,263000.0,264500.0,258000.0,261000.0,250269.515625,508533.0
2025-01-10,POSCO Holdings,005490.KS,259500.0,263500.0,257500.0,262000.0,251228.40625,315902.0
2025-01-13,POSCO Holdings,005490.KS,259500.0,261500.0,256000.0,257000.0,246433.953125,242769.0
2025-01-14,POSCO Holdings,005490.KS,258500.0,262000.0,255000.0,259500.0,248831.171875,302202.0
2025-01-15,POSCO Holdings,005490.KS,261000.0,265000.0,257000.0,257000.0,246433.953125,231931.0
2025-01-16,POSCO Holdings,005490.KS,261500.0,265000.0,261000.0,262000.0,251228.40625,217450.0
2025-01-17,POSCO Holdings,005490.KS,262000.0,263000.0,259000.0,260000.0,249310.609375,154275.0
2025-01-20,POSCO Holdings,005490.KS,262500.0,272500.0,262000.0,271000.0,259858.375,440938.0
2025-01-21,POSCO Holdings,005490.KS,270000.0,272000.0,257000.0,258000.0,247392.84375,407749.0
2025-01-22,POSCO Holdings,005490.KS,260500.0,266500.0,260500.0,264000.0,253146.15625,242748.0
2025-01-23,POSCO Holdings,005490.KS,262500.0,263000.0,257000.0,259500.0,248831.171875,189906.0
2025-01-24,POSCO Holdings,005490.KS,259500.0,263000.0,257000.0,261500.0,250748.9375,182584.0
2025-01-31,POSCO Holdings,005490.KS,266000.0,266500.0,258000.0,260500.0,249790.0625,210802.0
2025-02-03,POSCO Holdings,005490.KS,256500.0,256500.0,247000.0,248500.0,238283.421875,402340.0
2025-02-04,POSCO Holdings,005490.KS,250000.0,252000.0,236000.0,236500.0,226776.765625,839230.0
2025-02-05,POSCO Holdings,005490.KS,238000.0,243500.0,238000.0,242000.0,232050.625,370345.0
2025-02-06,POSCO Holdings,005490.KS,242500.0,243000.0,239000.0,242500.0,232530.09375,243074.0
2025-02-07,POSCO Holdings,005490.KS,240500.0,244500.0,239000.0,239000.0,229173.96875,219950.0
2025-02-10,POSCO Holdings,005490.KS,233500.0,237500.0,227500.0,237000.0,227256.21875,455071.0
2025-02-11,POSCO Holdings,005490.KS,234500.0,238500.0,233000.0,235000.0,225338.453125,310281.0
2025-02-12,POSCO Holdings,005490.KS,233000.0,234000.0,229500.0,230500.0,221023.453125,345800.0
2025-02-13,POSCO Holdings,005490.KS,232500.0,246500.0,232000.0,246500.0,236365.625,823835.0
2025-02-14,POSCO Holdings,005490.KS,246500.0,249500.0,242500.0,247000.0,236845.078125,267360.0
2025-02-17,POSCO Holdings,005490.KS,247000.0,252000.0,246000.0,250000.0,239721.75,268640.0
2025-02-18,POSCO Holdings,005490.KS,250500.0,251000.0,246500.0,248500.0,238283.421875,179534.0
2025-02-19,POSCO Holdings,005490.KS,248500.0,262000.0,248500.0,258500.0,247872.3125,530138.0
2025-02-20,POSCO Holdings,005490.KS,260500.0,271000.0,258500.0,268500.0,257461.15625,596260.0
2025-02-21,POSCO Holdings,005490.KS,276000.0,290000.0,273500.0,282000.0,270406.125,1048438.0
2025-02-24,POSCO Holdings,005490.KS,281000.0,284500.0,278500.0,281000.0,269447.28125,420927.0
2025-02-25,POSCO Holdings,005490.KS,283000.0,284000.0,274000.0,274500.0,263214.46875,350848.0
2025-02-26,POSCO Holdings,005490.KS,272500.0,285000.0,272000.0,282000.0,270406.125,465225.0
2025-02-27,POSCO Holdings,005490.KS,282000.0,284000.0,277000.0,281000.0,271857.34375,289593.0
2025-02-28,POSCO Holdings,005490.KS,275500.0,279000.0,271000.0,272500.0,263633.875,462786.0
2025-03-04,POSCO Holdings,005490.KS,274500.0,276500.0,266000.0,268000.0,259280.296875,397751.0
2025-03-05,POSCO Holdings,005490.KS,266000.0,280000.0,266000.0,276500.0,267503.75,334927.0
2025-03-06,POSCO Holdings,005490.KS,283500.0,303500.0,282000.0,295500.0,285885.5625,1097274.0
2025-03-07,POSCO Holdings,005490.KS,295500.0,322500.0,292500.0,317000.0,306686.0,1586405.0
2025-03-10,POSCO Holdings,005490.KS,314000.0,314500.0,302500.0,310500.0,300397.5,701440.0
2025-03-11,POSCO Holdings,005490.KS,298500.0,301000.0,294000.0,296500.0,286853.0,624586.0
2025-03-12,POSCO Holdings,005490.KS,296500.0,320000.0,296000.0,314000.0,303783.59375,742490.0
2025-03-13,POSCO Holdings,005490.KS,319500.0,319500.0,309500.0,312500.0,302332.4375,596974.0
2025-03-14,POSCO Holdings,005490.KS,311000.0,314500.0,304500.0,304500.0,294592.71875,366199.0
2025-03-17,POSCO Holdings,005490.KS,304500.0,314000.0,304500.0,307000.0,297011.375,328872.0
2025-03-18,POSCO Holdings,005490.KS,309000.0,314000.0,305000.0,305000.0,295076.46875,278184.0
2025-03-19,POSCO Holdings,005490.KS,305000.0,318000.0,305000.0,312500.0,302332.4375,436098.0
2025-03-20,POSCO Holdings,005490.KS,318000.0,337000.0,318000.0,332000.0,321197.96875,1087678.0
2025-03-21,POSCO Holdings,005490.KS,327500.0,329000.0,318500.0,326000.0,315393.1875,665836.0
2025-03-24,POSCO Holdings,005490.KS,318500.0,319000.0,307000.0,308500.0,298462.5625,480012.0
2025-03-25,POSCO Holdings,005490.KS,311000.0,313000.0,307000.0,307500.0,297495.0625,268530.0
2025-03-26,POSCO Holdings,005490.KS,309500.0,310000.0,303000.0,307000.0,297011.375,254049.0
2025-03-27,POSCO Holdings,005490.KS,303000.0,303000.0,297000.0,300500.0,290722.875,208639.0
2025-03-28,POSCO Holdings,005490.KS,299000.0,299000.0,289500.0,292000.0,282499.46875,275386.0
2025-03-31,POSCO Holdings,005490.KS,282500.0,284000.0,278000.0,278500.0,269438.65625,441844.0
2025-04-01,POSCO Holdings,005490.KS,281000.0,284500.0,276500.0,279500.0,270406.125,247534.0
2025-04-02,POSCO Holdings,005490.KS,280000.0,282000.0,270500.0,272000.0,263150.125,447622.0
2025-04-03,POSCO Holdings,005490.KS,263000.0,272500.0,261500.0,271000.0,262182.65625,368358.0
2025-04-04,POSCO Holdings,005490.KS,267000.0,278000.0,265500.0,273000.0,264117.625,461911.0
2025-04-07,POSCO Holdings,005490.KS,260000.0,261500.0,253500.0,255000.0,246703.265625,510440.0
2025-04-08,POSCO Holdings,005490.KS,260000.0,263000.0,250500.0,251500.0,243317.140625,532973.0
2025-04-09,POSCO Holdings,005490.KS,249500.0,259000.0,246000.0,249500.0,241382.203125,498399.0
2025-04-10,POSCO Holdings,005490.KS,264000.0,264000.0,255500.0,261000.0,252508.03125,638992.0
2025-04-11,POSCO Holdings,005490.KS,255500.0,257000.0,251000.0,255000.0,246703.265625,305372.0
2025-04-14,POSCO Holdings,005490.KS,257500.0,261000.0,254000.0,254500.0,246219.53125,230139.0
2025-04-15,POSCO Holdings,005490.KS,256500.0,261000.0,254500.0,257500.0,249121.921875,207908.0
2025-04-16,POSCO Holdings,005490.KS,258000.0,261000.0,252500.0,253500.0,245252.078125,155188.0
2025-04-17,POSCO Holdings,005490.KS,253000.0,256500.0,251500.0,254000.0,245735.8125,164400.0
2025-04-18,POSCO Holdings,005490.KS,254000.0,255000.0,250500.0,253000.0,244768.34375,135988.0
2025-04-21,POSCO Holdings,005490.KS,252500.0,255000.0,250000.0,251000.0,242833.40625,129392.0
2025-04-22,POSCO Holdings,005490.KS,251000.0,256000.0,250500.0,252000.0,243800.859375,185959.0
2025-04-23,POSCO Holdings,005490.KS,256500.0,261500.0,253500.0,260000.0,251540.59375,284877.0
2025-04-24,POSCO Holdings,005490.KS,262000.0,262500.0,254000.0,257000.0,248638.203125,209451.0
2025-04-25,POSCO Holdings,005490.KS,260000.0,262500.0,257250.0,260000.0,251540.59375,195750.0
2025-04-28,POSCO Holdings,005490.KS,261500.0,265000.0,260000.0,262500.0,253959.25,187829.0
2025-04-29,POSCO Holdings,005490.KS,262500.0,265000.0,261000.0,262500.0,253959.25,200752.0
2025-04-30,POSCO Holdings,005490.KS,261500.0,263000.0,258000.0,260500.0,252024.3125,195336.0
2025-05-02,POSCO Holdings,005490.KS,258000.0,259500.0,255500.0,255500.0,247186.984375,173041.0
2025-05-07,POSCO Holdings,005490.KS,259000.0,266000.0,259000.0,261500.0,252991.78125,282409.0
2025-05-08,POSCO Holdings,005490.KS,263500.0,264500.0,260000.0,261500.0,252991.78125,298053.0
2025-05-09,POSCO Holdings,005490.KS,262500.0,265000.0,258000.0,258500.0,250089.375,216958.0
2025-05-12,POSCO Holdings,005490.KS,260500.0,263000.0,258000.0,263000.0,254442.984375,175917.0
2025-05-13,POSCO Holdings,005490.KS,265000.0,266000.0,256000.0,257500.0,249121.921875,259035.0
2025-05-14,POSCO Holdings,005490.KS,252000.0,253500.0,247000.0,252000.0,243800.859375,419327.0
2025-05-15,POSCO Holdings,005490.KS,250500.0,253500.0,250000.0,250000.0,241865.9375,132121.0
2025-05-16,POSCO Holdings,005490.KS,250000.0,251500.0,245000.0,247500.0,239447.296875,213669.0
2025-05-19,POSCO Holdings,005490.KS,243500.0,246500.0,243500.0,245500.0,237512.359375,155028.0
2025-05-20,POSCO Holdings,005490.KS,247000.0,248500.0,240500.0,241000.0,233158.78125,221250.0
2025-05-21,POSCO Holdings,005490.KS,240000.0,244000.0,240000.0,240500.0,232675.03125,155222.0
2025-05-22,POSCO Holdings,005490.KS,239000.0,240000.0,235000.0,238000.0,230256.375,196315.0
2025-05-23,POSCO Holdings,005490.KS,237500.0,239000.0,233000.0,233500.0,225902.796875,180700.0
2025-05-26,POSCO Holdings,005490.KS,230500.0,243500.0,230000.0,241500.0,233642.5,203755.0
2025-05-27,POSCO Holdings,005490.KS,239000.0,242500.0,235500.0,237000.0,231687.328125,163682.0
2025-05-28,POSCO Holdings,005490.KS,238500.0,251000.0,238500.0,249500.0,243907.125,384914.0
2025-05-29,POSCO Holdings,005490.KS,252000.0,258000.0,249000.0,254500.0,248795.046875,326031.0
2025-05-30,POSCO Holdings,005490.KS,255000.0,257000.0,250000.0,250000.0,244395.90625,441162.0
2025-06-02,POSCO Holdings,005490.KS,245500.0,249500.0,240500.0,244000.0,238530.421875,329321.0
2025-06-04,POSCO Holdings,005490.KS,246500.0,251000.0,242500.0,245500.0,239996.796875,331807.0
2025-06-05,POSCO Holdings,005490.KS,246500.0,259000.0,246500.0,257000.0,251239.015625,380896.0
2025-06-09,POSCO Holdings,005490.KS,260500.0,263500.0,255000.0,258000.0,252216.59375,451792.0
2025-06-10,POSCO Holdings,005490.KS,261000.0,266500.0,259000.0,262000.0,256126.921875,454259.0
2025-06-11,POSCO Holdings,005490.KS,266000.0,271500.0,263000.0,266500.0,260526.046875,261082.0
2025-06-12,POSCO Holdings,005490.KS,264000.0,268500.0,262500.0,265500.0,259548.46875,424600.0
2025-06-13,POSCO Holdings,005490.KS,265000.0,265500.0,259000.0,264000.0,258082.078125,418295.0
2025-06-16,POSCO Holdings,005490.KS,260500.0,261000.0,254000.0,259000.0,253194.171875,262336.0
2025-06-17,POSCO Holdings,005490.KS,258500.0,262000.0,255000.0,257500.0,251727.796875,248424.0
2025-06-18,POSCO Holdings,005490.KS,254500.0,259500.0,254000.0,259000.0,253194.171875,225385.0
2025-06-19,POSCO Holdings,005490.KS,259500.0,263000.0,256500.0,260000.0,254171.765625,271456.0
2025-06-20,POSCO Holdings,005490.KS,260000.0,265000.0,256500.0,262500.0,256615.71875,495939.0
2025-06-23,POSCO Holdings,005490.KS,257500.0,258000.0,249500.0,253500.0,247817.46875,371107.0
2025-06-24,POSCO Holdings,005490.KS,258000.0,263500.0,257000.0,263000.0,257104.515625,305296.0
2025-06-25,POSCO Holdings,005490.KS,267000.0,271500.0,262500.0,269500.0,263458.78125,383736.0
2025-06-26,POSCO Holdings,005490.KS,272000.0,272500.0,264000.0,267500.0,261503.65625,241117.0
2025-06-27,POSCO Holdings,005490.KS,268000.0,269000.0,258500.0,260000.0,254171.765625,264091.0
2025-06-30,POSCO Holdings,005490.KS,261500.0,267000.0,260000.0,261000.0,255149.328125,207861.0
2025-07-01,POSCO Holdings,005490.KS,264000.0,284000.0,263000.0,276000.0,269813.09375,651594.0
2025-07-02,POSCO Holdings,005490.KS,278500.0,289000.0,274000.0,288000.0,281544.09375,588727.0
2025-07-03,POSCO Holdings,005490.KS,294000.0,318500.0,291000.0,312000.0,305006.09375,1420531.0
2025-07-04,POSCO Holdings,005490.KS,310000.0,325000.0,307500.0,316500.0,309405.21875,1007067.0
2025-07-07,POSCO Holdings,005490.KS,320000.0,322000.0,309500.0,313500.0,306472.46875,497135.0
2025-07-08,POSCO Holdings,005490.KS,306500.0,314000.0,305500.0,311000.0,304028.53125,388969.0
2025-07-09,POSCO Holdings,005490.KS,314000.0,320000.0,309500.0,312000.0,305006.09375,345470.0
2025-07-10,POSCO Holdings,005490.KS,315500.0,318000.0,309500.0,314500.0,307450.0625,515384.0
2025-07-11,POSCO Holdings,005490.KS,318000.0,330000.0,316000.0,321000.0,313804.375,638710.0
2025-07-14,POSCO Holdings,005490.KS,323000.0,323000.0,314500.0,321500.0,314293.15625,323036.0
2025-07-15,POSCO Holdings,005490.KS,319000.0,323000.0,315500.0,321000.0,313804.375,276462.0
2025-07-16,POSCO Holdings,005490.KS,317500.0,319500.0,304000.0,305500.0,298651.8125,516090.0
2025-07-17,POSCO Holdings,005490.KS,307000.0,309500.0,301500.0,307500.0,300606.9375,327730.0
2025-07-18,POSCO Holdings,005490.KS,312000.0,319000.0,306000.0,311000.0,304028.53125,557426.0
2025-07-21,POSCO Holdings,005490.KS,310000.0,329500.0,308500.0,327000.0,319669.875,569061.0
2025-07-22,POSCO Holdings,005490.KS,332000.0,333000.0,318000.0,323000.0,315759.5,412371.0
2025-07-23,POSCO Holdings,005490.KS,330000.0,342000.0,329000.0,335000.0,327490.53125,768304.0
2025-07-24,POSCO Holdings,005490.KS,333000.0,337000.0,330500.0,334000.0,326512.9375,361085.0
2025-07-25,POSCO Holdings,005490.KS,332000.0,335500.0,327500.0,332500.0,325046.5625,275438.0
2025-07-28,POSCO Holdings,005490.KS,330000.0,335000.0,317500.0,323000.0,315759.5,419489.0
2025-07-29,POSCO Holdings,005490.KS,315000.0,317500.0,308500.0,316500.0,309405.21875,345233.0
2025-07-30,POSCO Holdings,005490.KS,315000.0,316500.0,310500.0,313000.0,305983.6875,367521.0
2025-07-31,POSCO Holdings,005490.KS,320000.0,323500.0,305000.0,308500.0,301584.5625,330485.0
2025-08-01,POSCO Holdings,005490.KS,302500.0,306000.0,290000.0,290500.0,283988.03125,502029.0
2025-08-04,POSCO Holdings,005490.KS,290500.0,293000.0,286500.0,290000.0,283499.28125,259649.0
2025-08-05,POSCO Holdings,005490.KS,294500.0,299000.0,293000.0,298000.0,291319.9375,294181.0
2025-08-06,POSCO Holdings,005490.KS,294500.0,301000.0,294500.0,298500.0,291808.75,201338.0
2025-08-07,POSCO Holdings,005490.KS,299000.0,299000.0,294000.0,297500.0,290831.125,213210.0
2025-08-08,POSCO Holdings,005490.KS,296500.0,298000.0,293000.0,295500.0,288876.0,283862.0
2025-08-11,POSCO Holdings,005490.KS,298000.0,309500.0,298000.0,306500.0,299629.40625,424075.0
2025-08-12,POSCO Holdings,005490.KS,305000.0,309500.0,302500.0,306000.0,299140.59375,179650.0
2025-08-13,POSCO Holdings,005490.KS,310000.0,310000.0,302000.0,309000.0,302073.375,201181.0
2025-08-14,POSCO Holdings,005490.KS,309500.0,310500.0,304500.0,307500.0,300606.9375,217001.0
2025-08-18,POSCO Holdings,005490.KS,307500.0,311750.0,300500.0,301500.0,294741.5,254583.0
2025-08-19,POSCO Holdings,005490.KS,304000.0,306000.0,296000.0,302000.0,295230.28125,166160.0
2025-08-20,POSCO Holdings,005490.KS,302000.0,303000.0,296000.0,299000.0,292297.5,209981.0
2025-08-21,POSCO Holdings,005490.KS,300000.0,308500.0,298500.0,302500.0,295719.0625,227934.0
2025-08-22,POSCO Holdings,005490.KS,305500.0,309500.0,299500.0,300000.0,293275.09375,122562.0
2025-08-25,POSCO Holdings,005490.KS,303500.0,306500.0,302000.0,306000.0,299140.59375,127589.0
2025-08-26,POSCO Holdings,005490.KS,302500.0,307500.0,298500.0,298500.0,294212.4375,220444.0
2025-08-27,POSCO Holdings,005490.KS,301000.0,301000.0,293000.0,294000.0,289777.0625,191484.0
2025-08-28,POSCO Holdings,005490.KS,293500.0,296000.0,288000.0,288000.0,283863.25,216620.0
2025-08-29,POSCO Holdings,005490.KS,290000.0,292000.0,283500.0,285500.0,281399.15625,213502.0
2025-09-01,POSCO Holdings,005490.KS,283500.0,283500.0,279000.0,281000.0,276963.8125,185318.0
2025-09-02,POSCO Holdings,005490.KS,281000.0,281500.0,275500.0,280000.0,275978.15625,189256.0
2025-09-03,POSCO Holdings,005490.KS,278000.0,282000.0,277000.0,280000.0,275978.15625,152221.0
2025-09-04,POSCO Holdings,005490.KS,282500.0,285500.0,281500.0,284000.0,279920.6875,179969.0
2025-09-05,POSCO Holdings,005490.KS,286000.0,286000.0,271500.0,276500.0,272528.4375,535992.0
2025-09-08,POSCO Holdings,005490.KS,276500.0,281500.0,276000.0,279500.0,275485.3125,232900.0
2025-09-09,POSCO Holdings,005490.KS,282000.0,288000.0,280500.0,284000.0,279920.6875,276809.0
2025-09-10,POSCO Holdings,005490.KS,281500.0,286000.0,278000.0,284000.0,279920.6875,248568.0
2025-09-11,POSCO Holdings,005490.KS,284500.0,286000.0,280000.0,281500.0,277456.625,328227.0
2025-09-12,POSCO Holdings,005490.KS,285000.0,288500.0,283500.0,285000.0,280906.34375,226701.0
2025-09-15,POSCO Holdings,005490.KS,285000.0,287000.0,283500.0,285000.0,280906.34375,201886.0
2025-09-16,POSCO Holdings,005490.KS,285500.0,288000.0,282000.0,282000.0,277949.40625,260808.0
2025-09-17,POSCO Holdings,005490.KS,283000.0,286000.0,281500.0,283500.0,279427.90625,206125.0
2025-09-18,POSCO Holdings,005490.KS,283000.0,285000.0,281500.0,283500.0,279427.90625,235997.0
2025-09-19,POSCO Holdings,005490.KS,,,,,,
2025-09-22,POSCO Holdings,005490.KS,283000.0,283000.0,278500.0,280500.0,276470.96875,244009.0
2025-09-23,POSCO Holdings,005490.KS,278000.0,279000.0,276000.0,278500.0,274499.71875,202247.0
2025-09-24,POSCO Holdings,005490.KS,281500.0,283000.0,275000.0,276500.0,272528.4375,191904.0
2025-09-25,POSCO Holdings,005490.KS,278000.0,281000.0,276000.0,281000.0,276963.8125,181883.0
2025-09-26,POSCO Holdings,005490.KS,279000.0,279000.0,274000.0,275000.0,271050.0,199295.0
2025-09-29,POSCO Holdings,005490.KS,277500.0,279500.0,276500.0,278500.0,274499.71875,135460.0
2025-09-30,POSCO Holdings,005490.KS,276000.0,278000.0,275500.0,276000.0,272035.625,131328.0
2025-10-01,POSCO Holdings,005490.KS,277000.0,278000.0,272000.0,275000.0,271050.0,140598.0
2025-10-02,POSCO Holdings,005490.KS,275000.0,276500.0,272000.0,274500.0,270557.15625,397676.0
2025-10-10,POSCO Holdings,005490.KS,265500.0,266000.0,258500.0,263000.0,259222.34375,471227.0
2025-10-13,POSCO Holdings,005490.KS,259500.0,273000.0,259500.0,272500.0,268585.90625,366246.0
2025-10-14,POSCO Holdings,005490.KS,268500.0,278500.0,267500.0,278000.0,274006.875,441085.0
2025-10-15,POSCO Holdings,005490.KS,278500.0,279500.0,275000.0,278500.0,274499.71875,247347.0
2025-10-16,POSCO Holdings,005490.KS,279000.0,286500.0,278500.0,286500.0,282384.78125,380930.0
2025-10-17,POSCO Holdings,005490.KS,285500.0,300000.0,283000.0,293000.0,288791.4375,710893.0
2025-10-20,POSCO Holdings,005490.KS,295000.0,295500.0,288000.0,294500.0,290269.90625,332374.0
2025-10-21,POSCO Holdings,005490.KS,298000.0,302500.0,293500.0,295000.0,290762.6875,410033.0
2025-10-22,POSCO Holdings,005490.KS,296500.0,308500.0,295000.0,307500.0,303083.125,579749.0
2025-10-23,POSCO Holdings,005490.KS,315000.0,315500.0,305000.0,308000.0,303575.96875,558442.0
2025-10-24,POSCO Holdings,005490.KS,311500.0,327500.0,310000.0,325500.0,320824.59375,644465.0
2025-10-27,POSCO Holdings,005490.KS,329000.0,329500.0,313000.0,320000.0,315403.625,644501.0
2025-10-28,POSCO Holdings,005490.KS,319000.0,323000.0,314000.0,322000.0,317374.875,395168.0
2025-10-29,POSCO Holdings,005490.KS,324000.0,331500.0,321000.0,327000.0,322303.0625,496320.0
2025-10-30,POSCO Holdings,005490.KS,326000.0,330000.0,316000.0,319500.0,314910.78125,579001.0
2025-10-31,POSCO Holdings,005490.KS,312500.0,318000.0,310000.0,310500.0,306040.0625,461320.0
2025-11-03,POSCO Holdings,005490.KS,312000.0,313000.0,306000.0,311500.0,307025.71875,402595.0
2025-11-04,POSCO Holdings,005490.KS,317000.0,321000.0,312000.0,312500.0,308011.34375,304202.0
2025-11-05,POSCO Holdings,005490.KS,310000.0,311000.0,295000.0,305500.0,301111.875,439853.0
2025-11-06,POSCO Holdings,005490.KS,307000.0,310000.0,301000.0,305000.0,300619.0625,233668.0
2025-11-07,POSCO Holdings,005490.KS,301000.0,306000.0,295000.0,299000.0,294705.21875,234778.0
2025-11-10,POSCO Holdings,005490.KS,300000.0,305500.0,298250.0,303500.0,299140.59375,202099.0
2025-11-11,POSCO Holdings,005490.KS,304000.0,310500.0,300000.0,303000.0,298647.8125,271548.0
2025-11-12,POSCO Holdings,005490.KS,305000.0,323000.0,304500.0,318500.0,313925.15625,705541.0
2025-11-13,POSCO Holdings,005490.KS,320000.0,328000.0,318000.0,321500.0,316882.0625,633041.0
2025-11-14,POSCO Holdings,005490.KS,317000.0,325500.0,313000.0,314000.0,309489.78125,295472.0
2025-11-17,POSCO Holdings,005490.KS,317500.0,317500.0,311000.0,314500.0,309982.59375,189795.0
2025-11-18,POSCO Holdings,005490.KS,319000.0,321000.0,312500.0,312500.0,308011.34375,324033.0
2025-11-19,POSCO Holdings,005490.KS,316000.0,322500.0,309500.0,313500.0,308996.96875,359507.0
2025-11-20,POSCO Holdings,005490.KS,318500.0,329500.0,314500.0,321500.0,316882.0625,480880.0
2025-11-21,POSCO Holdings,005490.KS,311000.0,313500.0,308000.0,310500.0,306040.0625,283020.0
2025-11-24,POSCO Holdings,005490.KS,312500.0,312500.0,300500.0,302500.0,298154.96875,478060.0
2025-11-25,POSCO Holdings,005490.KS,305500.0,307000.0,299500.0,301000.0,299148.84375,167675.0
2025-11-26,POSCO Holdings,005490.KS,305500.0,318500.0,304000.0,317500.0,315547.34375,382573.0
2025-11-27,POSCO Holdings,005490.KS,315500.0,318000.0,311000.0,313000.0,311075.03125,188214.0
2025-11-28,POSCO Holdings,005490.KS,314500.0,315000.0,307000.0,309500.0,307596.5625,210535.0
2025-12-01,POSCO Holdings,005490.KS,311000.0,314500.0,307000.0,309000.0,307099.625,145980.0
2025-12-02,POSCO Holdings,005490.KS,310000.0,311500.0,307000.0,309000.0,307099.625,143921.0
2025-12-03,POSCO Holdings,005490.KS,310000.0,310500.0,307000.0,308500.0,306602.71875,164280.0
2025-12-04,POSCO Holdings,005490.KS,308500.0,308500.0,304000.0,306500.0,304615.0,169991.0
2025-12-05,POSCO Holdings,005490.KS,305000.0,311500.0,304000.0,311000.0,309087.34375,227109.0
2025-12-08,POSCO Holdings,005490.KS,312000.0,320000.0,310000.0,319000.0,317038.125,305182.0
2025-12-09,POSCO Holdings,005490.KS,316000.0,318000.0,311000.0,315000.0,313062.71875,237887.0
2025-12-10,POSCO Holdings,005490.KS,318000.0,321000.0,313000.0,314500.0,312565.8125,230831.0
2025-12-11,POSCO Holdings,005490.KS,316500.0,317500.0,308000.0,308000.0,306105.78125,343074.0
2025-12-12,POSCO Holdings,005490.KS,311000.0,323000.0,310500.0,319500.0,317535.0625,426172.0
2025-12-15,POSCO Holdings,005490.KS,315500.0,322000.0,314500.0,318000.0,316044.28125,253999.0
2025-12-16,POSCO Holdings,005490.KS,319000.0,319000.0,306500.0,308000.0,306105.78125,356962.0
2025-12-17,POSCO Holdings,005490.KS,311000.0,318500.0,308000.0,313500.0,311571.96875,246186.0
2025-12-18,POSCO Holdings,005490.KS,307500.0,307500.0,302500.0,303000.0,301136.53125,265777.0
2025-12-19,POSCO Holdings,005490.KS,306000.0,307000.0,295000.0,302500.0,300639.59375,390116.0
2025-12-22,POSCO Holdings,005490.KS,304500.0,307000.0,302000.0,305000.0,303124.21875,177734.0
2025-12-23,POSCO Holdings,005490.KS,305500.0,306500.0,303000.0,304000.0,302130.375,151323.0
2025-12-24,POSCO Holdings,005490.KS,306000.0,319500.0,305000.0,314000.0,312068.875,431239.0
2025-12-26,POSCO Holdings,005490.KS,314000.0,315000.0,307000.0,308000.0,306105.78125,247203.0
2025-12-29,POSCO Holdings,005490.KS,306000.0,315500.0,304000.0,314000.0,312068.875,252272.0
2025-12-30,POSCO Holdings,005490.KS,309500.0,310500.0,303500.0,305000.0,303124.21875,263531.0
2025-01-02,NAVER,035420.KS,199500.0,202000.0,191700.0,193800.0,190849.25,698458.0
2025-01-03,NAVER,035420.KS,193200.0,202000.0,193200.0,200500.0,197447.25,798480.0
2025-01-06,NAVER,035420.KS,200500.0,208500.0,200500.0,208500.0,205325.4375,770359.0
2025-01-07,NAVER,035420.KS,210000.0,213000.0,207000.0,208000.0,204833.046875,603701.0
2025-01-08,NAVER,035420.KS,206500.0,210000.0,206000.0,207000.0,203848.28125,523637.0
2025-01-09,NAVER,035420.KS,208500.0,210000.0,201000.0,202500.0,199416.796875,777551.0
2025-01-10,NAVER,035420.KS,203000.0,204500.0,201000.0,202000.0,198924.40625,441863.0
2025-01-13,NAVER,035420.KS,201000.0,205000.0,200000.0,204000.0,200893.953125,543782.0
2025-01-14,NAVER,035420.KS,204000.0,205500.0,202000.0,202000.0,198924.40625,499095.0
2025-01-15,NAVER,035420.KS,203000.0,207000.0,202000.0,206500.0,203355.890625,678808.0
2025-01-16,NAVER,035420.KS,210000.0,211000.0,205000.0,206500.0,203355.890625,642605.0
2025-01-17,NAVER,035420.KS,206000.0,210000.0,203500.0,209000.0,205817.828125,701799.0
2025-01-20,NAVER,035420.KS,209000.0,209500.0,204500.0,205000.0,201878.734375,398841.0
2025-01-21,NAVER,035420.KS,205000.0,208000.0,203000.0,204500.0,201386.34375,357682.0
2025-01-22,NAVER,035420.KS,207000.0,211500.0,204000.0,204000.0,200893.953125,555170.0
2025-01-23,NAVER,035420.KS,206000.0,207500.0,204000.0,204500.0,201386.34375,487301.0
2025-01-24,NAVER,035420.KS,205500.0,209000.0,203500.0,204000.0,200893.953125,419464.0
2025-01-31,NAVER,035420.KS,208500.0,218500.0,208500.0,216500.0,213203.640625,1964710.0
2025-02-03,NAVER,035420.KS,217500.0,219500.0,213500.0,217000.0,213696.03125,1410072.0
2025-02-04,NAVER,035420.KS,220000.0,224000.0,217000.0,218500.0,215173.1875,1432688.0
2025-02-05,NAVER,035420.KS,222500.0,232000.0,219000.0,229000.0,225513.3125,2336982.0
2025-02-06,NAVER,035420.KS,229500.0,232000.0,223500.0,232000.0,228467.640625,1718369.0
2025-02-07,NAVER,035420.KS,235500.0,235500.0,223000.0,225500.0,222066.59375,1908836.0
2025-02-10,NAVER,035420.KS,229500.0,232000.0,227000.0,227500.0,224036.15625,1234703.0
2025-02-11,NAVER,035420.KS,227500.0,231500.0,225500.0,228500.0,225020.921875,808905.0
2025-02-12,NAVER,035420.KS,230000.0,230500.0,222500.0,225000.0,221574.21875,945298.0
2025-02-13,NAVER,035420.KS,225000.0,226000.0,218000.0,220000.0,216650.359375,1028493.0
2025-02-14,NAVER,035420.KS,222000.0,224500.0,220000.0,221000.0,217635.125,574538.0
2025-02-17,NAVER,035420.KS,221500.0,224000.0,219500.0,221000.0,217635.125,615576.0
2025-02-18,NAVER,035420.KS,221500.0,223000.0,218000.0,222500.0,219112.28125,630070.0
2025-02-19,NAVER,035420.KS,222500.0,224000.0,220000.0,222000.0,218619.90625,569222.0
2025-02-20,NAVER,035420.KS,221000.0,225500.0,218500.0,221500.0,218127.515625,614258.0
2025-02-21,NAVER,035420.KS,222500.0,228000.0,222000.0,226500.0,223051.375,821558.0
2025-02-24,NAVER,035420.KS,224000.0,228000.0,224000.0,228000.0,224528.53125,526842.0
2025-02-25,NAVER,035420.KS,226000.0,230000.0,224500.0,228500.0,225020.921875,622624.0
2025-02-26,NAVER,035420.KS,228500.0,232000.0,227500.0,231500.0,227975.25,708250.0
2025-02-27,NAVER,035420.KS,230500.0,230500.0,218000.0,219000.0,216723.4375,1125911.0
2025-02-28,NAVER,035420.KS,214500.0,217000.0,206500.0,207000.0,204848.1875,1660981.0
2025-03-04,NAVER,035420.KS,205000.0,210000.0,204500.0,205500.0,203363.78125,673266.0
2025-03-05,NAVER,035420.KS,210500.0,212000.0,205500.0,207500.0,205342.984375,761832.0
2025-03-06,NAVER,035420.KS,208500.0,220000.0,207500.0,219000.0,216723.4375,998317.0
2025-03-07,NAVER,035420.KS,216000.0,216500.0,213000.0,213000.0,210785.8125,630434.0
2025-03-10,NAVER,035420.KS,211500.0,217000.0,210500.0,215000.0,212765.03125,542653.0
2025-03-11,NAVER,035420.KS,205500.0,214500.0,205000.0,212500.0,210291.015625,586599.0
2025-03-12,NAVER,035420.KS,212500.0,215500.0,211000.0,214000.0,211775.421875,409913.0
2025-03-13,NAVER,035420.KS,217500.0,219500.0,213000.0,216000.0,213754.625,622944.0
2025-03-14,NAVER,035420.KS,215500.0,216500.0,208000.0,208000.0,205837.796875,519114.0
2025-03-17,NAVER,035420.KS,210000.0,211000.0,207500.0,211000.0,208806.609375,481843.0
2025-03-18,NAVER,035420.KS,211000.0,214000.0,208000.0,209000.0,206827.390625,669726.0
2025-03-19,NAVER,035420.KS,208000.0,211500.0,207500.0,208000.0,205837.796875,710932.0
2025-03-20,NAVER,035420.KS,210000.0,210000.0,207500.0,208000.0,205837.796875,593445.0
2025-03-21,NAVER,035420.KS,209500.0,210500.0,206000.0,209500.0,207322.203125,685909.0
2025-03-24,NAVER,035420.KS,209500.0,210500.0,206000.0,207000.0,204848.1875,354434.0
2025-03-25,NAVER,035420.KS,208500.0,209000.0,206500.0,207500.0,205342.984375,365297.0
2025-03-26,NAVER,035420.KS,207500.0,208500.0,203000.0,204000.0,201879.375,790441.0
2025-03-27,NAVER,035420.KS,201000.0,203000.0,196500.0,197800.0,195743.828125,1501086.0
2025-03-28,NAVER,035420.KS,197600.0,197700.0,193900.0,194700.0,192676.046875,700564.0
2025-03-31,NAVER,035420.KS,191400.0,192100.0,189200.0,191000.0,189014.515625,668750.0
2025-04-01,NAVER,035420.KS,191600.0,198000.0,191600.0,196700.0,194655.265625,485068.0
2025-04-02,NAVER,035420.KS,197600.0,197800.0,194200.0,195600.0,193566.6875,461848.0
2025-04-03,NAVER,035420.KS,190900.0,199600.0,190800.0,198600.0,196535.5,577896.0
2025-04-04,NAVER,035420.KS,196700.0,202500.0,194100.0,197800.0,195743.828125,672143.0
2025-04-07,NAVER,035420.KS,192400.0,195200.0,189300.0,191800.0,189806.1875,597627.0
2025-04-08,NAVER,035420.KS,192100.0,193000.0,179200.0,179600.0,177733.015625,1366603.0
2025-04-09,NAVER,035420.KS,179000.0,181300.0,176200.0,176900.0,175061.078125,621304.0
2025-04-10,NAVER,035420.KS,184200.0,184600.0,179800.0,183900.0,181988.3125,656557.0
2025-04-11,NAVER,035420.KS,180200.0,184100.0,180100.0,183000.0,181097.671875,569473.0
2025-04-14,NAVER,035420.KS,183000.0,185100.0,182500.0,182700.0,180800.796875,391419.0
2025-04-15,NAVER,035420.KS,184800.0,186400.0,183700.0,183900.0,181988.3125,345595.0
2025-04-16,NAVER,035420.KS,183900.0,186300.0,183000.0,184400.0,182483.125,427131.0
2025-04-17,NAVER,035420.KS,184800.0,185400.0,182100.0,183600.0,181691.4375,237641.0
2025-04-18,NAVER,035420.KS,184700.0,187900.0,184000.0,187500.0,185550.890625,287707.0
2025-04-21,NAVER,035420.KS,189100.0,190800.0,187200.0,187500.0,185550.890625,246628.0
2025-04-22,NAVER,035420.KS,187200.0,195700.0,186000.0,193700.0,191686.4375,645159.0
2025-04-23,NAVER,035420.KS,196000.0,196300.0,192600.0,192900.0,190894.765625,391879.0
2025-04-24,NAVER,035420.KS,192600.0,193800.0,190400.0,191500.0,189509.3125,417055.0
2025-04-25,NAVER,035420.KS,193400.0,195100.0,192200.0,193500.0,191488.515625,391764.0
2025-04-28,NAVER,035420.KS,194300.0,196500.0,192700.0,195500.0,193467.734375,313415.0
2025-04-29,NAVER,035420.KS,195500.0,197400.0,193700.0,196500.0,194457.34375,325432.0
2025-04-30,NAVER,035420.KS,196200.0,200500.0,195800.0,200500.0,198415.75,523186.0
2025-05-02,NAVER,035420.KS,199800.0,200500.0,197300.0,197400.0,195347.984375,280801.0
2025-05-07,NAVER,035420.KS,200000.0,202000.0,198200.0,199100.0,197030.3125,622014.0
2025-05-08,NAVER,035420.KS,195100.0,196600.0,188500.0,188700.0,186738.421875,1199556.0
2025-05-09,NAVER,035420.KS,190000.0,192100.0,189500.0,191000.0,189014.515625,558440.0
2025-05-12,NAVER,035420.KS,192800.0,194300.0,189700.0,190200.0,188222.828125,437578.0
2025-05-13,NAVER,035420.KS,190000.0,191000.0,187600.0,188200.0,186243.625,680047.0
2025-05-14,NAVER,035420.KS,189900.0,191400.0,188900.0,191200.0,189212.4375,363846.0
2025-05-15,NAVER,035420.KS,189800.0,190300.0,188200.0,189200.0,187233.21875,355097.0
2025-05-16,NAVER,035420.KS,189100.0,189700.0,187500.0,187800.0,185847.78125,285272.0
2025-05-19,NAVER,035420.KS,187600.0,188200.0,184500.0,185400.0,183472.71875,262018.0
2025-05-20,NAVER,035420.KS,185800.0,186500.0,184000.0,185000.0,183076.875,293512.0
2025-05-21,NAVER,035420.KS,185900.0,186500.0,184600.0,184800.0,182878.96875,382117.0
2025-05-22,NAVER,035420.KS,183200.0,184500.0,181100.0,183200.0,181295.59375,469433.0
2025-05-23,NAVER,035420.KS,184100.0,185300.0,182800.0,183100.0,181196.640625,257074.0
2025-05-26,NAVER,035420.KS,183100.0,188000.0,181800.0,188000.0,186045.703125,472314.0
2025-05-27,NAVER,035420.KS,186200.0,186900.0,183000.0,183800.0,181889.359375,668670.0
2025-05-28,NAVER,035420.KS,184600.0,189000.0,184100.0,187700.0,185748.8125,727369.0
2025-05-29,NAVER,035420.KS,189300.0,190600.0,187700.0,189300.0,187332.1875,649059.0
2025-05-30,NAVER,035420.KS,188700.0,188800.0,186100.0,187500.0,185550.890625,989028.0
2025-06-02,NAVER,035420.KS,185800.0,188300.0,185700.0,186500.0,184561.296875,408085.0
2025-06-04,NAVER,035420.KS,189000.0,189100.0,185500.0,185500.0,183571.6875,817069.0
2025-06-05,NAVER,035420.KS,186300.0,192000.0,186300.0,191200.0,189212.4375,911249.0
2025-06-09,NAVER,035420.KS,195400.0,202500.0,192300.0,198500.0,196436.546875,1407038.0
2025-06-10,NAVER,035420.KS,204000.0,204000.0,196800.0,200000.0,197920.953125,911907.0
2025-06-11,NAVER,035420.KS,200500.0,202000.0,198900.0,201000.0,198910.5625,512085.0
2025-06-12,NAVER,035420.KS,199500.0,201500.0,198900.0,198900.0,196832.390625,624703.0
2025-06-13,NAVER,035420.KS,203500.0,206000.0,197400.0,200500.0,198415.75,1050533.0
2025-06-16,NAVER,035420.KS,211000.0,211500.0,202000.0,209500.0,207322.203125,1159906.0
2025-06-17,NAVER,035420.KS,212000.0,213000.0,204000.0,206500.0,204353.390625,837169.0
2025-06-18,NAVER,035420.KS,204500.0,244500.0,204000.0,243500.0,240968.765625,5706879.0
2025-06-19,NAVER,035420.KS,254500.0,259000.0,248500.0,252000.0,249380.40625,3810468.0
2025-06-20,NAVER,035420.KS,249000.0,269500.0,245000.0,269500.0,266698.5,4889308.0
2025-06-23,NAVER,035420.KS,276500.0,295000.0,270000.0,290000.0,286985.375,5050411.0
2025-06-24,NAVER,035420.KS,288500.0,292500.0,277500.0,290500.0,287480.1875,4326501.0
2025-06-25,NAVER,035420.KS,282500.0,286500.0,276000.0,283500.0,280552.9375,2862461.0
2025-06-26,NAVER,035420.KS,270000.0,275000.0,254000.0,261000.0,258286.84375,4314779.0
2025-06-27,NAVER,035420.KS,263500.0,265000.0,252000.0,257500.0,254823.234375,2316733.0
2025-06-30,NAVER,035420.KS,257000.0,268000.0,255500.0,262500.0,259771.25,2219752.0
2025-07-01,NAVER,035420.KS,264000.0,269000.0,260000.0,262000.0,259276.453125,1791173.0
2025-07-02,NAVER,035420.KS,263000.0,263500.0,250000.0,252000.0,249380.40625,1870730.0
2025-07-03,NAVER,035420.KS,250500.0,260000.0,249500.0,253000.0,250370.0,1207730.0
2025-07-04,NAVER,035420.KS,252500.0,254500.0,247500.0,249000.0,246411.59375,874760.0
2025-07-07,NAVER,035420.KS,248500.0,260500.0,248500.0,256000.0,253338.828125,1175356.0
2025-07-08,NAVER,035420.KS,261500.0,263000.0,255000.0,258000.0,255318.03125,903743.0
2025-07-09,NAVER,035420.KS,258500.0,258500.0,251000.0,254000.0,251359.609375,952460.0
2025-07-10,NAVER,035420.KS,255500.0,265000.0,251000.0,259500.0,256802.4375,1754234.0
2025-07-11,NAVER,035420.KS,261000.0,261500.0,253000.0,253000.0,250370.0,1249355.0
2025-07-14,NAVER,035420.KS,252000.0,252500.0,244000.0,249000.0,246411.59375,1205192.0
2025-07-15,NAVER,035420.KS,247500.0,253000.0,247000.0,249500.0,246906.390625,791762.0
2025-07-16,NAVER,035420.KS,251000.0,255500.0,249000.0,250000.0,247401.1875,785410.0
2025-07-17,NAVER,035420.KS,254000.0,255000.0,242500.0,243500.0,240968.765625,1262077.0
2025-07-18,NAVER,035420.KS,243500.0,245000.0,240000.0,242000.0,239484.359375,703602.0
2025-07-21,NAVER,035420.KS,241500.0,245500.0,240000.0,240000.0,237505.140625,674282.0
2025-07-22,NAVER,035420.KS,241500.0,242000.0,234500.0,235000.0,232557.125,930384.0
2025-07-23,NAVER,035420.KS,236000.0,237500.0,229500.0,231500.0,229093.5,719824.0
2025-07-24,NAVER,035420.KS,233000.0,234500.0,225000.0,227000.0,224640.28125,1177878.0
2025-07-25,NAVER,035420.KS,226500.0,236000.0,225000.0,234500.0,232062.3125,1202489.0
2025-07-28,NAVER,035420.KS,236000.0,237000.0,232000.0,235500.0,233051.921875,600063.0
2025-07-29,NAVER,035420.KS,235500.0,240000.0,232000.0,233000.0,230577.90625,928345.0
2025-07-30,NAVER,035420.KS,233500.0,240000.0,233500.0,234000.0,231567.515625,768748.0
2025-07-31,NAVER,035420.KS,235000.0,236500.0,232500.0,235000.0,232557.125,521064.0
2025-08-01,NAVER,035420.KS,232500.0,233000.0,224000.0,225000.0,222661.078125,827729.0
2025-08-04,NAVER,035420.KS,225500.0,239500.0,225000.0,232500.0,230083.109375,1276649.0
2025-08-05,NAVER,035420.KS,236000.0,236500.0,229000.0,232000.0,229588.3125,683813.0
2025-08-06,NAVER,035420.KS,236500.0,236500.0,226000.0,228500.0,226124.6875,1076418.0
2025-08-07,NAVER,035420.KS,230000.0,235500.0,228000.0,235500.0,233051.921875,1019496.0
2025-08-08,NAVER,035420.KS,241000.0,241500.0,228500.0,229500.0,227114.296875,1638049.0
2025-08-11,NAVER,035420.KS,229500.0,230000.0,222500.0,223000.0,220681.859375,1264837.0
2025-08-12,NAVER,035420.KS,223500.0,228000.0,223000.0,223000.0,220681.859375,743541.0
2025-08-13,NAVER,035420.KS,225500.0,226000.0,221500.0,225000.0,222661.078125,1017399.0
2025-08-14,NAVER,035420.KS,228500.0,233500.0,224000.0,224500.0,222166.265625,1165222.0
2025-08-18,NAVER,035420.KS,224500.0,228500.0,223500.0,226000.0,223650.671875,479724.0
2025-08-19,NAVER,035420.KS,228000.0,228500.0,223000.0,225500.0,223155.875,419214.0
2025-08-20,NAVER,035420.KS,221500.0,224000.0,219500.0,221500.0,219197.453125,507825.0
2025-08-21,NAVER,035420.KS,222000.0,226500.0,222000.0,223000.0,220681.859375,463923.0
2025-08-22,NAVER,035420.KS,224000.0,227000.0,221000.0,222000.0,219692.265625,543978.0
2025-08-25,NAVER,035420.KS,224500.0,225500.0,221500.0,225500.0,223155.875,564999.0
2025-08-26,NAVER,035420.KS,224000.0,224500.0,221000.0,221000.0,218702.65625,685341.0
2025-08-27,NAVER,035420.KS,222000.0,222000.0,216500.0,218000.0,215733.84375,691579.0
2025-08-28,NAVER,035420.KS,217500.0,218500.0,215000.0,217500.0,215239.03125,663919.0
2025-08-29,NAVER,035420.KS,217500.0,218000.0,214000.0,214500.0,212270.21875,750586.0
2025-09-01,NAVER,035420.KS,211500.0,216500.0,210500.0,215500.0,213259.828125,634984.0
2025-09-02,NAVER,035420.KS,216000.0,229000.0,216000.0,225000.0,222661.078125,1790972.0
2025-09-03,NAVER,035420.KS,224500.0,225000.0,220000.0,221000.0,218702.65625,711207.0
2025-09-04,NAVER,035420.KS,221500.0,229500.0,221500.0,227000.0,224640.28125,971838.0
2025-09-05,NAVER,035420.KS,227500.0,230500.0,225500.0,229000.0,226619.5,941824.0
2025-09-08,NAVER,035420.KS,228500.0,229500.0,226000.0,228000.0,225629.890625,716688.0
2025-09-09,NAVER,035420.KS,228500.0,233000.0,226000.0,231000.0,228598.703125,929473.0
2025-09-10,NAVER,035420.KS,232000.0,234500.0,230500.0,233500.0,231072.71875,915806.0
2025-09-11,NAVER,035420.KS,234500.0,236000.0,231500.0,233000.0,230577.90625,808213.0
2025-09-12,NAVER,035420.KS,234500.0,239000.0,232500.0,236000.0,233546.71875,1191699.0
2025-09-15,NAVER,035420.KS,236000.0,236000.0,231500.0,234000.0,231567.515625,710904.0
2025-09-16,NAVER,035420.KS,239500.0,241000.0,234500.0,235000.0,232557.125,923864.0
2025-09-17,NAVER,035420.KS,233500.0,235000.0,229500.0,233500.0,231072.71875,2083776.0
2025-09-18,NAVER,035420.KS,235000.0,238500.0,233500.0,236750.0,234288.921875,1004507.0
2025-09-19,NAVER,035420.KS,,,,,,
2025-09-22,NAVER,035420.KS,234000.0,235000.0,229000.0,232000.0,229588.3125,1004689.0
2025-09-23,NAVER,035420.KS,232000.0,235500.0,230000.0,231000.0,228598.703125,735957.0
2025-09-24,NAVER,035420.KS,231000.0,233500.0,224500.0,228000.0,225629.890625,982181.0
2025-09-25,NAVER,035420.KS,226500.0,257000.0,225500.0,254000.0,251359.609375,8314576.0
2025-09-26,NAVER,035420.KS,251500.0,262000.0,250000.0,256500.0,253833.625,4597910.0
2025-09-29,NAVER,035420.KS,268500.0,278500.0,266000.0,274500.0,271646.5,3486022.0
2025-09-30,NAVER,035420.KS,279000.0,279500.0,265500.0,268500.0,265708.875,2764865.0
2025-10-01,NAVER,035420.KS,267000.0,268500.0,253000.0,254500.0,251854.421875,3385774.0
2025-10-02,NAVER,035420.KS,255500.0,258000.0,250500.0,253000.0,250370.0,2205648.0
2025-10-10,NAVER,035420.KS,256500.0,275000.0,255500.0,267500.0,264719.28125,3490894.0
2025-10-13,NAVER,035420.KS,258000.0,266500.0,258000.0,262500.0,259771.25,1454859.0
2025-10-14,NAVER,035420.KS,262000.0,270500.0,257000.0,258000.0,255318.03125,2072061.0
2025-10-15,NAVER,035420.KS,260500.0,261000.0,255000.0,258500.0,255812.828125,1438737.0
2025-10-16,NAVER,035420.KS,257500.0,270000.0,255500.0,260500.0,257792.046875,2154638.0
2025-10-17,NAVER,035420.KS,260000.0,260500.0,254000.0,255500.0,252844.015625,1478832.0
2025-10-20,NAVER,035420.KS,255000.0,262500.0,250000.0,258000.0,255318.03125,1527621.0
2025-10-21,NAVER,035420.KS,260000.0,260500.0,254000.0,254500.0,251854.421875,1321294.0
2025-10-22,NAVER,035420.KS,254000.0,256500.0,247000.0,255500.0,252844.015625,1076507.0
2025-10-23,NAVER,035420.KS,251500.0,251500.0,242000.0,242500.0,239979.15625,2033710.0
2025-10-24,NAVER,035420.KS,245000.0,248500.0,242500.0,247000.0,244432.375,1005395.0
2025-10-27,NAVER,035420.KS,245000.0,251500.0,242000.0,251000.0,248390.796875,1317125.0
2025-10-28,NAVER,035420.KS,250500.0,255000.0,248000.0,253000.0,250370.0,908952.0
2025-10-29,NAVER,035420.KS,255000.0,268500.0,253500.0,265000.0,262245.25,2466385.0
2025-10-30,NAVER,035420.KS,267000.0,267000.0,254500.0,255500.0,252844.015625,1393179.0
2025-10-31,NAVER,035420.KS,263000.0,273500.0,261000.0,267500.0,264719.28125,2861914.0
2025-11-03,NAVER,035420.KS,283500.0,287500.0,271500.0,274500.0,271646.5,2760215.0
2025-11-04,NAVER,035420.KS,272500.0,274000.0,267000.0,267000.0,264224.46875,1325780.0
2025-11-05,NAVER,035420.KS,269000.0,280000.0,256500.0,278500.0,275604.9375,3470467.0
2025-11-06,NAVER,035420.KS,281500.0,282000.0,264000.0,264000.0,261255.65625,2287056.0
2025-11-07,NAVER,035420.KS,256000.0,267000.0,256000.0,260000.0,257297.234375,1648859.0
2025-11-10,NAVER,035420.KS,263500.0,264000.0,258000.0,260000.0,257297.234375,974635.0
2025-11-11,NAVER,035420.KS,261500.0,270500.0,261000.0,263000.0,260266.0625,1341337.0
2025-11-12,NAVER,035420.KS,265500.0,265500.0,262000.0,263500.0,260760.859375,600486.0
2025-11-13,NAVER,035420.KS,262500.0,266000.0,258500.0,265500.0,262740.0625,724253.0
2025-11-14,NAVER,035420.KS,258000.0,260000.0,253000.0,253500.0,250864.8125,923411.0
2025-11-17,NAVER,035420.KS,256500.0,257000.0,254000.0,255000.0,252349.21875,507818.0
2025-11-18,NAVER,035420.KS,251500.0,260500.0,248500.0,249000.0,246411.59375,959645.0
2025-11-19,NAVER,035420.KS,250500.0,251000.0,243000.0,248500.0,245916.78125,570754.0
2025-11-20,NAVER,035420.KS,260000.0,263000.0,254500.0,257000.0,254328.421875,970537.0
2025-11-21,NAVER,035420.KS,251000.0,265000.0,249500.0,262500.0,259771.25,1278706.0
2025-11-24,NAVER,035420.KS,267500.0,269500.0,259000.0,261000.0,258286.84375,1673646.0
2025-11-25,NAVER,035420.KS,262500.0,262500.0,250500.0,253000.0,250370.0,1218659.0
2025-11-26,NAVER,035420.KS,255000.0,264500.0,252000.0,263500.0,260760.859375,944519.0
2025-11-27,NAVER,035420.KS,259500.0,261500.0,250500.0,251500.0,248885.59375,2028550.0
2025-11-28,NAVER,035420.KS,253500.0,254000.0,243500.0,244000.0,241463.5625,1580887.0
2025-12-01,NAVER,035420.KS,246500.0,247500.0,242500.0,243000.0,240473.953125,666662.0
2025-12-02,NAVER,035420.KS,243000.0,245000.0,241500.0,243000.0,240473.953125,618439.0
2025-12-03,NAVER,035420.KS,246500.0,248500.0,245500.0,246500.0,243937.578125,630018.0
2025-12-04,NAVER,035420.KS,245500.0,248500.0,244500.0,247000.0,244432.375,487370.0
2025-12-05,NAVER,035420.KS,247500.0,250000.0,246000.0,249500.0,246906.390625,575298.0
2025-12-08,NAVER,035420.KS,250500.0,250500.0,247000.0,249000.0,246411.59375,466382.0
2025-12-09,NAVER,035420.KS,248000.0,248500.0,246000.0,248000.0,245421.984375,497708.0
2025-12-10,NAVER,035420.KS,248000.0,248000.0,244000.0,244500.0,241958.359375,654772.0
2025-12-11,NAVER,035420.KS,245500.0,246000.0,241000.0,243500.0,240968.765625,1056918.0
2025-12-12,NAVER,035420.KS,243000.0,245000.0,241500.0,244500.0,241958.359375,485052.0
2025-12-15,NAVER,035420.KS,241500.0,244000.0,240000.0,240500.0,237999.953125,522965.0
2025-12-16,NAVER,035420.KS,240500.0,240500.0,231000.0,231500.0,229093.5,1520556.0
2025-12-17,NAVER,035420.KS,233000.0,233000.0,229500.0,231000.0,228598.703125,769339.0
2025-12-18,NAVER,035420.KS,227500.0,233250.0,226500.0,230500.0,228103.90625,744015.0
2025-12-19,NAVER,035420.KS,232500.0,235500.0,231500.0,235500.0,233051.921875,1487738.0
2025-12-22,NAVER,035420.KS,238500.0,239000.0,236500.0,238000.0,235525.9375,610805.0
2025-12-23,NAVER,035420.KS,238000.0,238500.0,235500.0,237000.0,234536.328125,689469.0
2025-12-24,NAVER,035420.KS,237000.0,238000.0,234500.0,236500.0,234041.53125,640875.0
2025-12-26,NAVER,035420.KS,236500.0,237500.0,231000.0,231500.0,229093.5,738058.0
2025-12-29,NAVER,035420.KS,231500.0,242500.0,231500.0,242000.0,239484.359375,1067392.0
2025-12-30,NAVER,035420.KS,241000.0,244500.0,239000.0,242500.0,239979.15625,652269.0
