23:59:57 [INFO] 
─────────────────────────────────────────────
종목: 005930 (삼성전자)
23:59:57 [INFO]   [005930] 결측 행 제거: 1행 (공휴일/데이터 없음)
23:59:57 [INFO] [005930] CSV 로드 완료: 241행  (2025-01-02 ~ 2025-12-30)
23:59:59 [INFO] [005930] 당일 수집 완료: 18봉
23:59:59 [INFO] [005930] 저장 완료: 259행 → E:\kium\data\cleaned\005930_merged.parquet
23:59:59 [INFO] 
─────────────────────────────────────────────
종목: 000660 (SK하이닉스)
23:59:59 [INFO]   [000660] 결측 행 제거: 1행 (공휴일/데이터 없음)
23:59:59 [INFO] [000660] CSV 로드 완료: 241행  (2025-01-02 ~ 2025-12-30)
00:00:02 [INFO] [000660] 당일 수집 완료: 18봉
00:00:02 [INFO] [000660] 저장 완료: 259행 → E:\kium\data\cleaned\000660_merged.parquet
00:00:02 [INFO] 
─────────────────────────────────────────────
종목: 373220 (LG에너지솔루션)
00:00:02 [INFO]   [373220] 결측 행 제거: 1행 (공휴일/데이터 없음)
00:00:02 [INFO] [373220] CSV 로드 완료: 241행  (2025-01-02 ~ 2025-12-30)
00:00:04 [INFO] [373220] 당일 수집 완료: 18봉
00:00:04 [INFO] [373220] 저장 완료: 259행 → E:\kium\data\cleaned\373220_merged.parquet
00:00:04 [INFO] 
─────────────────────────────────────────────
종목: 207940 (삼성바이오로직스)
00:00:04 [INFO]   [207940] 결측 행 제거: 1행 (공휴일/데이터 없음)
00:00:04 [INFO] [207940] CSV 로드 완료: 241행  (2025-01-02 ~ 2025-12-30)
00:00:06 [INFO] [207940] 당일 수집 완료: 18봉
00:00:06 [INFO] [207940] 저장 완료: 259행 → E:\kium\data\cleaned\207940_merged.parquet
00:00:06 [INFO] 
─────────────────────────────────────────────
종목: 005380 (현대차)
00:00:06 [INFO]   [005380] 결측 행 제거: 1행 (공휴일/데이터 없음)
00:00:06 [INFO] [005380] CSV 로드 완료: 241행  (2025-01-02 ~ 2025-12-30)
00:00:09 [INFO] [005380] 당일 수집 완료: 18봉
00:00:09 [INFO] [005380] 저장 완료: 259행 → E:\kium\data\cleaned\005380_merged.parquet
00:00:09 [INFO] 
─────────────────────────────────────────────
종목: 000270 (기아)
00:00:09 [INFO]   [000270] 결측 행 제거: 1행 (공휴일/데이터 없음)
00:00:09 [INFO] [000270] CSV 로드 완료: 241행  (2025-01-02 ~ 2025-12-30)
00:00:11 [INFO] [000270] 당일 수집 완료: 18봉
00:00:11 [INFO] [000270] 저장 완료: 259행 → E:\kium\data\cleaned\000270_merged.parquet
00:00:11 [INFO] 
─────────────────────────────────────────────
종목: 068270 (셀트리온)
00:00:11 [INFO]   [068270] 결측 행 제거: 1행 (공휴일/데이터 없음)
00:00:11 [INFO] [068270] CSV 로드 완료: 241행  (2025-01-02 ~ 2025-12-30)
00:00:13 [INFO] [068270] 당일 수집 완료: 18봉
00:00:13 [INFO] [068270] 저장 완료: 259행 → E:\kium\data\cleaned\068270_merged.parquet
00:00:13 [INFO] 
─────────────────────────────────────────────
종목: 105560 (KB금융)
00:00:13 [INFO]   [105560] 결측 행 제거: 1행 (공휴일/데이터 없음)
00:00:13 [INFO] [105560] CSV 로드 완료: 241행  (2025-01-02 ~ 2025-12-30)
00:00:16 [INFO] [105560] 당일 수집 완료: 18봉
00:00:16 [INFO] [105560] 저장 완료: 259행 → E:\kium\data\cleaned\105560_merged.parquet
00:00:16 [INFO] 
─────────────────────────────────────────────
종목: 005490 (POSCO홀딩스)
00:00:16 [INFO]   [005490] 결측 행 제거: 1행 (공휴일/데이터 없음)
00:00:16 [INFO] [005490] CSV 로드 완료: 241행  (2025-01-02 ~ 2025-12-30)
00:00:18 [INFO] [005490] 당일 수집 완료: 18봉
00:00:18 [INFO] [005490] 저장 완료: 259행 → E:\kium\data\cleaned\005490_merged.parquet
00:00:18 [INFO] 
─────────────────────────────────────────────
종목: 035420 (NAVER)
00:00:18 [INFO]   [035420] 결측 행 제거: 1행 (공휴일/데이터 없음)
00:00:18 [INFO] [035420] CSV 로드 완료: 241행  (2025-01-02 ~ 2025-12-30)
00:00:20 [INFO] [035420] 당일 수집 완료: 18봉
00:00:20 [INFO] [035420] 저장 완료: 259행 → E:\kium\data\cleaned\035420_merged.parquet
15:40:29 [INFO] 
─────────────────────────────────────────────
종목: 005930 (삼성전자)
15:40:29 [INFO]   [005930] 결측 행 제거: 1행 (공휴일/데이터 없음)
15:40:29 [INFO] [005930] CSV 로드 완료: 241행  (2025-01-02 ~ 2025-12-30)
15:40:32 [INFO] [005930] 당일 수집 완료: 18봉
15:40:32 [INFO] [005930] 저장 완료: 259행 → E:\kium\data\cleaned\005930_merged.parquet
15:40:32 [INFO] 
─────────────────────────────────────────────
종목: 000660 (SK하이닉스)
15:40:32 [INFO]   [000660] 결측 행 제거: 1행 (공휴일/데이터 없음)
15:40:32 [INFO] [000660] CSV 로드 완료: 241행  (2025-01-02 ~ 2025-12-30)
15:40:34 [INFO] [000660] 당일 수집 완료: 18봉
15:40:34 [INFO] [000660] 저장 완료: 259행 → E:\kium\data\cleaned\000660_merged.parquet
15:40:34 [INFO] 
─────────────────────────────────────────────
종목: 373220 (LG에너지솔루션)
15:40:34 [INFO]   [373220] 결측 행 제거: 1행 (공휴일/데이터 없음)
15:40:34 [INFO] [373220] CSV 로드 완료: 241행  (2025-01-02 ~ 2025-12-30)
15:40:37 [INFO] [373220] 당일 수집 완료: 18봉
15:40:37 [INFO] [373220] 저장 완료: 259행 → E:\kium\data\cleaned\373220_merged.parquet
15:40:37 [INFO] 
─────────────────────────────────────────────
종목: 207940 (삼성바이오로직스)
15:40:37 [INFO]   [207940] 결측 행 제거: 1행 (공휴일/데이터 없음)
15:40:37 [INFO] [207940] CSV 로드 완료: 241행  (2025-01-02 ~ 2025-12-30)
15:40:39 [INFO] [207940] 당일 수집 완료: 18봉
15:40:39 [INFO] [207940] 저장 완료: 259행 → E:\kium\data\cleaned\207940_merged.parquet
15:40:39 [INFO] 
─────────────────────────────────────────────
종목: 005380 (현대차)
15:40:39 [INFO]   [005380] 결측 행 제거: 1행 (공휴일/데이터 없음)
15:40:39 [INFO] [005380] CSV 로드 완료: 241행  (2025-01-02 ~ 2025-12-30)
15:40:41 [INFO] [005380] 당일 수집 완료: 18봉
15:40:41 [INFO] [005380] 저장 완료: 259행 → E:\kium\data\cleaned\005380_merged.parquet
15:40:41 [INFO] 
─────────────────────────────────────────────
종목: 000270 (기아)
15:40:41 [INFO]   [000270] 결측 행 제거: 1행 (공휴일/데이터 없음)
15:40:41 [INFO] [000270] CSV 로드 완료: 241행  (2025-01-02 ~ 2025-12-30)
15:40:43 [INFO] [000270] 당일 수집 완료: 18봉
15:40:43 [INFO] [000270] 저장 완료: 259행 → E:\kium\data\cleaned\000270_merged.parquet
15:40:43 [INFO] 
─────────────────────────────────────────────
종목: 068270 (셀트리온)
15:40:43 [INFO]   [068270] 결측 행 제거: 1행 (공휴일/데이터 없음)
15:40:43 [INFO] [068270] CSV 로드 완료: 241행  (2025-01-02 ~ 2025-12-30)
15:40:45 [INFO] [068270] 당일 수집 완료: 18봉
15:40:45 [INFO] [068270] 저장 완료: 259행 → E:\kium\data\cleaned\068270_merged.parquet
15:40:45 [INFO] 
─────────────────────────────────────────────
종목: 105560 (KB금융)
15:40:45 [INFO]   [105560] 결측 행 제거: 1행 (공휴일/데이터 없음)
15:40:45 [INFO] [105560] CSV 로드 완료: 241행  (2025-01-02 ~ 2025-12-30)
15:40:48 [INFO] [105560] 당일 수집 완료: 18봉
15:40:48 [INFO] [105560] 저장 완료: 259행 → E:\kium\data\cleaned\105560_merged.parquet
15:40:48 [INFO] 
─────────────────────────────────────────────
종목: 005490 (POSCO홀딩스)
15:40:48 [INFO]   [005490] 결측 행 제거: 1행 (공휴일/데이터 없음)
15:40:48 [INFO] [005490] CSV 로드 완료: 241행  (2025-01-02 ~ 2025-12-30)
15:40:50 [INFO] [005490] 당일 수집 완료: 18봉
15:40:50 [INFO] [005490] 저장 완료: 259행 → E:\kium\data\cleaned\005490_merged.parquet
15:40:50 [INFO] 
─────────────────────────────────────────────
종목: 035420 (NAVER)
15:40:50 [INFO]   [035420] 결측 행 제거: 1행 (공휴일/데이터 없음)
15:40:50 [INFO] [035420] CSV 로드 완료: 241행  (2025-01-02 ~ 2025-12-30)
15:40:52 [INFO] [035420] 당일 수집 완료: 18봉
15:40:52 [INFO] [035420] 저장 완료: 259행 → E:\kium\data\cleaned\035420_merged.parquet
20:46:28 [INFO] 
─────────────────────────────────────────────
종목: 005930 (삼성전자)
20:46:28 [INFO]   [005930] 결측 행 제거: 1행 (공휴일/데이터 없음)
20:46:28 [INFO] [005930] CSV 로드 완료: 241행  (2025-01-02 ~ 2025-12-30)
20:46:31 [INFO] [005930] 당일 수집 완료: 18봉
20:46:32 [INFO] [005930] 저장 완료: 259행 → E:\kium\data\cleaned\005930_merged.parquet
20:46:32 [INFO] 
─────────────────────────────────────────────
종목: 000660 (SK하이닉스)
20:46:32 [INFO]   [000660] 결측 행 제거: 1행 (공휴일/데이터 없음)
20:46:32 [INFO] [000660] CSV 로드 완료: 241행  (2025-01-02 ~ 2025-12-30)
20:46:34 [INFO] [000660] 당일 수집 완료: 18봉
20:46:35 [INFO] [000660] 저장 완료: 259행 → E:\kium\data\cleaned\000660_merged.parquet
20:46:35 [INFO] 
─────────────────────────────────────────────
종목: 373220 (LG에너지솔루션)
20:46:35 [INFO]   [373220] 결측 행 제거: 1행 (공휴일/데이터 없음)
20:46:35 [INFO] [373220] CSV 로드 완료: 241행  (2025-01-02 ~ 2025-12-30)
20:46:37 [INFO] [373220] 당일 수집 완료: 18봉
20:46:38 [INFO] [373220] 저장 완료: 259행 → E:\kium\data\cleaned\373220_merged.parquet
20:46:38 [INFO] 
─────────────────────────────────────────────
종목: 207940 (삼성바이오로직스)
20:46:38 [INFO]   [207940] 결측 행 제거: 1행 (공휴일/데이터 없음)
20:46:38 [INFO] [207940] CSV 로드 완료: 241행  (2025-01-02 ~ 2025-12-30)
20:46:40 [INFO] [207940] 당일 수집 완료: 18봉
20:46:41 [INFO] [207940] 저장 완료: 259행 → E:\kium\data\cleaned\207940_merged.parquet
20:46:41 [INFO] 
─────────────────────────────────────────────
종목: 005380 (현대차)
20:46:41 [INFO]   [005380] 결측 행 제거: 1행 (공휴일/데이터 없음)
20:46:41 [INFO] [005380] CSV 로드 완료: 241행  (2025-01-02 ~ 2025-12-30)
20:46:43 [INFO] [005380] 당일 수집 완료: 18봉
20:46:44 [INFO] [005380] 저장 완료: 259행 → E:\kium\data\cleaned\005380_merged.parquet
20:46:44 [INFO] 
─────────────────────────────────────────────
종목: 000270 (기아)
20:46:44 [INFO]   [000270] 결측 행 제거: 1행 (공휴일/데이터 없음)
20:46:44 [INFO] [000270] CSV 로드 완료: 241행  (2025-01-02 ~ 2025-12-30)
20:46:45 [INFO] [000270] 당일 수집 완료: 18봉
20:46:46 [INFO] [000270] 저장 완료: 259행 → E:\kium\data\cleaned\000270_merged.parquet
20:46:46 [INFO] 
─────────────────────────────────────────────
종목: 068270 (셀트리온)
20:46:46 [INFO]   [068270] 결측 행 제거: 1행 (공휴일/데이터 없음)
20:46:46 [INFO] [068270] CSV 로드 완료: 241행  (2025-01-02 ~ 2025-12-30)
20:46:48 [INFO] [068270] 당일 수집 완료: 18봉
20:46:49 [INFO] [068270] 저장 완료: 259행 → E:\kium\data\cleaned\068270_merged.parquet
20:46:49 [INFO] 
─────────────────────────────────────────────
종목: 105560 (KB금융)
20:46:49 [INFO]   [105560] 결측 행 제거: 1행 (공휴일/데이터 없음)
20:46:49 [INFO] [105560] CSV 로드 완료: 241행  (2025-01-02 ~ 2025-12-30)
20:46:51 [INFO] [105560] 당일 수집 완료: 18봉
20:46:52 [INFO] [105560] 저장 완료: 259행 → E:\kium\data\cleaned\105560_merged.parquet
20:46:52 [INFO] 
─────────────────────────────────────────────
종목: 005490 (POSCO홀딩스)
20:46:52 [INFO]   [005490] 결측 행 제거: 1행 (공휴일/데이터 없음)
20:46:52 [INFO] [005490] CSV 로드 완료: 241행  (2025-01-02 ~ 2025-12-30)
20:46:54 [INFO] [005490] 당일 수집 완료: 18봉
20:46:54 [INFO] [005490] 저장 완료: 259행 → E:\kium\data\cleaned\005490_merged.parquet
20:46:54 [INFO] 
─────────────────────────────────────────────
종목: 035420 (NAVER)
20:46:54 [INFO]   [035420] 결측 행 제거: 1행 (공휴일/데이터 없음)
20:46:54 [INFO] [035420] CSV 로드 완료: 241행  (2025-01-02 ~ 2025-12-30)
20:46:56 [INFO] [035420] 당일 수집 완료: 18봉
20:46:56 [INFO] [035420] 저장 완료: 259행 → E:\kium\data\cleaned\035420_merged.parquet
[kis_auth] 새 토큰 발급 완료 (유효: 24시간)
14:35:40 [INFO] 
─────────────────────────────────────────────
종목: 005930 (삼성전자)
14:35:40 [INFO]   [005930] 결측 행 제거: 1행 (공휴일/데이터 없음)
14:35:40 [INFO] [005930] CSV 로드 완료: 241행  (2025-01-02 ~ 2025-12-30)
14:35:42 [INFO] [005930] 당일 수집 완료: 18봉
14:35:43 [INFO] [005930] 저장 완료: 259행 → E:\kium\data\cleaned\005930_merged.parquet
14:35:43 [INFO] 
─────────────────────────────────────────────
종목: 000660 (SK하이닉스)
14:35:43 [INFO]   [000660] 결측 행 제거: 1행 (공휴일/데이터 없음)
14:35:43 [INFO] [000660] CSV 로드 완료: 241행  (2025-01-02 ~ 2025-12-30)
14:35:45 [INFO] [000660] 당일 수집 완료: 18봉
14:35:45 [INFO] [000660] 저장 완료: 259행 → E:\kium\data\cleaned\000660_merged.parquet
14:35:45 [INFO] 
─────────────────────────────────────────────
종목: 373220 (LG에너지솔루션)
14:35:45 [INFO]   [373220] 결측 행 제거: 1행 (공휴일/데이터 없음)
14:35:45 [INFO] [373220] CSV 로드 완료: 241행  (2025-01-02 ~ 2025-12-30)
14:35:47 [INFO] [373220] 당일 수집 완료: 18봉
14:35:47 [INFO] [373220] 저장 완료: 259행 → E:\kium\data\cleaned\373220_merged.parquet
14:35:47 [INFO] 
─────────────────────────────────────────────
종목: 207940 (삼성바이오로직스)
14:35:47 [INFO]   [207940] 결측 행 제거: 1행 (공휴일/데이터 없음)
14:35:47 [INFO] [207940] CSV 로드 완료: 241행  (2025-01-02 ~ 2025-12-30)
14:35:49 [INFO] [207940] 당일 수집 완료: 18봉
14:35:49 [INFO] [207940] 저장 완료: 259행 → E:\kium\data\cleaned\207940_merged.parquet
14:35:49 [INFO] 
─────────────────────────────────────────────
종목: 005380 (현대차)
14:35:49 [INFO]   [005380] 결측 행 제거: 1행 (공휴일/데이터 없음)
14:35:49 [INFO] [005380] CSV 로드 완료: 241행  (2025-01-02 ~ 2025-12-30)
14:35:50 [INFO] [005380] 당일 수집 완료: 18봉
14:35:51 [INFO] [005380] 저장 완료: 259행 → E:\kium\data\cleaned\005380_merged.parquet
14:35:51 [INFO] 
─────────────────────────────────────────────
종목: 000270 (기아)
14:35:51 [INFO]   [000270] 결측 행 제거: 1행 (공휴일/데이터 없음)
14:35:51 [INFO] [000270] CSV 로드 완료: 241행  (2025-01-02 ~ 2025-12-30)
14:35:52 [INFO] [000270] 당일 수집 완료: 18봉
14:35:52 [INFO] [000270] 저장 완료: 259행 → E:\kium\data\cleaned\000270_merged.parquet
14:35:52 [INFO] 
─────────────────────────────────────────────
종목: 068270 (셀트리온)
14:35:52 [INFO]   [068270] 결측 행 제거: 1행 (공휴일/데이터 없음)
14:35:52 [INFO] [068270] CSV 로드 완료: 241행  (2025-01-02 ~ 2025-12-30)
14:35:54 [INFO] [068270] 당일 수집 완료: 18봉
14:35:54 [INFO] [068270] 저장 완료: 259행 → E:\kium\data\cleaned\068270_merged.parquet
14:35:54 [INFO] 
─────────────────────────────────────────────
종목: 105560 (KB금융)
14:35:54 [INFO]   [105560] 결측 행 제거: 1행 (공휴일/데이터 없음)
14:35:54 [INFO] [105560] CSV 로드 완료: 241행  (2025-01-02 ~ 2025-12-30)
14:35:56 [INFO] [105560] 당일 수집 완료: 18봉
14:35:56 [INFO] [105560] 저장 완료: 259행 → E:\kium\data\cleaned\105560_merged.parquet
14:35:56 [INFO] 
─────────────────────────────────────────────
종목: 005490 (POSCO홀딩스)
14:35:56 [INFO]   [005490] 결측 행 제거: 1행 (공휴일/데이터 없음)
14:35:56 [INFO] [005490] CSV 로드 완료: 241행  (2025-01-02 ~ 2025-12-30)
14:35:58 [INFO] [005490] 당일 수집 완료: 18봉
14:35:58 [INFO] [005490] 저장 완료: 259행 → E:\kium\data\cleaned\005490_merged.parquet
14:35:58 [INFO] 
─────────────────────────────────────────────
종목: 035420 (NAVER)
14:35:58 [INFO]   [035420] 결측 행 제거: 1행 (공휴일/데이터 없음)
14:35:58 [INFO] [035420] CSV 로드 완료: 241행  (2025-01-02 ~ 2025-12-30)
14:36:00 [INFO] [035420] 당일 수집 완료: 18봉
14:36:00 [INFO] [035420] 저장 완료: 259행 → E:\kium\data\cleaned\035420_merged.parquet
[kis_auth] 새 토큰 발급 완료 (유효: 24시간)
08:28:57 [INFO] 
─────────────────────────────────────────────
종목: 005930 (삼성전자)
08:28:57 [INFO]   [005930] 결측 행 제거: 1행 (공휴일/데이터 없음)
08:28:57 [INFO] [005930] CSV 로드 완료: 241행  (2025-01-02 ~ 2025-12-30)
08:29:00 [INFO] [005930] 당일 수집 완료: 18봉
08:29:01 [INFO] [005930] 저장 완료: 259행 → E:\kium\data\cleaned\005930_merged.parquet
08:29:01 [INFO] 
─────────────────────────────────────────────
종목: 000660 (SK하이닉스)
08:29:01 [INFO]   [000660] 결측 행 제거: 1행 (공휴일/데이터 없음)
08:29:01 [INFO] [000660] CSV 로드 완료: 241행  (2025-01-02 ~ 2025-12-30)
08:29:03 [INFO] [000660] 당일 수집 완료: 18봉
08:29:03 [INFO] [000660] 저장 완료: 259행 → E:\kium\data\cleaned\000660_merged.parquet
08:29:03 [INFO] 
─────────────────────────────────────────────
종목: 373220 (LG에너지솔루션)
08:29:03 [INFO]   [373220] 결측 행 제거: 1행 (공휴일/데이터 없음)
08:29:03 [INFO] [373220] CSV 로드 완료: 241행  (2025-01-02 ~ 2025-12-30)
08:29:05 [INFO] [373220] 당일 수집 완료: 18봉
08:29:05 [INFO] [373220] 저장 완료: 259행 → E:\kium\data\cleaned\373220_merged.parquet
08:29:05 [INFO] 
─────────────────────────────────────────────
종목: 207940 (삼성바이오로직스)
08:29:05 [INFO]   [207940] 결측 행 제거: 1행 (공휴일/데이터 없음)
08:29:05 [INFO] [207940] CSV 로드 완료: 241행  (2025-01-02 ~ 2025-12-30)
08:29:07 [INFO] [207940] 당일 수집 완료: 18봉
08:29:07 [INFO] [207940] 저장 완료: 259행 → E:\kium\data\cleaned\207940_merged.parquet
08:29:07 [INFO] 
─────────────────────────────────────────────
종목: 005380 (현대차)
08:29:07 [INFO]   [005380] 결측 행 제거: 1행 (공휴일/데이터 없음)
08:29:07 [INFO] [005380] CSV 로드 완료: 241행  (2025-01-02 ~ 2025-12-30)
08:29:09 [INFO] [005380] 당일 수집 완료: 18봉
08:29:09 [INFO] [005380] 저장 완료: 259행 → E:\kium\data\cleaned\005380_merged.parquet
08:29:09 [INFO] 
─────────────────────────────────────────────
종목: 000270 (기아)
08:29:09 [INFO]   [000270] 결측 행 제거: 1행 (공휴일/데이터 없음)
08:29:09 [INFO] [000270] CSV 로드 완료: 241행  (2025-01-02 ~ 2025-12-30)
08:29:11 [INFO] [000270] 당일 수집 완료: 18봉
08:29:11 [INFO] [000270] 저장 완료: 259행 → E:\kium\data\cleaned\000270_merged.parquet
08:29:11 [INFO] 
─────────────────────────────────────────────
종목: 068270 (셀트리온)
08:29:11 [INFO]   [068270] 결측 행 제거: 1행 (공휴일/데이터 없음)
08:29:11 [INFO] [068270] CSV 로드 완료: 241행  (2025-01-02 ~ 2025-12-30)
08:29:13 [INFO] [068270] 당일 수집 완료: 18봉
08:29:13 [INFO] [068270] 저장 완료: 259행 → E:\kium\data\cleaned\068270_merged.parquet
08:29:13 [INFO] 
─────────────────────────────────────────────
종목: 105560 (KB금융)
08:29:13 [INFO]   [105560] 결측 행 제거: 1행 (공휴일/데이터 없음)
08:29:13 [INFO] [105560] CSV 로드 완료: 241행  (2025-01-02 ~ 2025-12-30)
08:29:15 [INFO] [105560] 당일 수집 완료: 18봉
08:29:15 [INFO] [105560] 저장 완료: 259행 → E:\kium\data\cleaned\105560_merged.parquet
08:29:15 [INFO] 
─────────────────────────────────────────────
종목: 005490 (POSCO홀딩스)
08:29:15 [INFO]   [005490] 결측 행 제거: 1행 (공휴일/데이터 없음)
08:29:15 [INFO] [005490] CSV 로드 완료: 241행  (2025-01-02 ~ 2025-12-30)
08:29:17 [INFO] [005490] 당일 수집 완료: 18봉
08:29:17 [INFO] [005490] 저장 완료: 259행 → E:\kium\data\cleaned\005490_merged.parquet
08:29:17 [INFO] 
─────────────────────────────────────────────
종목: 035420 (NAVER)
08:29:17 [INFO]   [035420] 결측 행 제거: 1행 (공휴일/데이터 없음)
08:29:17 [INFO] [035420] CSV 로드 완료: 241행  (2025-01-02 ~ 2025-12-30)
08:29:19 [INFO] [035420] 당일 수집 완료: 18봉
08:29:19 [INFO] [035420] 저장 완료: 259행 → E:\kium\data\cleaned\035420_merged.parquet
[kis_auth] 새 토큰 발급 완료 (유효: 24시간)
22:21:06 [INFO] 
─────────────────────────────────────────────
종목: 005930 (삼성전자)
22:21:06 [INFO]   [005930] 결측 행 제거: 1행 (공휴일/데이터 없음)
22:21:06 [INFO] [005930] CSV 로드 완료: 241행  (2025-01-02 ~ 2025-12-30)
22:21:08 [INFO] [005930] 당일 수집 완료: 18봉
22:21:09 [INFO] [005930] 저장 완료: 259행 → E:\kium\data\cleaned\005930_merged.parquet
22:21:09 [INFO] 
─────────────────────────────────────────────
종목: 000660 (SK하이닉스)
22:21:09 [INFO]   [000660] 결측 행 제거: 1행 (공휴일/데이터 없음)
22:21:09 [INFO] [000660] CSV 로드 완료: 241행  (2025-01-02 ~ 2025-12-30)
22:21:11 [INFO] [000660] 당일 수집 완료: 18봉
22:21:11 [INFO] [000660] 저장 완료: 259행 → E:\kium\data\cleaned\000660_merged.parquet
22:21:11 [INFO] 
─────────────────────────────────────────────
종목: 373220 (LG에너지솔루션)
22:21:11 [INFO]   [373220] 결측 행 제거: 1행 (공휴일/데이터 없음)
22:21:11 [INFO] [373220] CSV 로드 완료: 241행  (2025-01-02 ~ 2025-12-30)
22:21:13 [INFO] [373220] 당일 수집 완료: 18봉
22:21:13 [INFO] [373220] 저장 완료: 259행 → E:\kium\data\cleaned\373220_merged.parquet
22:21:13 [INFO] 
─────────────────────────────────────────────
종목: 207940 (삼성바이오로직스)
22:21:13 [INFO]   [207940] 결측 행 제거: 1행 (공휴일/데이터 없음)
22:21:13 [INFO] [207940] CSV 로드 완료: 241행  (2025-01-02 ~ 2025-12-30)
22:21:15 [INFO] [207940] 당일 수집 완료: 18봉
22:21:15 [INFO] [207940] 저장 완료: 259행 → E:\kium\data\cleaned\207940_merged.parquet
22:21:15 [INFO] 
─────────────────────────────────────────────
종목: 005380 (현대차)
22:21:15 [INFO]   [005380] 결측 행 제거: 1행 (공휴일/데이터 없음)
22:21:15 [INFO] [005380] CSV 로드 완료: 241행  (2025-01-02 ~ 2025-12-30)
22:21:17 [INFO] [005380] 당일 수집 완료: 18봉
22:21:17 [INFO] [005380] 저장 완료: 259행 → E:\kium\data\cleaned\005380_merged.parquet
22:21:17 [INFO] 
─────────────────────────────────────────────
종목: 000270 (기아)
22:21:17 [INFO]   [000270] 결측 행 제거: 1행 (공휴일/데이터 없음)
22:21:17 [INFO] [000270] CSV 로드 완료: 241행  (2025-01-02 ~ 2025-12-30)
22:21:19 [INFO] [000270] 당일 수집 완료: 18봉
22:21:20 [INFO] [000270] 저장 완료: 259행 → E:\kium\data\cleaned\000270_merged.parquet
22:21:20 [INFO] 
─────────────────────────────────────────────
종목: 068270 (셀트리온)
22:21:20 [INFO]   [068270] 결측 행 제거: 1행 (공휴일/데이터 없음)
22:21:20 [INFO] [068270] CSV 로드 완료: 241행  (2025-01-02 ~ 2025-12-30)
22:21:22 [INFO] [068270] 당일 수집 완료: 18봉
22:21:22 [INFO] [068270] 저장 완료: 259행 → E:\kium\data\cleaned\068270_merged.parquet
22:21:22 [INFO] 
─────────────────────────────────────────────
종목: 105560 (KB금융)
22:21:22 [INFO]   [105560] 결측 행 제거: 1행 (공휴일/데이터 없음)
22:21:22 [INFO] [105560] CSV 로드 완료: 241행  (2025-01-02 ~ 2025-12-30)
22:21:24 [INFO] [105560] 당일 수집 완료: 18봉
22:21:24 [INFO] [105560] 저장 완료: 259행 → E:\kium\data\cleaned\105560_merged.parquet
22:21:24 [INFO] 
─────────────────────────────────────────────
종목: 005490 (POSCO홀딩스)
22:21:24 [INFO]   [005490] 결측 행 제거: 1행 (공휴일/데이터 없음)
22:21:24 [INFO] [005490] CSV 로드 완료: 241행  (2025-01-02 ~ 2025-12-30)
22:21:26 [INFO] [005490] 당일 수집 완료: 18봉
22:21:26 [INFO] [005490] 저장 완료: 259행 → E:\kium\data\cleaned\005490_merged.parquet
22:21:26 [INFO] 
─────────────────────────────────────────────
종목: 035420 (NAVER)
22:21:26 [INFO]   [035420] 결측 행 제거: 1행 (공휴일/데이터 없음)
22:21:26 [INFO] [035420] CSV 로드 완료: 241행  (2025-01-02 ~ 2025-12-30)
22:21:29 [INFO] [035420] 당일 수집 완료: 18봉
22:21:29 [INFO] [035420] 저장 완료: 259행 → E:\kium\data\cleaned\035420_merged.parquet
06:16:59 [INFO] 
─────────────────────────────────────────────
종목: 005930 (삼성전자)
06:16:59 [INFO]   [005930] 결측 행 제거: 1행 (공휴일/데이터 없음)
06:16:59 [INFO] [005930] CSV 로드 완료: 241행  (2025-01-02 ~ 2025-12-30)
06:17:01 [INFO] [005930] 당일 수집 완료: 18봉
06:17:02 [INFO] [005930] 저장 완료: 259행 → E:\kium\data\cleaned\005930_merged.parquet
06:17:02 [INFO] 
─────────────────────────────────────────────
종목: 000660 (SK하이닉스)
06:17:02 [INFO]   [000660] 결측 행 제거: 1행 (공휴일/데이터 없음)
06:17:02 [INFO] [000660] CSV 로드 완료: 241행  (2025-01-02 ~ 2025-12-30)
06:17:04 [INFO] [000660] 당일 수집 완료: 18봉
06:17:04 [INFO] [000660] 저장 완료: 259행 → E:\kium\data\cleaned\000660_merged.parquet
06:17:04 [INFO] 
─────────────────────────────────────────────
종목: 373220 (LG에너지솔루션)
06:17:04 [INFO]   [373220] 결측 행 제거: 1행 (공휴일/데이터 없음)
06:17:04 [INFO] [373220] CSV 로드 완료: 241행  (2025-01-02 ~ 2025-12-30)
06:17:06 [INFO] [373220] 당일 수집 완료: 18봉
06:17:06 [INFO] [373220] 저장 완료: 259행 → E:\kium\data\cleaned\373220_merged.parquet
06:17:06 [INFO] 
─────────────────────────────────────────────
종목: 207940 (삼성바이오로직스)
06:17:06 [INFO]   [207940] 결측 행 제거: 1행 (공휴일/데이터 없음)
06:17:06 [INFO] [207940] CSV 로드 완료: 241행  (2025-01-02 ~ 2025-12-30)
06:17:08 [INFO] [207940] 당일 수집 완료: 18봉
06:17:08 [INFO] [207940] 저장 완료: 259행 → E:\kium\data\cleaned\207940_merged.parquet
06:17:08 [INFO] 
─────────────────────────────────────────────
종목: 005380 (현대차)
06:17:08 [INFO]   [005380] 결측 행 제거: 1행 (공휴일/데이터 없음)
06:17:08 [INFO] [005380] CSV 로드 완료: 241행  (2025-01-02 ~ 2025-12-30)
06:17:10 [INFO] [005380] 당일 수집 완료: 18봉
06:17:10 [INFO] [005380] 저장 완료: 259행 → E:\kium\data\cleaned\005380_merged.parquet
06:17:10 [INFO] 
─────────────────────────────────────────────
종목: 000270 (기아)
06:17:10 [INFO]   [000270] 결측 행 제거: 1행 (공휴일/데이터 없음)
06:17:10 [INFO] [000270] CSV 로드 완료: 241행  (2025-01-02 ~ 2025-12-30)
06:17:12 [INFO] [000270] 당일 수집 완료: 18봉
06:17:12 [INFO] [000270] 저장 완료: 259행 → E:\kium\data\cleaned\000270_merged.parquet
06:17:12 [INFO] 
─────────────────────────────────────────────
종목: 068270 (셀트리온)
06:17:13 [INFO]   [068270] 결측 행 제거: 1행 (공휴일/데이터 없음)
06:17:13 [INFO] [068270] CSV 로드 완료: 241행  (2025-01-02 ~ 2025-12-30)
06:17:14 [INFO] [068270] 당일 수집 완료: 18봉
06:17:14 [INFO] [068270] 저장 완료: 259행 → E:\kium\data\cleaned\068270_merged.parquet
06:17:14 [INFO] 
─────────────────────────────────────────────
종목: 105560 (KB금융)
06:17:15 [INFO]   [105560] 결측 행 제거: 1행 (공휴일/데이터 없음)
06:17:15 [INFO] [105560] CSV 로드 완료: 241행  (2025-01-02 ~ 2025-12-30)
06:17:16 [INFO] [105560] 당일 수집 완료: 18봉
06:17:16 [INFO] [105560] 저장 완료: 259행 → E:\kium\data\cleaned\105560_merged.parquet
06:17:16 [INFO] 
─────────────────────────────────────────────
종목: 005490 (POSCO홀딩스)
06:17:16 [INFO]   [005490] 결측 행 제거: 1행 (공휴일/데이터 없음)
06:17:16 [INFO] [005490] CSV 로드 완료: 241행  (2025-01-02 ~ 2025-12-30)
06:17:18 [INFO] [005490] 당일 수집 완료: 18봉
06:17:18 [INFO] [005490] 저장 완료: 259행 → E:\kium\data\cleaned\005490_merged.parquet
06:17:18 [INFO] 
─────────────────────────────────────────────
종목: 035420 (NAVER)
06:17:19 [INFO]   [035420] 결측 행 제거: 1행 (공휴일/데이터 없음)
06:17:19 [INFO] [035420] CSV 로드 완료: 241행  (2025-01-02 ~ 2025-12-30)
06:17:21 [INFO] [035420] 당일 수집 완료: 18봉
06:17:21 [INFO] [035420] 저장 완료: 259행 → E:\kium\data\cleaned\035420_merged.parquet
23:15:26 [INFO] 
─────────────────────────────────────────────
종목: 005930 (삼성전자)
23:15:26 [INFO]   [005930] 결측 행 제거: 1행 (공휴일/데이터 없음)
23:15:26 [INFO] [005930] CSV 로드 완료: 241행  (2025-01-02 ~ 2025-12-30)
23:15:28 [INFO] [005930] 당일 수집 완료: 18봉
23:15:29 [INFO] [005930] 저장 완료: 259행 → E:\kium\data\cleaned\005930_merged.parquet
23:15:29 [INFO] 
─────────────────────────────────────────────
종목: 000660 (SK하이닉스)
23:15:29 [INFO]   [000660] 결측 행 제거: 1행 (공휴일/데이터 없음)
23:15:29 [INFO] [000660] CSV 로드 완료: 241행  (2025-01-02 ~ 2025-12-30)
23:15:31 [INFO] [000660] 당일 수집 완료: 18봉
23:15:31 [INFO] [000660] 저장 완료: 259행 → E:\kium\data\cleaned\000660_merged.parquet
23:15:31 [INFO] 
─────────────────────────────────────────────
종목: 373220 (LG에너지솔루션)
23:15:31 [INFO]   [373220] 결측 행 제거: 1행 (공휴일/데이터 없음)
23:15:31 [INFO] [373220] CSV 로드 완료: 241행  (2025-01-02 ~ 2025-12-30)
23:15:34 [INFO] [373220] 당일 수집 완료: 18봉
23:15:34 [INFO] [373220] 저장 완료: 259행 → E:\kium\data\cleaned\373220_merged.parquet
23:15:34 [INFO] 
─────────────────────────────────────────────
종목: 207940 (삼성바이오로직스)
23:15:34 [INFO]   [207940] 결측 행 제거: 1행 (공휴일/데이터 없음)
23:15:34 [INFO] [207940] CSV 로드 완료: 241행  (2025-01-02 ~ 2025-12-30)
23:15:36 [INFO] [207940] 당일 수집 완료: 18봉
23:15:36 [INFO] [207940] 저장 완료: 259행 → E:\kium\data\cleaned\207940_merged.parquet
23:15:36 [INFO] 
─────────────────────────────────────────────
종목: 005380 (현대차)
23:15:36 [INFO]   [005380] 결측 행 제거: 1행 (공휴일/데이터 없음)
23:15:36 [INFO] [005380] CSV 로드 완료: 241행  (2025-01-02 ~ 2025-12-30)
23:15:40 [INFO] [005380] 당일 수집 완료: 18봉
23:15:40 [INFO] [005380] 저장 완료: 259행 → E:\kium\data\cleaned\005380_merged.parquet
23:15:40 [INFO] 
─────────────────────────────────────────────
종목: 000270 (기아)
23:15:40 [INFO]   [000270] 결측 행 제거: 1행 (공휴일/데이터 없음)
23:15:40 [INFO] [000270] CSV 로드 완료: 241행  (2025-01-02 ~ 2025-12-30)
23:15:42 [INFO] [000270] 당일 수집 완료: 18봉
23:15:42 [INFO] [000270] 저장 완료: 259행 → E:\kium\data\cleaned\000270_merged.parquet
23:15:42 [INFO] 
─────────────────────────────────────────────
종목: 068270 (셀트리온)
23:15:42 [INFO]   [068270] 결측 행 제거: 1행 (공휴일/데이터 없음)
23:15:42 [INFO] [068270] CSV 로드 완료: 241행  (2025-01-02 ~ 2025-12-30)
23:15:44 [INFO] [068270] 당일 수집 완료: 18봉
23:15:44 [INFO] [068270] 저장 완료: 259행 → E:\kium\data\cleaned\068270_merged.parquet
23:15:44 [INFO] 
─────────────────────────────────────────────
종목: 105560 (KB금융)
23:15:44 [INFO]   [105560] 결측 행 제거: 1행 (공휴일/데이터 없음)
23:15:44 [INFO] [105560] CSV 로드 완료: 241행  (2025-01-02 ~ 2025-12-30)
23:15:46 [INFO] [105560] 당일 수집 완료: 18봉
23:15:46 [INFO] [105560] 저장 완료: 259행 → E:\kium\data\cleaned\105560_merged.parquet
23:15:46 [INFO] 
─────────────────────────────────────────────
종목: 005490 (POSCO홀딩스)
23:15:46 [INFO]   [005490] 결측 행 제거: 1행 (공휴일/데이터 없음)
23:15:46 [INFO] [005490] CSV 로드 완료: 241행  (2025-01-02 ~ 2025-12-30)
23:15:48 [INFO] [005490] 당일 수집 완료: 18봉
23:15:48 [INFO] [005490] 저장 완료: 259행 → E:\kium\data\cleaned\005490_merged.parquet
23:15:48 [INFO] 
─────────────────────────────────────────────
종목: 035420 (NAVER)
23:15:48 [INFO]   [035420] 결측 행 제거: 1행 (공휴일/데이터 없음)
23:15:48 [INFO] [035420] CSV 로드 완료: 241행  (2025-01-02 ~ 2025-12-30)
23:15:51 [INFO] [035420] 당일 수집 완료: 18봉
23:15:52 [INFO] [035420] 저장 완료: 259행 → E:\kium\data\cleaned\035420_merged.parquet
[kis_auth] 새 토큰 발급 완료 (유효: 24시간)
21:02:57 [INFO] 
─────────────────────────────────────────────
종목: 005930 (삼성전자)
21:02:57 [INFO]   [005930] 결측 행 제거: 1행 (공휴일/데이터 없음)
21:02:57 [INFO] [005930] CSV 로드 완료: 241행  (2025-01-02 ~ 2025-12-30)
21:03:00 [INFO] [005930] 당일 수집 완료: 18봉
21:03:00 [INFO] [005930] 저장 완료: 259행 → E:\kium\data\cleaned\005930_merged.parquet
21:03:00 [INFO] 
─────────────────────────────────────────────
종목: 000660 (SK하이닉스)
21:03:00 [INFO]   [000660] 결측 행 제거: 1행 (공휴일/데이터 없음)
21:03:00 [INFO] [000660] CSV 로드 완료: 241행  (2025-01-02 ~ 2025-12-30)
21:03:03 [INFO] [000660] 당일 수집 완료: 18봉
21:03:03 [INFO] [000660] 저장 완료: 259행 → E:\kium\data\cleaned\000660_merged.parquet
21:03:03 [INFO] 
─────────────────────────────────────────────
종목: 373220 (LG에너지솔루션)
21:03:03 [INFO]   [373220] 결측 행 제거: 1행 (공휴일/데이터 없음)
21:03:03 [INFO] [373220] CSV 로드 완료: 241행  (2025-01-02 ~ 2025-12-30)
21:03:04 [INFO] [373220] 당일 수집 완료: 18봉
21:03:04 [INFO] [373220] 저장 완료: 259행 → E:\kium\data\cleaned\373220_merged.parquet
21:03:04 [INFO] 
─────────────────────────────────────────────
종목: 207940 (삼성바이오로직스)
21:03:05 [INFO]   [207940] 결측 행 제거: 1행 (공휴일/데이터 없음)
21:03:05 [INFO] [207940] CSV 로드 완료: 241행  (2025-01-02 ~ 2025-12-30)
21:03:06 [INFO] [207940] 당일 수집 완료: 18봉
21:03:06 [INFO] [207940] 저장 완료: 259행 → E:\kium\data\cleaned\207940_merged.parquet
21:03:06 [INFO] 
─────────────────────────────────────────────
종목: 005380 (현대차)
21:03:06 [INFO]   [005380] 결측 행 제거: 1행 (공휴일/데이터 없음)
21:03:06 [INFO] [005380] CSV 로드 완료: 241행  (2025-01-02 ~ 2025-12-30)
21:03:08 [INFO] [005380] 당일 수집 완료: 18봉
21:03:08 [INFO] [005380] 저장 완료: 259행 → E:\kium\data\cleaned\005380_merged.parquet
21:03:08 [INFO] 
─────────────────────────────────────────────
종목: 000270 (기아)
21:03:08 [INFO]   [000270] 결측 행 제거: 1행 (공휴일/데이터 없음)
21:03:08 [INFO] [000270] CSV 로드 완료: 241행  (2025-01-02 ~ 2025-12-30)
21:03:10 [INFO] [000270] 당일 수집 완료: 18봉
21:03:10 [INFO] [000270] 저장 완료: 259행 → E:\kium\data\cleaned\000270_merged.parquet
21:03:10 [INFO] 
─────────────────────────────────────────────
종목: 068270 (셀트리온)
21:03:10 [INFO]   [068270] 결측 행 제거: 1행 (공휴일/데이터 없음)
21:03:10 [INFO] [068270] CSV 로드 완료: 241행  (2025-01-02 ~ 2025-12-30)
21:03:12 [INFO] [068270] 당일 수집 완료: 18봉
21:03:13 [INFO] [068270] 저장 완료: 259행 → E:\kium\data\cleaned\068270_merged.parquet
21:03:13 [INFO] 
─────────────────────────────────────────────
종목: 105560 (KB금융)
21:03:13 [INFO]   [105560] 결측 행 제거: 1행 (공휴일/데이터 없음)
21:03:13 [INFO] [105560] CSV 로드 완료: 241행  (2025-01-02 ~ 2025-12-30)
21:03:14 [INFO] [105560] 당일 수집 완료: 18봉
21:03:14 [INFO] [105560] 저장 완료: 259행 → E:\kium\data\cleaned\105560_merged.parquet
21:03:14 [INFO] 
─────────────────────────────────────────────
종목: 005490 (POSCO홀딩스)
21:03:14 [INFO]   [005490] 결측 행 제거: 1행 (공휴일/데이터 없음)
21:03:14 [INFO] [005490] CSV 로드 완료: 241행  (2025-01-02 ~ 2025-12-30)
21:03:17 [INFO] [005490] 당일 수집 완료: 18봉
21:03:17 [INFO] [005490] 저장 완료: 259행 → E:\kium\data\cleaned\005490_merged.parquet
21:03:17 [INFO] 
─────────────────────────────────────────────
종목: 035420 (NAVER)
21:03:17 [INFO]   [035420] 결측 행 제거: 1행 (공휴일/데이터 없음)
21:03:17 [INFO] [035420] CSV 로드 완료: 241행  (2025-01-02 ~ 2025-12-30)
21:03:19 [INFO] [035420] 당일 수집 완료: 18봉
21:03:19 [INFO] [035420] 저장 완료: 259행 → E:\kium\data\cleaned\035420_merged.parquet
21:59:27 [INFO] 
─────────────────────────────────────────────
종목: 005930 (삼성전자)
21:59:27 [INFO]   [005930] 결측 행 제거: 1행 (공휴일/데이터 없음)
21:59:27 [INFO] [005930] CSV 로드 완료: 241행  (2025-01-02 ~ 2025-12-30)
21:59:29 [INFO] [005930] 당일 수집 완료: 18봉
21:59:31 [INFO] [005930] 저장 완료: 259행 → E:\kium\data\cleaned\005930_merged.parquet
21:59:31 [INFO] 
─────────────────────────────────────────────
종목: 000660 (SK하이닉스)
21:59:31 [INFO]   [000660] 결측 행 제거: 1행 (공휴일/데이터 없음)
21:59:31 [INFO] [000660] CSV 로드 완료: 241행  (2025-01-02 ~ 2025-12-30)
21:59:32 [INFO] [000660] 당일 수집 완료: 18봉
21:59:32 [INFO] [000660] 저장 완료: 259행 → E:\kium\data\cleaned\000660_merged.parquet
21:59:32 [INFO] 
─────────────────────────────────────────────
종목: 373220 (LG에너지솔루션)
21:59:33 [INFO]   [373220] 결측 행 제거: 1행 (공휴일/데이터 없음)
21:59:33 [INFO] [373220] CSV 로드 완료: 241행  (2025-01-02 ~ 2025-12-30)
21:59:34 [INFO] [373220] 당일 수집 완료: 18봉
21:59:34 [INFO] [373220] 저장 완료: 259행 → E:\kium\data\cleaned\373220_merged.parquet
21:59:34 [INFO] 
─────────────────────────────────────────────
종목: 207940 (삼성바이오로직스)
21:59:34 [INFO]   [207940] 결측 행 제거: 1행 (공휴일/데이터 없음)
21:59:34 [INFO] [207940] CSV 로드 완료: 241행  (2025-01-02 ~ 2025-12-30)
21:59:36 [INFO] [207940] 당일 수집 완료: 18봉
21:59:36 [INFO] [207940] 저장 완료: 259행 → E:\kium\data\cleaned\207940_merged.parquet
21:59:36 [INFO] 
─────────────────────────────────────────────
종목: 005380 (현대차)
21:59:36 [INFO]   [005380] 결측 행 제거: 1행 (공휴일/데이터 없음)
21:59:36 [INFO] [005380] CSV 로드 완료: 241행  (2025-01-02 ~ 2025-12-30)
21:59:38 [INFO] [005380] 당일 수집 완료: 18봉
21:59:38 [INFO] [005380] 저장 완료: 259행 → E:\kium\data\cleaned\005380_merged.parquet
21:59:38 [INFO] 
─────────────────────────────────────────────
종목: 000270 (기아)
21:59:38 [INFO]   [000270] 결측 행 제거: 1행 (공휴일/데이터 없음)
21:59:38 [INFO] [000270] CSV 로드 완료: 241행  (2025-01-02 ~ 2025-12-30)
21:59:40 [INFO] [000270] 당일 수집 완료: 18봉
21:59:40 [INFO] [000270] 저장 완료: 259행 → E:\kium\data\cleaned\000270_merged.parquet
21:59:40 [INFO] 
─────────────────────────────────────────────
종목: 068270 (셀트리온)
21:59:40 [INFO]   [068270] 결측 행 제거: 1행 (공휴일/데이터 없음)
21:59:40 [INFO] [068270] CSV 로드 완료: 241행  (2025-01-02 ~ 2025-12-30)
21:59:42 [INFO] [068270] 당일 수집 완료: 18봉
21:59:42 [INFO] [068270] 저장 완료: 259행 → E:\kium\data\cleaned\068270_merged.parquet
21:59:42 [INFO] 
─────────────────────────────────────────────
종목: 105560 (KB금융)
21:59:42 [INFO]   [105560] 결측 행 제거: 1행 (공휴일/데이터 없음)
21:59:42 [INFO] [105560] CSV 로드 완료: 241행  (2025-01-02 ~ 2025-12-30)
21:59:43 [INFO] [105560] 당일 수집 완료: 18봉
21:59:43 [INFO] [105560] 저장 완료: 259행 → E:\kium\data\cleaned\105560_merged.parquet
21:59:43 [INFO] 
─────────────────────────────────────────────
종목: 005490 (POSCO홀딩스)
21:59:43 [INFO]   [005490] 결측 행 제거: 1행 (공휴일/데이터 없음)
21:59:43 [INFO] [005490] CSV 로드 완료: 241행  (2025-01-02 ~ 2025-12-30)
21:59:45 [INFO] [005490] 당일 수집 완료: 18봉
21:59:45 [INFO] [005490] 저장 완료: 259행 → E:\kium\data\cleaned\005490_merged.parquet
21:59:45 [INFO] 
─────────────────────────────────────────────
종목: 035420 (NAVER)
21:59:45 [INFO]   [035420] 결측 행 제거: 1행 (공휴일/데이터 없음)
21:59:45 [INFO] [035420] CSV 로드 완료: 241행  (2025-01-02 ~ 2025-12-30)
21:59:47 [INFO] [035420] 당일 수집 완료: 18봉
21:59:47 [INFO] [035420] 저장 완료: 259행 → E:\kium\data\cleaned\035420_merged.parquet
[kis_auth] 새 토큰 발급 완료 (유효: 24시간)
08:54:27 [INFO] 
─────────────────────────────────────────────
종목: 005930 (삼성전자)
08:54:28 [INFO]   [005930] 결측 행 제거: 1행 (공휴일/데이터 없음)
08:54:28 [INFO] [005930] CSV 로드 완료: 241행  (2025-01-02 ~ 2025-12-30)
08:54:31 [INFO] [005930] 당일 수집 완료: 18봉
08:54:32 [INFO] [005930] 저장 완료: 259행 → E:\kium\data\cleaned\005930_merged.parquet
08:54:32 [INFO] 
─────────────────────────────────────────────
종목: 000660 (SK하이닉스)
08:54:32 [INFO]   [000660] 결측 행 제거: 1행 (공휴일/데이터 없음)
08:54:32 [INFO] [000660] CSV 로드 완료: 241행  (2025-01-02 ~ 2025-12-30)
08:54:34 [INFO] [000660] 당일 수집 완료: 18봉
08:54:34 [INFO] [000660] 저장 완료: 259행 → E:\kium\data\cleaned\000660_merged.parquet
08:54:34 [INFO] 
─────────────────────────────────────────────
종목: 373220 (LG에너지솔루션)
08:54:34 [INFO]   [373220] 결측 행 제거: 1행 (공휴일/데이터 없음)
08:54:34 [INFO] [373220] CSV 로드 완료: 241행  (2025-01-02 ~ 2025-12-30)
08:54:35 [INFO] [373220] 당일 수집 완료: 18봉
08:54:36 [INFO] [373220] 저장 완료: 259행 → E:\kium\data\cleaned\373220_merged.parquet
08:54:36 [INFO] 
─────────────────────────────────────────────
종목: 207940 (삼성바이오로직스)
08:54:36 [INFO]   [207940] 결측 행 제거: 1행 (공휴일/데이터 없음)
08:54:36 [INFO] [207940] CSV 로드 완료: 241행  (2025-01-02 ~ 2025-12-30)
08:54:37 [INFO] [207940] 당일 수집 완료: 18봉
08:54:37 [INFO] [207940] 저장 완료: 259행 → E:\kium\data\cleaned\207940_merged.parquet
08:54:37 [INFO] 
─────────────────────────────────────────────
종목: 005380 (현대차)
08:54:38 [INFO]   [005380] 결측 행 제거: 1행 (공휴일/데이터 없음)
08:54:38 [INFO] [005380] CSV 로드 완료: 241행  (2025-01-02 ~ 2025-12-30)
08:54:39 [INFO] [005380] 당일 수집 완료: 18봉
08:54:39 [INFO] [005380] 저장 완료: 259행 → E:\kium\data\cleaned\005380_merged.parquet
08:54:39 [INFO] 
─────────────────────────────────────────────
종목: 000270 (기아)
08:54:39 [INFO]   [000270] 결측 행 제거: 1행 (공휴일/데이터 없음)
08:54:39 [INFO] [000270] CSV 로드 완료: 241행  (2025-01-02 ~ 2025-12-30)
08:54:41 [INFO] [000270] 당일 수집 완료: 18봉
08:54:41 [INFO] [000270] 저장 완료: 259행 → E:\kium\data\cleaned\000270_merged.parquet
08:54:41 [INFO] 
─────────────────────────────────────────────
종목: 068270 (셀트리온)
08:54:41 [INFO]   [068270] 결측 행 제거: 1행 (공휴일/데이터 없음)
08:54:41 [INFO] [068270] CSV 로드 완료: 241행  (2025-01-02 ~ 2025-12-30)
08:54:43 [INFO] [068270] 당일 수집 완료: 18봉
08:54:43 [INFO] [068270] 저장 완료: 259행 → E:\kium\data\cleaned\068270_merged.parquet
08:54:43 [INFO] 
─────────────────────────────────────────────
종목: 105560 (KB금융)
08:54:43 [INFO]   [105560] 결측 행 제거: 1행 (공휴일/데이터 없음)
08:54:43 [INFO] [105560] CSV 로드 완료: 241행  (2025-01-02 ~ 2025-12-30)
08:54:45 [INFO] [105560] 당일 수집 완료: 18봉
08:54:45 [INFO] [105560] 저장 완료: 259행 → E:\kium\data\cleaned\105560_merged.parquet
08:54:45 [INFO] 
─────────────────────────────────────────────
종목: 005490 (POSCO홀딩스)
08:54:45 [INFO]   [005490] 결측 행 제거: 1행 (공휴일/데이터 없음)
08:54:45 [INFO] [005490] CSV 로드 완료: 241행  (2025-01-02 ~ 2025-12-30)
08:54:47 [INFO] [005490] 당일 수집 완료: 18봉
08:54:47 [INFO] [005490] 저장 완료: 259행 → E:\kium\data\cleaned\005490_merged.parquet
08:54:47 [INFO] 
─────────────────────────────────────────────
종목: 035420 (NAVER)
08:54:47 [INFO]   [035420] 결측 행 제거: 1행 (공휴일/데이터 없음)
08:54:47 [INFO] [035420] CSV 로드 완료: 241행  (2025-01-02 ~ 2025-12-30)
08:54:49 [INFO] [035420] 당일 수집 완료: 18봉
08:54:49 [INFO] [035420] 저장 완료: 259행 → E:\kium\data\cleaned\035420_merged.parquet
[kis_auth] 새 토큰 발급 완료 (유효: 24시간)
07:20:37 [INFO] 
─────────────────────────────────────────────
종목: 005930 (삼성전자)
07:20:37 [INFO]   [005930] 결측 행 제거: 1행 (공휴일/데이터 없음)
07:20:37 [INFO] [005930] CSV 로드 완료: 241행  (2025-01-02 ~ 2025-12-30)
07:20:39 [INFO] [005930] 당일 수집 완료: 18봉
07:20:40 [INFO] [005930] 저장 완료: 259행 → E:\kium\data\cleaned\005930_merged.parquet
07:20:40 [INFO] 
─────────────────────────────────────────────
종목: 000660 (SK하이닉스)
07:20:40 [INFO]   [000660] 결측 행 제거: 1행 (공휴일/데이터 없음)
07:20:40 [INFO] [000660] CSV 로드 완료: 241행  (2025-01-02 ~ 2025-12-30)
07:20:42 [INFO] [000660] 당일 수집 완료: 18봉
07:20:42 [INFO] [000660] 저장 완료: 259행 → E:\kium\data\cleaned\000660_merged.parquet
07:20:42 [INFO] 
─────────────────────────────────────────────
종목: 373220 (LG에너지솔루션)
07:20:42 [INFO]   [373220] 결측 행 제거: 1행 (공휴일/데이터 없음)
07:20:43 [INFO] [373220] CSV 로드 완료: 241행  (2025-01-02 ~ 2025-12-30)
07:20:45 [INFO] [373220] 당일 수집 완료: 18봉
07:20:45 [INFO] [373220] 저장 완료: 259행 → E:\kium\data\cleaned\373220_merged.parquet
07:20:45 [INFO] 
─────────────────────────────────────────────
종목: 207940 (삼성바이오로직스)
07:20:45 [INFO]   [207940] 결측 행 제거: 1행 (공휴일/데이터 없음)
07:20:45 [INFO] [207940] CSV 로드 완료: 241행  (2025-01-02 ~ 2025-12-30)
07:20:46 [INFO] [207940] 당일 수집 완료: 18봉
07:20:46 [INFO] [207940] 저장 완료: 259행 → E:\kium\data\cleaned\207940_merged.parquet
07:20:46 [INFO] 
─────────────────────────────────────────────
종목: 005380 (현대차)
07:20:47 [INFO]   [005380] 결측 행 제거: 1행 (공휴일/데이터 없음)
07:20:47 [INFO] [005380] CSV 로드 완료: 241행  (2025-01-02 ~ 2025-12-30)
07:20:48 [INFO] [005380] 당일 수집 완료: 18봉
07:20:48 [INFO] [005380] 저장 완료: 259행 → E:\kium\data\cleaned\005380_merged.parquet
07:20:48 [INFO] 
─────────────────────────────────────────────
종목: 000270 (기아)
07:20:48 [INFO]   [000270] 결측 행 제거: 1행 (공휴일/데이터 없음)
07:20:48 [INFO] [000270] CSV 로드 완료: 241행  (2025-01-02 ~ 2025-12-30)
07:20:50 [INFO] [000270] 당일 수집 완료: 18봉
07:20:50 [INFO] [000270] 저장 완료: 259행 → E:\kium\data\cleaned\000270_merged.parquet
07:20:50 [INFO] 
─────────────────────────────────────────────
종목: 068270 (셀트리온)
07:20:50 [INFO]   [068270] 결측 행 제거: 1행 (공휴일/데이터 없음)
07:20:50 [INFO] [068270] CSV 로드 완료: 241행  (2025-01-02 ~ 2025-12-30)
07:20:52 [INFO] [068270] 당일 수집 완료: 18봉
07:20:53 [INFO] [068270] 저장 완료: 259행 → E:\kium\data\cleaned\068270_merged.parquet
07:20:53 [INFO] 
─────────────────────────────────────────────
종목: 105560 (KB금융)
07:20:53 [INFO]   [105560] 결측 행 제거: 1행 (공휴일/데이터 없음)
07:20:53 [INFO] [105560] CSV 로드 완료: 241행  (2025-01-02 ~ 2025-12-30)
07:20:54 [INFO] [105560] 당일 수집 완료: 18봉
07:20:54 [INFO] [105560] 저장 완료: 259행 → E:\kium\data\cleaned\105560_merged.parquet
07:20:54 [INFO] 
─────────────────────────────────────────────
종목: 005490 (POSCO홀딩스)
07:20:54 [INFO]   [005490] 결측 행 제거: 1행 (공휴일/데이터 없음)
07:20:54 [INFO] [005490] CSV 로드 완료: 241행  (2025-01-02 ~ 2025-12-30)
07:20:56 [INFO] [005490] 당일 수집 완료: 18봉
07:20:56 [INFO] [005490] 저장 완료: 259행 → E:\kium\data\cleaned\005490_merged.parquet
07:20:56 [INFO] 
─────────────────────────────────────────────
종목: 035420 (NAVER)
07:20:56 [INFO]   [035420] 결측 행 제거: 1행 (공휴일/데이터 없음)
07:20:56 [INFO] [035420] CSV 로드 완료: 241행  (2025-01-02 ~ 2025-12-30)
07:20:58 [INFO] [035420] 당일 수집 완료: 18봉
07:20:58 [INFO] [035420] 저장 완료: 259행 → E:\kium\data\cleaned\035420_merged.parquet
01:14:10 [INFO] 
─────────────────────────────────────────────
종목: 005930 (삼성전자)
01:14:10 [INFO]   [005930] 결측 행 제거: 1행 (공휴일/데이터 없음)
01:14:10 [INFO] [005930] CSV 로드 완료: 241행  (2025-01-02 ~ 2025-12-30)
01:14:13 [INFO] [005930] 당일 수집 완료: 18봉
01:14:13 [INFO] [005930] 저장 완료: 259행 → E:\kium\data\cleaned\005930_merged.parquet
01:14:13 [INFO] 
─────────────────────────────────────────────
종목: 000660 (SK하이닉스)
01:14:13 [INFO]   [000660] 결측 행 제거: 1행 (공휴일/데이터 없음)
01:14:13 [INFO] [000660] CSV 로드 완료: 241행  (2025-01-02 ~ 2025-12-30)
01:14:15 [INFO] [000660] 당일 수집 완료: 18봉
01:14:15 [INFO] [000660] 저장 완료: 259행 → E:\kium\data\cleaned\000660_merged.parquet
01:14:15 [INFO] 
─────────────────────────────────────────────
종목: 373220 (LG에너지솔루션)
01:14:15 [INFO]   [373220] 결측 행 제거: 1행 (공휴일/데이터 없음)
01:14:15 [INFO] [373220] CSV 로드 완료: 241행  (2025-01-02 ~ 2025-12-30)
01:14:18 [INFO] [373220] 당일 수집 완료: 18봉
01:14:18 [INFO] [373220] 저장 완료: 259행 → E:\kium\data\cleaned\373220_merged.parquet
01:14:18 [INFO] 
─────────────────────────────────────────────
종목: 207940 (삼성바이오로직스)
01:14:18 [INFO]   [207940] 결측 행 제거: 1행 (공휴일/데이터 없음)
01:14:18 [INFO] [207940] CSV 로드 완료: 241행  (2025-01-02 ~ 2025-12-30)
01:14:20 [INFO] [207940] 당일 수집 완료: 18봉
01:14:20 [INFO] [207940] 저장 완료: 259행 → E:\kium\data\cleaned\207940_merged.parquet
01:14:20 [INFO] 
─────────────────────────────────────────────
종목: 005380 (현대차)
01:14:20 [INFO]   [005380] 결측 행 제거: 1행 (공휴일/데이터 없음)
01:14:20 [INFO] [005380] CSV 로드 완료: 241행  (2025-01-02 ~ 2025-12-30)
01:14:22 [INFO] [005380] 당일 수집 완료: 18봉
01:14:22 [INFO] [005380] 저장 완료: 259행 → E:\kium\data\cleaned\005380_merged.parquet
01:14:22 [INFO] 
─────────────────────────────────────────────
종목: 000270 (기아)
01:14:22 [INFO]   [000270] 결측 행 제거: 1행 (공휴일/데이터 없음)
01:14:22 [INFO] [000270] CSV 로드 완료: 241행  (2025-01-02 ~ 2025-12-30)
01:14:24 [INFO] [000270] 당일 수집 완료: 18봉
01:14:24 [INFO] [000270] 저장 완료: 259행 → E:\kium\data\cleaned\000270_merged.parquet
01:14:24 [INFO] 
─────────────────────────────────────────────
종목: 068270 (셀트리온)
01:14:24 [INFO]   [068270] 결측 행 제거: 1행 (공휴일/데이터 없음)
01:14:24 [INFO] [068270] CSV 로드 완료: 241행  (2025-01-02 ~ 2025-12-30)
01:14:26 [INFO] [068270] 당일 수집 완료: 18봉
01:14:26 [INFO] [068270] 저장 완료: 259행 → E:\kium\data\cleaned\068270_merged.parquet
01:14:26 [INFO] 
─────────────────────────────────────────────
종목: 105560 (KB금융)
01:14:26 [INFO]   [105560] 결측 행 제거: 1행 (공휴일/데이터 없음)
01:14:26 [INFO] [105560] CSV 로드 완료: 241행  (2025-01-02 ~ 2025-12-30)
01:14:28 [INFO] [105560] 당일 수집 완료: 18봉
01:14:29 [INFO] [105560] 저장 완료: 259행 → E:\kium\data\cleaned\105560_merged.parquet
01:14:29 [INFO] 
─────────────────────────────────────────────
종목: 005490 (POSCO홀딩스)
01:14:29 [INFO]   [005490] 결측 행 제거: 1행 (공휴일/데이터 없음)
01:14:29 [INFO] [005490] CSV 로드 완료: 241행  (2025-01-02 ~ 2025-12-30)
01:14:31 [INFO] [005490] 당일 수집 완료: 18봉
01:14:31 [INFO] [005490] 저장 완료: 259행 → E:\kium\data\cleaned\005490_merged.parquet
01:14:31 [INFO] 
─────────────────────────────────────────────
종목: 035420 (NAVER)
01:14:31 [INFO]   [035420] 결측 행 제거: 1행 (공휴일/데이터 없음)
01:14:31 [INFO] [035420] CSV 로드 완료: 241행  (2025-01-02 ~ 2025-12-30)
01:14:33 [INFO] [035420] 당일 수집 완료: 18봉
01:14:33 [INFO] [035420] 저장 완료: 259행 → E:\kium\data\cleaned\035420_merged.parquet
[kis_auth] 새 토큰 발급 완료 (유효: 24시간)
06:10:56 [INFO] 
─────────────────────────────────────────────
종목: 005930 (삼성전자)
06:10:56 [INFO]   [005930] 결측 행 제거: 1행 (공휴일/데이터 없음)
06:10:56 [INFO] [005930] CSV 로드 완료: 241행  (2025-01-02 ~ 2025-12-30)
06:10:58 [INFO] [005930] 당일 수집 완료: 18봉
06:10:58 [INFO] [005930] 저장 완료: 259행 → E:\kium\data\cleaned\005930_merged.parquet
06:10:58 [INFO] 
─────────────────────────────────────────────
종목: 000660 (SK하이닉스)
06:10:58 [INFO]   [000660] 결측 행 제거: 1행 (공휴일/데이터 없음)
06:10:58 [INFO] [000660] CSV 로드 완료: 241행  (2025-01-02 ~ 2025-12-30)
06:11:01 [INFO] [000660] 당일 수집 완료: 18봉
06:11:01 [INFO] [000660] 저장 완료: 259행 → E:\kium\data\cleaned\000660_merged.parquet
06:11:01 [INFO] 
─────────────────────────────────────────────
종목: 373220 (LG에너지솔루션)
06:11:01 [INFO]   [373220] 결측 행 제거: 1행 (공휴일/데이터 없음)
06:11:01 [INFO] [373220] CSV 로드 완료: 241행  (2025-01-02 ~ 2025-12-30)
06:11:03 [INFO] [373220] 당일 수집 완료: 18봉
06:11:03 [INFO] [373220] 저장 완료: 259행 → E:\kium\data\cleaned\373220_merged.parquet
06:11:03 [INFO] 
─────────────────────────────────────────────
종목: 207940 (삼성바이오로직스)
06:11:03 [INFO]   [207940] 결측 행 제거: 1행 (공휴일/데이터 없음)
06:11:03 [INFO] [207940] CSV 로드 완료: 241행  (2025-01-02 ~ 2025-12-30)
06:11:05 [INFO] [207940] 당일 수집 완료: 18봉
06:11:05 [INFO] [207940] 저장 완료: 259행 → E:\kium\data\cleaned\207940_merged.parquet
06:11:05 [INFO] 
─────────────────────────────────────────────
종목: 005380 (현대차)
06:11:05 [INFO]   [005380] 결측 행 제거: 1행 (공휴일/데이터 없음)
06:11:05 [INFO] [005380] CSV 로드 완료: 241행  (2025-01-02 ~ 2025-12-30)
06:11:07 [INFO] [005380] 당일 수집 완료: 18봉
06:11:07 [INFO] [005380] 저장 완료: 259행 → E:\kium\data\cleaned\005380_merged.parquet
06:11:07 [INFO] 
─────────────────────────────────────────────
종목: 000270 (기아)
06:11:07 [INFO]   [000270] 결측 행 제거: 1행 (공휴일/데이터 없음)
06:11:07 [INFO] [000270] CSV 로드 완료: 241행  (2025-01-02 ~ 2025-12-30)
06:11:10 [INFO] [000270] 당일 수집 완료: 18봉
06:11:10 [INFO] [000270] 저장 완료: 259행 → E:\kium\data\cleaned\000270_merged.parquet
06:11:10 [INFO] 
─────────────────────────────────────────────
종목: 068270 (셀트리온)
06:11:10 [INFO]   [068270] 결측 행 제거: 1행 (공휴일/데이터 없음)
06:11:10 [INFO] [068270] CSV 로드 완료: 241행  (2025-01-02 ~ 2025-12-30)
06:11:12 [INFO] [068270] 당일 수집 완료: 18봉
06:11:12 [INFO] [068270] 저장 완료: 259행 → E:\kium\data\cleaned\068270_merged.parquet
06:11:12 [INFO] 
─────────────────────────────────────────────
종목: 105560 (KB금융)
06:11:12 [INFO]   [105560] 결측 행 제거: 1행 (공휴일/데이터 없음)
06:11:12 [INFO] [105560] CSV 로드 완료: 241행  (2025-01-02 ~ 2025-12-30)
06:11:15 [INFO] [105560] 당일 수집 완료: 18봉
06:11:15 [INFO] [105560] 저장 완료: 259행 → E:\kium\data\cleaned\105560_merged.parquet
06:11:15 [INFO] 
─────────────────────────────────────────────
종목: 005490 (POSCO홀딩스)
06:11:15 [INFO]   [005490] 결측 행 제거: 1행 (공휴일/데이터 없음)
06:11:15 [INFO] [005490] CSV 로드 완료: 241행  (2025-01-02 ~ 2025-12-30)
06:11:17 [INFO] [005490] 당일 수집 완료: 18봉
06:11:17 [INFO] [005490] 저장 완료: 259행 → E:\kium\data\cleaned\005490_merged.parquet
06:11:17 [INFO] 
─────────────────────────────────────────────
종목: 035420 (NAVER)
06:11:17 [INFO]   [035420] 결측 행 제거: 1행 (공휴일/데이터 없음)
06:11:17 [INFO] [035420] CSV 로드 완료: 241행  (2025-01-02 ~ 2025-12-30)
06:11:19 [INFO] [035420] 당일 수집 완료: 18봉
06:11:19 [INFO] [035420] 저장 완료: 259행 → E:\kium\data\cleaned\035420_merged.parquet
07:19:46 [INFO] 
─────────────────────────────────────────────
종목: 005930 (삼성전자)
07:19:46 [INFO]   [005930] 결측 행 제거: 1행 (공휴일/데이터 없음)
07:19:46 [INFO] [005930] CSV 로드 완료: 241행  (2025-01-02 ~ 2025-12-30)
07:19:48 [INFO] [005930] 당일 수집 완료: 18봉
07:19:48 [INFO] [005930] 저장 완료: 259행 → E:\kium\data\cleaned\005930_merged.parquet
07:19:48 [INFO] 
─────────────────────────────────────────────
종목: 000660 (SK하이닉스)
07:19:48 [INFO]   [000660] 결측 행 제거: 1행 (공휴일/데이터 없음)
07:19:48 [INFO] [000660] CSV 로드 완료: 241행  (2025-01-02 ~ 2025-12-30)
07:19:50 [INFO] [000660] 당일 수집 완료: 18봉
07:19:50 [INFO] [000660] 저장 완료: 259행 → E:\kium\data\cleaned\000660_merged.parquet
07:19:50 [INFO] 
─────────────────────────────────────────────
종목: 373220 (LG에너지솔루션)
07:19:50 [INFO]   [373220] 결측 행 제거: 1행 (공휴일/데이터 없음)
07:19:50 [INFO] [373220] CSV 로드 완료: 241행  (2025-01-02 ~ 2025-12-30)
07:19:52 [INFO] [373220] 당일 수집 완료: 18봉
07:19:52 [INFO] [373220] 저장 완료: 259행 → E:\kium\data\cleaned\373220_merged.parquet
07:19:52 [INFO] 
─────────────────────────────────────────────
종목: 207940 (삼성바이오로직스)
07:19:52 [INFO]   [207940] 결측 행 제거: 1행 (공휴일/데이터 없음)
07:19:52 [INFO] [207940] CSV 로드 완료: 241행  (2025-01-02 ~ 2025-12-30)
07:19:54 [INFO] [207940] 당일 수집 완료: 18봉
07:19:54 [INFO] [207940] 저장 완료: 259행 → E:\kium\data\cleaned\207940_merged.parquet
07:19:54 [INFO] 
─────────────────────────────────────────────
종목: 005380 (현대차)
07:19:54 [INFO]   [005380] 결측 행 제거: 1행 (공휴일/데이터 없음)
07:19:54 [INFO] [005380] CSV 로드 완료: 241행  (2025-01-02 ~ 2025-12-30)
07:19:56 [INFO] [005380] 당일 수집 완료: 18봉
07:19:56 [INFO] [005380] 저장 완료: 259행 → E:\kium\data\cleaned\005380_merged.parquet
07:19:56 [INFO] 
─────────────────────────────────────────────
종목: 000270 (기아)
07:19:56 [INFO]   [000270] 결측 행 제거: 1행 (공휴일/데이터 없음)
07:19:56 [INFO] [000270] CSV 로드 완료: 241행  (2025-01-02 ~ 2025-12-30)
07:19:58 [INFO] [000270] 당일 수집 완료: 18봉
07:19:58 [INFO] [000270] 저장 완료: 259행 → E:\kium\data\cleaned\000270_merged.parquet
07:19:58 [INFO] 
─────────────────────────────────────────────
종목: 068270 (셀트리온)
07:19:58 [INFO]   [068270] 결측 행 제거: 1행 (공휴일/데이터 없음)
07:19:58 [INFO] [068270] CSV 로드 완료: 241행  (2025-01-02 ~ 2025-12-30)
07:20:00 [INFO] [068270] 당일 수집 완료: 18봉
07:20:00 [INFO] [068270] 저장 완료: 259행 → E:\kium\data\cleaned\068270_merged.parquet
07:20:00 [INFO] 
─────────────────────────────────────────────
종목: 105560 (KB금융)
07:20:00 [INFO]   [105560] 결측 행 제거: 1행 (공휴일/데이터 없음)
07:20:00 [INFO] [105560] CSV 로드 완료: 241행  (2025-01-02 ~ 2025-12-30)
07:20:01 [INFO] [105560] 당일 수집 완료: 18봉
07:20:01 [INFO] [105560] 저장 완료: 259행 → E:\kium\data\cleaned\105560_merged.parquet
07:20:01 [INFO] 
─────────────────────────────────────────────
종목: 005490 (POSCO홀딩스)
07:20:01 [INFO]   [005490] 결측 행 제거: 1행 (공휴일/데이터 없음)
07:20:01 [INFO] [005490] CSV 로드 완료: 241행  (2025-01-02 ~ 2025-12-30)
07:20:03 [INFO] [005490] 당일 수집 완료: 18봉
07:20:03 [INFO] [005490] 저장 완료: 259행 → E:\kium\data\cleaned\005490_merged.parquet
07:20:03 [INFO] 
─────────────────────────────────────────────
종목: 035420 (NAVER)
07:20:03 [INFO]   [035420] 결측 행 제거: 1행 (공휴일/데이터 없음)
07:20:03 [INFO] [035420] CSV 로드 완료: 241행  (2025-01-02 ~ 2025-12-30)
07:20:05 [INFO] [035420] 당일 수집 완료: 18봉
07:20:05 [INFO] [035420] 저장 완료: 259행 → E:\kium\data\cleaned\035420_merged.parquet
[kis_auth] 새 토큰 발급 완료 (유효: 24시간)
17:44:21 [INFO] 
─────────────────────────────────────────────
종목: 005930 (삼성전자)
17:44:22 [INFO]   [005930] 결측 행 제거: 1행 (공휴일/데이터 없음)
17:44:22 [INFO] [005930] CSV 로드 완료: 241행  (2025-01-02 ~ 2025-12-30)
17:44:24 [INFO] [005930] 당일 수집 완료: 18봉
17:44:24 [INFO] [005930] 저장 완료: 259행 → E:\kium\data\cleaned\005930_merged.parquet
17:44:24 [INFO] 
─────────────────────────────────────────────
종목: 000660 (SK하이닉스)
17:44:24 [INFO]   [000660] 결측 행 제거: 1행 (공휴일/데이터 없음)
17:44:24 [INFO] [000660] CSV 로드 완료: 241행  (2025-01-02 ~ 2025-12-30)
17:44:26 [INFO] [000660] 당일 수집 완료: 18봉
17:44:26 [INFO] [000660] 저장 완료: 259행 → E:\kium\data\cleaned\000660_merged.parquet
17:44:26 [INFO] 
─────────────────────────────────────────────
종목: 373220 (LG에너지솔루션)
17:44:26 [INFO]   [373220] 결측 행 제거: 1행 (공휴일/데이터 없음)
17:44:26 [INFO] [373220] CSV 로드 완료: 241행  (2025-01-02 ~ 2025-12-30)
17:44:28 [INFO] [373220] 당일 수집 완료: 18봉
17:44:28 [INFO] [373220] 저장 완료: 259행 → E:\kium\data\cleaned\373220_merged.parquet
17:44:28 [INFO] 
─────────────────────────────────────────────
종목: 207940 (삼성바이오로직스)
17:44:28 [INFO]   [207940] 결측 행 제거: 1행 (공휴일/데이터 없음)
17:44:28 [INFO] [207940] CSV 로드 완료: 241행  (2025-01-02 ~ 2025-12-30)
17:44:30 [INFO] [207940] 당일 수집 완료: 18봉
17:44:30 [INFO] [207940] 저장 완료: 259행 → E:\kium\data\cleaned\207940_merged.parquet
17:44:30 [INFO] 
─────────────────────────────────────────────
종목: 005380 (현대차)
17:44:30 [INFO]   [005380] 결측 행 제거: 1행 (공휴일/데이터 없음)
17:44:30 [INFO] [005380] CSV 로드 완료: 241행  (2025-01-02 ~ 2025-12-30)
17:44:32 [INFO] [005380] 당일 수집 완료: 18봉
17:44:32 [INFO] [005380] 저장 완료: 259행 → E:\kium\data\cleaned\005380_merged.parquet
17:44:32 [INFO] 
─────────────────────────────────────────────
종목: 000270 (기아)
17:44:32 [INFO]   [000270] 결측 행 제거: 1행 (공휴일/데이터 없음)
17:44:32 [INFO] [000270] CSV 로드 완료: 241행  (2025-01-02 ~ 2025-12-30)
17:44:34 [INFO] [000270] 당일 수집 완료: 18봉
17:44:34 [INFO] [000270] 저장 완료: 259행 → E:\kium\data\cleaned\000270_merged.parquet
17:44:34 [INFO] 
─────────────────────────────────────────────
종목: 068270 (셀트리온)
17:44:34 [INFO]   [068270] 결측 행 제거: 1행 (공휴일/데이터 없음)
17:44:34 [INFO] [068270] CSV 로드 완료: 241행  (2025-01-02 ~ 2025-12-30)
17:44:35 [INFO] [068270] 당일 수집 완료: 18봉
17:44:36 [INFO] [068270] 저장 완료: 259행 → E:\kium\data\cleaned\068270_merged.parquet
17:44:36 [INFO] 
─────────────────────────────────────────────
종목: 105560 (KB금융)
17:44:36 [INFO]   [105560] 결측 행 제거: 1행 (공휴일/데이터 없음)
17:44:36 [INFO] [105560] CSV 로드 완료: 241행  (2025-01-02 ~ 2025-12-30)
17:44:37 [INFO] [105560] 당일 수집 완료: 18봉
17:44:37 [INFO] [105560] 저장 완료: 259행 → E:\kium\data\cleaned\105560_merged.parquet
17:44:37 [INFO] 
─────────────────────────────────────────────
종목: 005490 (POSCO홀딩스)
17:44:37 [INFO]   [005490] 결측 행 제거: 1행 (공휴일/데이터 없음)
17:44:37 [INFO] [005490] CSV 로드 완료: 241행  (2025-01-02 ~ 2025-12-30)
17:44:39 [INFO] [005490] 당일 수집 완료: 18봉
17:44:39 [INFO] [005490] 저장 완료: 259행 → E:\kium\data\cleaned\005490_merged.parquet
17:44:39 [INFO] 
─────────────────────────────────────────────
종목: 035420 (NAVER)
17:44:39 [INFO]   [035420] 결측 행 제거: 1행 (공휴일/데이터 없음)
17:44:39 [INFO] [035420] CSV 로드 완료: 241행  (2025-01-02 ~ 2025-12-30)
17:44:41 [INFO] [035420] 당일 수집 완료: 18봉
17:44:41 [INFO] [035420] 저장 완료: 259행 → E:\kium\data\cleaned\035420_merged.parquet
[kis_auth] 새 토큰 발급 완료 (유효: 24시간)
^C20:41:22 [INFO] 
─────────────────────────────────────────────
종목: 005930 (삼성전자)
20:41:22 [INFO]   [005930] 결측 행 제거: 1행 (공휴일/데이터 없음)
20:41:22 [INFO] [005930] CSV 로드 완료: 241행  (2025-01-02 ~ 2025-12-30)
20:41:24 [INFO] [005930] 당일 수집 완료: 18봉
20:41:25 [INFO] [005930] 저장 완료: 259행 → E:\kium\data\cleaned\005930_merged.parquet
20:41:25 [INFO] 
─────────────────────────────────────────────
종목: 000660 (SK하이닉스)
20:41:25 [INFO]   [000660] 결측 행 제거: 1행 (공휴일/데이터 없음)
20:41:25 [INFO] [000660] CSV 로드 완료: 241행  (2025-01-02 ~ 2025-12-30)
20:41:27 [INFO] [000660] 당일 수집 완료: 18봉
20:41:27 [INFO] [000660] 저장 완료: 259행 → E:\kium\data\cleaned\000660_merged.parquet
20:41:27 [INFO] 
─────────────────────────────────────────────
종목: 373220 (LG에너지솔루션)
20:41:27 [INFO]   [373220] 결측 행 제거: 1행 (공휴일/데이터 없음)
20:41:27 [INFO] [373220] CSV 로드 완료: 241행  (2025-01-02 ~ 2025-12-30)
20:41:29 [INFO] [373220] 당일 수집 완료: 18봉
20:41:29 [INFO] [373220] 저장 완료: 259행 → E:\kium\data\cleaned\373220_merged.parquet
20:41:29 [INFO] 
─────────────────────────────────────────────
종목: 207940 (삼성바이오로직스)
20:41:29 [INFO]   [207940] 결측 행 제거: 1행 (공휴일/데이터 없음)
20:41:29 [INFO] [207940] CSV 로드 완료: 241행  (2025-01-02 ~ 2025-12-30)
20:41:31 [INFO] [207940] 당일 수집 완료: 18봉
20:41:31 [INFO] [207940] 저장 완료: 259행 → E:\kium\data\cleaned\207940_merged.parquet
20:41:31 [INFO] 
─────────────────────────────────────────────
종목: 005380 (현대차)
20:41:31 [INFO]   [005380] 결측 행 제거: 1행 (공휴일/데이터 없음)
20:41:31 [INFO] [005380] CSV 로드 완료: 241행  (2025-01-02 ~ 2025-12-30)
20:41:33 [INFO] [005380] 당일 수집 완료: 18봉
20:41:33 [INFO] [005380] 저장 완료: 259행 → E:\kium\data\cleaned\005380_merged.parquet
20:41:33 [INFO] 
─────────────────────────────────────────────
종목: 000270 (기아)
20:41:33 [INFO]   [000270] 결측 행 제거: 1행 (공휴일/데이터 없음)
20:41:33 [INFO] [000270] CSV 로드 완료: 241행  (2025-01-02 ~ 2025-12-30)
20:41:35 [INFO] [000270] 당일 수집 완료: 18봉
20:41:35 [INFO] [000270] 저장 완료: 259행 → E:\kium\data\cleaned\000270_merged.parquet
20:41:35 [INFO] 
─────────────────────────────────────────────
종목: 068270 (셀트리온)
20:41:35 [INFO]   [068270] 결측 행 제거: 1행 (공휴일/데이터 없음)
20:41:35 [INFO] [068270] CSV 로드 완료: 241행  (2025-01-02 ~ 2025-12-30)
20:41:37 [INFO] [068270] 당일 수집 완료: 18봉
20:41:37 [INFO] [068270] 저장 완료: 259행 → E:\kium\data\cleaned\068270_merged.parquet
20:41:37 [INFO] 
─────────────────────────────────────────────
종목: 105560 (KB금융)
20:41:37 [INFO]   [105560] 결측 행 제거: 1행 (공휴일/데이터 없음)
20:41:37 [INFO] [105560] CSV 로드 완료: 241행  (2025-01-02 ~ 2025-12-30)
20:41:39 [INFO] [105560] 당일 수집 완료: 18봉
20:41:39 [INFO] [105560] 저장 완료: 259행 → E:\kium\data\cleaned\105560_merged.parquet
20:41:39 [INFO] 
─────────────────────────────────────────────
종목: 005490 (POSCO홀딩스)
20:41:39 [INFO]   [005490] 결측 행 제거: 1행 (공휴일/데이터 없음)
20:41:39 [INFO] [005490] CSV 로드 완료: 241행  (2025-01-02 ~ 2025-12-30)
20:41:41 [INFO] [005490] 당일 수집 완료: 18봉
20:41:41 [INFO] [005490] 저장 완료: 259행 → E:\kium\data\cleaned\005490_merged.parquet
20:41:41 [INFO] 
─────────────────────────────────────────────
종목: 035420 (NAVER)
20:41:41 [INFO]   [035420] 결측 행 제거: 1행 (공휴일/데이터 없음)
20:41:41 [INFO] [035420] CSV 로드 완료: 241행  (2025-01-02 ~ 2025-12-30)
20:41:43 [INFO] [035420] 당일 수집 완료: 18봉
20:41:43 [INFO] [035420] 저장 완료: 259행 → E:\kium\data\cleaned\035420_merged.parquet
[kis_auth] 새 토큰 발급 완료 (유효: 24시간)
20:02:03 [INFO] 
─────────────────────────────────────────────
종목: 005930 (삼성전자)
20:02:03 [INFO]   [005930] 결측 행 제거: 1행 (공휴일/데이터 없음)
20:02:03 [INFO] [005930] CSV 로드 완료: 241행  (2025-01-02 ~ 2025-12-30)
20:02:05 [INFO] [005930] 당일 수집 완료: 18봉
20:02:06 [INFO] [005930] 저장 완료: 259행 → E:\kium\data\cleaned\005930_merged.parquet
20:02:06 [INFO] 
─────────────────────────────────────────────
종목: 000660 (SK하이닉스)
20:02:06 [INFO]   [000660] 결측 행 제거: 1행 (공휴일/데이터 없음)
20:02:06 [INFO] [000660] CSV 로드 완료: 241행  (2025-01-02 ~ 2025-12-30)
20:02:08 [INFO] [000660] 당일 수집 완료: 18봉
20:02:08 [INFO] [000660] 저장 완료: 259행 → E:\kium\data\cleaned\000660_merged.parquet
20:02:08 [INFO] 
─────────────────────────────────────────────
종목: 373220 (LG에너지솔루션)
20:02:08 [INFO]   [373220] 결측 행 제거: 1행 (공휴일/데이터 없음)
20:02:08 [INFO] [373220] CSV 로드 완료: 241행  (2025-01-02 ~ 2025-12-30)
20:02:10 [INFO] [373220] 당일 수집 완료: 18봉
20:02:10 [INFO] [373220] 저장 완료: 259행 → E:\kium\data\cleaned\373220_merged.parquet
20:02:10 [INFO] 
─────────────────────────────────────────────
종목: 207940 (삼성바이오로직스)
20:02:10 [INFO]   [207940] 결측 행 제거: 1행 (공휴일/데이터 없음)
20:02:10 [INFO] [207940] CSV 로드 완료: 241행  (2025-01-02 ~ 2025-12-30)
20:02:12 [INFO] [207940] 당일 수집 완료: 18봉
20:02:12 [INFO] [207940] 저장 완료: 259행 → E:\kium\data\cleaned\207940_merged.parquet
20:02:12 [INFO] 
─────────────────────────────────────────────
종목: 005380 (현대차)
20:02:12 [INFO]   [005380] 결측 행 제거: 1행 (공휴일/데이터 없음)
20:02:12 [INFO] [005380] CSV 로드 완료: 241행  (2025-01-02 ~ 2025-12-30)
20:02:13 [INFO] [005380] 당일 수집 완료: 18봉
20:02:13 [INFO] [005380] 저장 완료: 259행 → E:\kium\data\cleaned\005380_merged.parquet
20:02:13 [INFO] 
─────────────────────────────────────────────
종목: 000270 (기아)
20:02:13 [INFO]   [000270] 결측 행 제거: 1행 (공휴일/데이터 없음)
20:02:14 [INFO] [000270] CSV 로드 완료: 241행  (2025-01-02 ~ 2025-12-30)
20:02:15 [INFO] [000270] 당일 수집 완료: 18봉
20:02:15 [INFO] [000270] 저장 완료: 259행 → E:\kium\data\cleaned\000270_merged.parquet
20:02:15 [INFO] 
─────────────────────────────────────────────
종목: 068270 (셀트리온)
20:02:15 [INFO]   [068270] 결측 행 제거: 1행 (공휴일/데이터 없음)
20:02:15 [INFO] [068270] CSV 로드 완료: 241행  (2025-01-02 ~ 2025-12-30)
20:02:17 [INFO] [068270] 당일 수집 완료: 18봉
20:02:17 [INFO] [068270] 저장 완료: 259행 → E:\kium\data\cleaned\068270_merged.parquet
20:02:17 [INFO] 
─────────────────────────────────────────────
종목: 105560 (KB금융)
20:02:17 [INFO]   [105560] 결측 행 제거: 1행 (공휴일/데이터 없음)
20:02:17 [INFO] [105560] CSV 로드 완료: 241행  (2025-01-02 ~ 2025-12-30)
20:02:19 [INFO] [105560] 당일 수집 완료: 18봉
20:02:19 [INFO] [105560] 저장 완료: 259행 → E:\kium\data\cleaned\105560_merged.parquet
20:02:19 [INFO] 
─────────────────────────────────────────────
종목: 005490 (POSCO홀딩스)
20:02:19 [INFO]   [005490] 결측 행 제거: 1행 (공휴일/데이터 없음)
20:02:19 [INFO] [005490] CSV 로드 완료: 241행  (2025-01-02 ~ 2025-12-30)
20:02:21 [INFO] [005490] 당일 수집 완료: 18봉
20:02:21 [INFO] [005490] 저장 완료: 259행 → E:\kium\data\cleaned\005490_merged.parquet
20:02:21 [INFO] 
─────────────────────────────────────────────
종목: 035420 (NAVER)
20:02:21 [INFO]   [035420] 결측 행 제거: 1행 (공휴일/데이터 없음)
20:02:21 [INFO] [035420] CSV 로드 완료: 241행  (2025-01-02 ~ 2025-12-30)
20:02:23 [INFO] [035420] 당일 수집 완료: 18봉
20:02:23 [INFO] [035420] 저장 완료: 259행 → E:\kium\data\cleaned\035420_merged.parquet
11:28:05 [INFO] 
─────────────────────────────────────────────
종목: 005930 (삼성전자)
11:28:05 [INFO]   [005930] 결측 행 제거: 1행 (공휴일/데이터 없음)
11:28:05 [INFO] [005930] CSV 로드 완료: 241행  (2025-01-02 ~ 2025-12-30)
11:28:11 [INFO] [005930] 당일 수집 완료: 18봉
11:28:13 [INFO] [005930] 저장 완료: 259행 → E:\kium\data\cleaned\005930_merged.parquet
11:28:13 [INFO] 
─────────────────────────────────────────────
종목: 000660 (SK하이닉스)
11:28:13 [INFO]   [000660] 결측 행 제거: 1행 (공휴일/데이터 없음)
11:28:13 [INFO] [000660] CSV 로드 완료: 241행  (2025-01-02 ~ 2025-12-30)
11:28:16 [INFO] [000660] 당일 수집 완료: 18봉
11:28:16 [INFO] [000660] 저장 완료: 259행 → E:\kium\data\cleaned\000660_merged.parquet
11:28:16 [INFO] 
─────────────────────────────────────────────
종목: 373220 (LG에너지솔루션)
11:28:16 [INFO]   [373220] 결측 행 제거: 1행 (공휴일/데이터 없음)
11:28:16 [INFO] [373220] CSV 로드 완료: 241행  (2025-01-02 ~ 2025-12-30)
11:28:18 [INFO] [373220] 당일 수집 완료: 18봉
11:28:18 [INFO] [373220] 저장 완료: 259행 → E:\kium\data\cleaned\373220_merged.parquet
11:28:18 [INFO] 
─────────────────────────────────────────────
종목: 207940 (삼성바이오로직스)
11:28:18 [INFO]   [207940] 결측 행 제거: 1행 (공휴일/데이터 없음)
11:28:18 [INFO] [207940] CSV 로드 완료: 241행  (2025-01-02 ~ 2025-12-30)
11:28:21 [INFO] [207940] 당일 수집 완료: 18봉
11:28:21 [INFO] [207940] 저장 완료: 259행 → E:\kium\data\cleaned\207940_merged.parquet
11:28:21 [INFO] 
─────────────────────────────────────────────
종목: 005380 (현대차)
11:28:21 [INFO]   [005380] 결측 행 제거: 1행 (공휴일/데이터 없음)
11:28:21 [INFO] [005380] CSV 로드 완료: 241행  (2025-01-02 ~ 2025-12-30)
11:28:25 [INFO] [005380] 당일 수집 완료: 18봉
11:28:25 [INFO] [005380] 저장 완료: 259행 → E:\kium\data\cleaned\005380_merged.parquet
11:28:25 [INFO] 
─────────────────────────────────────────────
종목: 000270 (기아)
11:28:25 [INFO]   [000270] 결측 행 제거: 1행 (공휴일/데이터 없음)
11:28:25 [INFO] [000270] CSV 로드 완료: 241행  (2025-01-02 ~ 2025-12-30)
11:28:27 [INFO] [000270] 당일 수집 완료: 18봉
11:28:27 [INFO] [000270] 저장 완료: 259행 → E:\kium\data\cleaned\000270_merged.parquet
11:28:27 [INFO] 
─────────────────────────────────────────────
종목: 068270 (셀트리온)
11:28:27 [INFO]   [068270] 결측 행 제거: 1행 (공휴일/데이터 없음)
11:28:27 [INFO] [068270] CSV 로드 완료: 241행  (2025-01-02 ~ 2025-12-30)
11:28:31 [INFO] [068270] 당일 수집 완료: 18봉
11:28:31 [INFO] [068270] 저장 완료: 259행 → E:\kium\data\cleaned\068270_merged.parquet
11:28:31 [INFO] 
─────────────────────────────────────────────
종목: 105560 (KB금융)
11:28:31 [INFO]   [105560] 결측 행 제거: 1행 (공휴일/데이터 없음)
11:28:31 [INFO] [105560] CSV 로드 완료: 241행  (2025-01-02 ~ 2025-12-30)
11:28:34 [INFO] [105560] 당일 수집 완료: 18봉
11:28:34 [INFO] [105560] 저장 완료: 259행 → E:\kium\data\cleaned\105560_merged.parquet
11:28:34 [INFO] 
─────────────────────────────────────────────
종목: 005490 (POSCO홀딩스)
11:28:34 [INFO]   [005490] 결측 행 제거: 1행 (공휴일/데이터 없음)
11:28:34 [INFO] [005490] CSV 로드 완료: 241행  (2025-01-02 ~ 2025-12-30)
11:28:37 [INFO] [005490] 당일 수집 완료: 18봉
11:28:37 [INFO] [005490] 저장 완료: 259행 → E:\kium\data\cleaned\005490_merged.parquet
11:28:37 [INFO] 
─────────────────────────────────────────────
종목: 035420 (NAVER)
11:28:37 [INFO]   [035420] 결측 행 제거: 1행 (공휴일/데이터 없음)
11:28:37 [INFO] [035420] CSV 로드 완료: 241행  (2025-01-02 ~ 2025-12-30)
11:28:41 [INFO] [035420] 당일 수집 완료: 18봉
11:28:41 [INFO] [035420] 저장 완료: 259행 → E:\kium\data\cleaned\035420_merged.parquet
[kis_auth] 새 토큰 발급 완료 (유효: 24시간)
08:37:58 [INFO] 
─────────────────────────────────────────────
종목: 005930 (삼성전자)
08:37:58 [INFO]   [005930] 결측 행 제거: 1행 (공휴일/데이터 없음)
08:37:58 [INFO] [005930] CSV 로드 완료: 241행  (2025-01-02 ~ 2025-12-30)
08:38:00 [INFO] [005930] 당일 수집 완료: 18봉
08:38:01 [INFO] [005930] 저장 완료: 259행 → E:\kium\data\cleaned\005930_merged.parquet
08:38:01 [INFO] 
─────────────────────────────────────────────
종목: 000660 (SK하이닉스)
08:38:01 [INFO]   [000660] 결측 행 제거: 1행 (공휴일/데이터 없음)
08:38:01 [INFO] [000660] CSV 로드 완료: 241행  (2025-01-02 ~ 2025-12-30)
08:38:03 [INFO] [000660] 당일 수집 완료: 18봉
08:38:03 [INFO] [000660] 저장 완료: 259행 → E:\kium\data\cleaned\000660_merged.parquet
08:38:03 [INFO] 
─────────────────────────────────────────────
종목: 373220 (LG에너지솔루션)
08:38:03 [INFO]   [373220] 결측 행 제거: 1행 (공휴일/데이터 없음)
08:38:03 [INFO] [373220] CSV 로드 완료: 241행  (2025-01-02 ~ 2025-12-30)
08:38:05 [INFO] [373220] 당일 수집 완료: 18봉
08:38:05 [INFO] [373220] 저장 완료: 259행 → E:\kium\data\cleaned\373220_merged.parquet
08:38:05 [INFO] 
─────────────────────────────────────────────
종목: 207940 (삼성바이오로직스)
08:38:05 [INFO]   [207940] 결측 행 제거: 1행 (공휴일/데이터 없음)
08:38:05 [INFO] [207940] CSV 로드 완료: 241행  (2025-01-02 ~ 2025-12-30)
08:38:06 [INFO] [207940] 당일 수집 완료: 18봉
08:38:07 [INFO] [207940] 저장 완료: 259행 → E:\kium\data\cleaned\207940_merged.parquet
08:38:07 [INFO] 
─────────────────────────────────────────────
종목: 005380 (현대차)
08:38:07 [INFO]   [005380] 결측 행 제거: 1행 (공휴일/데이터 없음)
08:38:07 [INFO] [005380] CSV 로드 완료: 241행  (2025-01-02 ~ 2025-12-30)
08:38:08 [INFO] [005380] 당일 수집 완료: 18봉
08:38:08 [INFO] [005380] 저장 완료: 259행 → E:\kium\data\cleaned\005380_merged.parquet
08:38:08 [INFO] 
─────────────────────────────────────────────
종목: 000270 (기아)
08:38:08 [INFO]   [000270] 결측 행 제거: 1행 (공휴일/데이터 없음)
08:38:08 [INFO] [000270] CSV 로드 완료: 241행  (2025-01-02 ~ 2025-12-30)
08:38:10 [INFO] [000270] 당일 수집 완료: 18봉
08:38:10 [INFO] [000270] 저장 완료: 259행 → E:\kium\data\cleaned\000270_merged.parquet
08:38:10 [INFO] 
─────────────────────────────────────────────
종목: 068270 (셀트리온)
08:38:10 [INFO]   [068270] 결측 행 제거: 1행 (공휴일/데이터 없음)
08:38:10 [INFO] [068270] CSV 로드 완료: 241행  (2025-01-02 ~ 2025-12-30)
08:38:12 [INFO] [068270] 당일 수집 완료: 18봉
08:38:12 [INFO] [068270] 저장 완료: 259행 → E:\kium\data\cleaned\068270_merged.parquet
08:38:12 [INFO] 
─────────────────────────────────────────────
종목: 105560 (KB금융)
08:38:12 [INFO]   [105560] 결측 행 제거: 1행 (공휴일/데이터 없음)
08:38:12 [INFO] [105560] CSV 로드 완료: 241행  (2025-01-02 ~ 2025-12-30)
08:38:14 [INFO] [105560] 당일 수집 완료: 18봉
08:38:14 [INFO] [105560] 저장 완료: 259행 → E:\kium\data\cleaned\105560_merged.parquet
08:38:14 [INFO] 
─────────────────────────────────────────────
종목: 005490 (POSCO홀딩스)
08:38:14 [INFO]   [005490] 결측 행 제거: 1행 (공휴일/데이터 없음)
08:38:14 [INFO] [005490] CSV 로드 완료: 241행  (2025-01-02 ~ 2025-12-30)
08:38:16 [INFO] [005490] 당일 수집 완료: 18봉
08:38:16 [INFO] [005490] 저장 완료: 259행 → E:\kium\data\cleaned\005490_merged.parquet
08:38:16 [INFO] 
─────────────────────────────────────────────
종목: 035420 (NAVER)
08:38:16 [INFO]   [035420] 결측 행 제거: 1행 (공휴일/데이터 없음)
08:38:16 [INFO] [035420] CSV 로드 완료: 241행  (2025-01-02 ~ 2025-12-30)
08:38:18 [INFO] [035420] 당일 수집 완료: 18봉
08:38:18 [INFO] [035420] 저장 완료: 259행 → E:\kium\data\cleaned\035420_merged.parquet
06:43:23 [INFO] 
─────────────────────────────────────────────
종목: 005930 (삼성전자)
06:43:23 [INFO]   [005930] 결측 행 제거: 1행 (공휴일/데이터 없음)
06:43:23 [INFO] [005930] CSV 로드 완료: 241행  (2025-01-02 ~ 2025-12-30)
06:43:26 [INFO] [005930] 당일 수집 완료: 18봉
06:43:26 [INFO] [005930] 저장 완료: 259행 → E:\kium\data\cleaned\005930_merged.parquet
06:43:26 [INFO] 
─────────────────────────────────────────────
종목: 000660 (SK하이닉스)
06:43:26 [INFO]   [000660] 결측 행 제거: 1행 (공휴일/데이터 없음)
06:43:26 [INFO] [000660] CSV 로드 완료: 241행  (2025-01-02 ~ 2025-12-30)
06:43:28 [INFO] [000660] 당일 수집 완료: 18봉
06:43:28 [INFO] [000660] 저장 완료: 259행 → E:\kium\data\cleaned\000660_merged.parquet
06:43:28 [INFO] 
─────────────────────────────────────────────
종목: 373220 (LG에너지솔루션)
06:43:28 [INFO]   [373220] 결측 행 제거: 1행 (공휴일/데이터 없음)
06:43:28 [INFO] [373220] CSV 로드 완료: 241행  (2025-01-02 ~ 2025-12-30)
06:43:30 [INFO] [373220] 당일 수집 완료: 18봉
06:43:30 [INFO] [373220] 저장 완료: 259행 → E:\kium\data\cleaned\373220_merged.parquet
06:43:30 [INFO] 
─────────────────────────────────────────────
종목: 207940 (삼성바이오로직스)
06:43:30 [INFO]   [207940] 결측 행 제거: 1행 (공휴일/데이터 없음)
06:43:30 [INFO] [207940] CSV 로드 완료: 241행  (2025-01-02 ~ 2025-12-30)
06:43:32 [INFO] [207940] 당일 수집 완료: 18봉
06:43:32 [INFO] [207940] 저장 완료: 259행 → E:\kium\data\cleaned\207940_merged.parquet
06:43:32 [INFO] 
─────────────────────────────────────────────
종목: 005380 (현대차)
06:43:32 [INFO]   [005380] 결측 행 제거: 1행 (공휴일/데이터 없음)
06:43:32 [INFO] [005380] CSV 로드 완료: 241행  (2025-01-02 ~ 2025-12-30)
06:43:33 [INFO] [005380] 당일 수집 완료: 18봉
06:43:33 [INFO] [005380] 저장 완료: 259행 → E:\kium\data\cleaned\005380_merged.parquet
06:43:33 [INFO] 
─────────────────────────────────────────────
종목: 000270 (기아)
06:43:33 [INFO]   [000270] 결측 행 제거: 1행 (공휴일/데이터 없음)
06:43:33 [INFO] [000270] CSV 로드 완료: 241행  (2025-01-02 ~ 2025-12-30)
06:43:35 [INFO] [000270] 당일 수집 완료: 18봉
06:43:35 [INFO] [000270] 저장 완료: 259행 → E:\kium\data\cleaned\000270_merged.parquet
06:43:35 [INFO] 
─────────────────────────────────────────────
종목: 068270 (셀트리온)
06:43:35 [INFO]   [068270] 결측 행 제거: 1행 (공휴일/데이터 없음)
06:43:35 [INFO] [068270] CSV 로드 완료: 241행  (2025-01-02 ~ 2025-12-30)
06:43:37 [INFO] [068270] 당일 수집 완료: 18봉
06:43:37 [INFO] [068270] 저장 완료: 259행 → E:\kium\data\cleaned\068270_merged.parquet
06:43:37 [INFO] 
─────────────────────────────────────────────
종목: 105560 (KB금융)
06:43:37 [INFO]   [105560] 결측 행 제거: 1행 (공휴일/데이터 없음)
06:43:37 [INFO] [105560] CSV 로드 완료: 241행  (2025-01-02 ~ 2025-12-30)
06:43:39 [INFO] [105560] 당일 수집 완료: 18봉
06:43:39 [INFO] [105560] 저장 완료: 259행 → E:\kium\data\cleaned\105560_merged.parquet
06:43:39 [INFO] 
─────────────────────────────────────────────
종목: 005490 (POSCO홀딩스)
06:43:39 [INFO]   [005490] 결측 행 제거: 1행 (공휴일/데이터 없음)
06:43:39 [INFO] [005490] CSV 로드 완료: 241행  (2025-01-02 ~ 2025-12-30)
06:43:41 [INFO] [005490] 당일 수집 완료: 18봉
06:43:41 [INFO] [005490] 저장 완료: 259행 → E:\kium\data\cleaned\005490_merged.parquet
06:43:41 [INFO] 
─────────────────────────────────────────────
종목: 035420 (NAVER)
06:43:41 [INFO]   [035420] 결측 행 제거: 1행 (공휴일/데이터 없음)
06:43:41 [INFO] [035420] CSV 로드 완료: 241행  (2025-01-02 ~ 2025-12-30)
06:43:43 [INFO] [035420] 당일 수집 완료: 18봉
06:43:43 [INFO] [035420] 저장 완료: 259행 → E:\kium\data\cleaned\035420_merged.parquet
[kis_auth] 새 토큰 발급 완료 (유효: 24시간)
21:48:50 [INFO] 
─────────────────────────────────────────────
종목: 005930 (삼성전자)
21:48:50 [INFO]   [005930] 결측 행 제거: 1행 (공휴일/데이터 없음)
21:48:50 [INFO] [005930] CSV 로드 완료: 241행  (2025-01-02 ~ 2025-12-30)
21:48:52 [INFO] [005930] 당일 수집 완료: 18봉
21:48:54 [INFO] [005930] 저장 완료: 259행 → E:\kium\data\cleaned\005930_merged.parquet
21:48:54 [INFO] 
─────────────────────────────────────────────
종목: 000660 (SK하이닉스)
21:48:54 [INFO]   [000660] 결측 행 제거: 1행 (공휴일/데이터 없음)
21:48:54 [INFO] [000660] CSV 로드 완료: 241행  (2025-01-02 ~ 2025-12-30)
21:48:56 [INFO] [000660] 당일 수집 완료: 18봉
21:48:56 [INFO] [000660] 저장 완료: 259행 → E:\kium\data\cleaned\000660_merged.parquet
21:48:56 [INFO] 
─────────────────────────────────────────────
종목: 373220 (LG에너지솔루션)
21:48:56 [INFO]   [373220] 결측 행 제거: 1행 (공휴일/데이터 없음)
21:48:56 [INFO] [373220] CSV 로드 완료: 241행  (2025-01-02 ~ 2025-12-30)
21:48:58 [INFO] [373220] 당일 수집 완료: 18봉
21:48:58 [INFO] [373220] 저장 완료: 259행 → E:\kium\data\cleaned\373220_merged.parquet
21:48:58 [INFO] 
─────────────────────────────────────────────
종목: 207940 (삼성바이오로직스)
21:48:58 [INFO]   [207940] 결측 행 제거: 1행 (공휴일/데이터 없음)
21:48:58 [INFO] [207940] CSV 로드 완료: 241행  (2025-01-02 ~ 2025-12-30)
21:49:00 [INFO] [207940] 당일 수집 완료: 18봉
21:49:00 [INFO] [207940] 저장 완료: 259행 → E:\kium\data\cleaned\207940_merged.parquet
21:49:00 [INFO] 
─────────────────────────────────────────────
종목: 005380 (현대차)
21:49:00 [INFO]   [005380] 결측 행 제거: 1행 (공휴일/데이터 없음)
21:49:00 [INFO] [005380] CSV 로드 완료: 241행  (2025-01-02 ~ 2025-12-30)
21:49:01 [INFO] [005380] 당일 수집 완료: 18봉
21:49:01 [INFO] [005380] 저장 완료: 259행 → E:\kium\data\cleaned\005380_merged.parquet
21:49:01 [INFO] 
─────────────────────────────────────────────
종목: 000270 (기아)
21:49:01 [INFO]   [000270] 결측 행 제거: 1행 (공휴일/데이터 없음)
21:49:01 [INFO] [000270] CSV 로드 완료: 241행  (2025-01-02 ~ 2025-12-30)
21:49:03 [INFO] [000270] 당일 수집 완료: 18봉
21:49:03 [INFO] [000270] 저장 완료: 259행 → E:\kium\data\cleaned\000270_merged.parquet
21:49:03 [INFO] 
─────────────────────────────────────────────
종목: 068270 (셀트리온)
21:49:03 [INFO]   [068270] 결측 행 제거: 1행 (공휴일/데이터 없음)
21:49:03 [INFO] [068270] CSV 로드 완료: 241행  (2025-01-02 ~ 2025-12-30)
21:49:05 [INFO] [068270] 당일 수집 완료: 18봉
21:49:05 [INFO] [068270] 저장 완료: 259행 → E:\kium\data\cleaned\068270_merged.parquet
21:49:05 [INFO] 
─────────────────────────────────────────────
종목: 105560 (KB금융)
21:49:05 [INFO]   [105560] 결측 행 제거: 1행 (공휴일/데이터 없음)
21:49:05 [INFO] [105560] CSV 로드 완료: 241행  (2025-01-02 ~ 2025-12-30)
21:49:07 [INFO] [105560] 당일 수집 완료: 18봉
21:49:07 [INFO] [105560] 저장 완료: 259행 → E:\kium\data\cleaned\105560_merged.parquet
21:49:07 [INFO] 
─────────────────────────────────────────────
종목: 005490 (POSCO홀딩스)
21:49:07 [INFO]   [005490] 결측 행 제거: 1행 (공휴일/데이터 없음)
21:49:07 [INFO] [005490] CSV 로드 완료: 241행  (2025-01-02 ~ 2025-12-30)
21:49:09 [INFO] [005490] 당일 수집 완료: 18봉
21:49:09 [INFO] [005490] 저장 완료: 259행 → E:\kium\data\cleaned\005490_merged.parquet
21:49:09 [INFO] 
─────────────────────────────────────────────
종목: 035420 (NAVER)
21:49:09 [INFO]   [035420] 결측 행 제거: 1행 (공휴일/데이터 없음)
21:49:09 [INFO] [035420] CSV 로드 완료: 241행  (2025-01-02 ~ 2025-12-30)
21:49:11 [INFO] [035420] 당일 수집 완료: 18봉
21:49:11 [INFO] [035420] 저장 완료: 259행 → E:\kium\data\cleaned\035420_merged.parquet
13:23:19 [INFO] 
─────────────────────────────────────────────
종목: 005930 (삼성전자)
13:23:20 [INFO]   [005930] 결측 행 제거: 1행 (공휴일/데이터 없음)
13:23:20 [INFO] [005930] CSV 로드 완료: 241행  (2025-01-02 ~ 2025-12-30)
13:23:22 [INFO] [005930] 당일 수집 완료: 18봉
13:23:23 [INFO] [005930] 저장 완료: 259행 → E:\kium\data\cleaned\005930_merged.parquet
13:23:23 [INFO] 
─────────────────────────────────────────────
종목: 000660 (SK하이닉스)
13:23:23 [INFO]   [000660] 결측 행 제거: 1행 (공휴일/데이터 없음)
13:23:23 [INFO] [000660] CSV 로드 완료: 241행  (2025-01-02 ~ 2025-12-30)
13:23:24 [INFO] [000660] 당일 수집 완료: 18봉
13:23:24 [INFO] [000660] 저장 완료: 259행 → E:\kium\data\cleaned\000660_merged.parquet
13:23:24 [INFO] 
─────────────────────────────────────────────
종목: 373220 (LG에너지솔루션)
13:23:24 [INFO]   [373220] 결측 행 제거: 1행 (공휴일/데이터 없음)
13:23:24 [INFO] [373220] CSV 로드 완료: 241행  (2025-01-02 ~ 2025-12-30)
13:23:26 [INFO] [373220] 당일 수집 완료: 18봉
13:23:26 [INFO] [373220] 저장 완료: 259행 → E:\kium\data\cleaned\373220_merged.parquet
13:23:26 [INFO] 
─────────────────────────────────────────────
종목: 207940 (삼성바이오로직스)
13:23:26 [INFO]   [207940] 결측 행 제거: 1행 (공휴일/데이터 없음)
13:23:26 [INFO] [207940] CSV 로드 완료: 241행  (2025-01-02 ~ 2025-12-30)
13:23:28 [INFO] [207940] 당일 수집 완료: 18봉
13:23:28 [INFO] [207940] 저장 완료: 259행 → E:\kium\data\cleaned\207940_merged.parquet
13:23:28 [INFO] 
─────────────────────────────────────────────
종목: 005380 (현대차)
13:23:28 [INFO]   [005380] 결측 행 제거: 1행 (공휴일/데이터 없음)
13:23:28 [INFO] [005380] CSV 로드 완료: 241행  (2025-01-02 ~ 2025-12-30)
13:23:30 [INFO] [005380] 당일 수집 완료: 18봉
13:23:30 [INFO] [005380] 저장 완료: 259행 → E:\kium\data\cleaned\005380_merged.parquet
13:23:30 [INFO] 
─────────────────────────────────────────────
종목: 000270 (기아)
13:23:30 [INFO]   [000270] 결측 행 제거: 1행 (공휴일/데이터 없음)
13:23:30 [INFO] [000270] CSV 로드 완료: 241행  (2025-01-02 ~ 2025-12-30)
13:23:32 [INFO] [000270] 당일 수집 완료: 18봉
13:23:32 [INFO] [000270] 저장 완료: 259행 → E:\kium\data\cleaned\000270_merged.parquet
13:23:32 [INFO] 
─────────────────────────────────────────────
종목: 068270 (셀트리온)
13:23:32 [INFO]   [068270] 결측 행 제거: 1행 (공휴일/데이터 없음)
13:23:32 [INFO] [068270] CSV 로드 완료: 241행  (2025-01-02 ~ 2025-12-30)
13:23:33 [INFO] [068270] 당일 수집 완료: 18봉
13:23:34 [INFO] [068270] 저장 완료: 259행 → E:\kium\data\cleaned\068270_merged.parquet
13:23:34 [INFO] 
─────────────────────────────────────────────
종목: 105560 (KB금융)
13:23:34 [INFO]   [105560] 결측 행 제거: 1행 (공휴일/데이터 없음)
13:23:34 [INFO] [105560] CSV 로드 완료: 241행  (2025-01-02 ~ 2025-12-30)
13:23:35 [INFO] [105560] 당일 수집 완료: 18봉
13:23:35 [INFO] [105560] 저장 완료: 259행 → E:\kium\data\cleaned\105560_merged.parquet
13:23:35 [INFO] 
─────────────────────────────────────────────
종목: 005490 (POSCO홀딩스)
13:23:35 [INFO]   [005490] 결측 행 제거: 1행 (공휴일/데이터 없음)
13:23:35 [INFO] [005490] CSV 로드 완료: 241행  (2025-01-02 ~ 2025-12-30)
13:23:37 [INFO] [005490] 당일 수집 완료: 18봉
13:23:37 [INFO] [005490] 저장 완료: 259행 → E:\kium\data\cleaned\005490_merged.parquet
13:23:37 [INFO] 
─────────────────────────────────────────────
종목: 035420 (NAVER)
13:23:37 [INFO]   [035420] 결측 행 제거: 1행 (공휴일/데이터 없음)
13:23:37 [INFO] [035420] CSV 로드 완료: 241행  (2025-01-02 ~ 2025-12-30)
13:23:39 [INFO] [035420] 당일 수집 완료: 18봉
13:23:39 [INFO] [035420] 저장 완료: 259행 → E:\kium\data\cleaned\035420_merged.parquet
[kis_auth] 새 토큰 발급 완료 (유효: 24시간)
09:34:12 [INFO] 
─────────────────────────────────────────────
종목: 005930 (삼성전자)
09:34:12 [INFO]   [005930] 결측 행 제거: 1행 (공휴일/데이터 없음)
09:34:12 [INFO] [005930] CSV 로드 완료: 241행  (2025-01-02 ~ 2025-12-30)
09:34:14 [INFO] [005930] 당일 수집 완료: 18봉
09:34:14 [INFO] [005930] 저장 완료: 259행 → E:\kium\data\cleaned\005930_merged.parquet
09:34:14 [INFO] 
─────────────────────────────────────────────
종목: 000660 (SK하이닉스)
09:34:14 [INFO]   [000660] 결측 행 제거: 1행 (공휴일/데이터 없음)
09:34:14 [INFO] [000660] CSV 로드 완료: 241행  (2025-01-02 ~ 2025-12-30)
09:34:16 [INFO] [000660] 당일 수집 완료: 18봉
09:34:16 [INFO] [000660] 저장 완료: 259행 → E:\kium\data\cleaned\000660_merged.parquet
09:34:16 [INFO] 
─────────────────────────────────────────────
종목: 373220 (LG에너지솔루션)
09:34:17 [INFO]   [373220] 결측 행 제거: 1행 (공휴일/데이터 없음)
09:34:17 [INFO] [373220] CSV 로드 완료: 241행  (2025-01-02 ~ 2025-12-30)
09:34:18 [INFO] [373220] 당일 수집 완료: 18봉
09:34:18 [INFO] [373220] 저장 완료: 259행 → E:\kium\data\cleaned\373220_merged.parquet
09:34:18 [INFO] 
─────────────────────────────────────────────
종목: 207940 (삼성바이오로직스)
09:34:18 [INFO]   [207940] 결측 행 제거: 1행 (공휴일/데이터 없음)
09:34:18 [INFO] [207940] CSV 로드 완료: 241행  (2025-01-02 ~ 2025-12-30)
09:34:20 [INFO] [207940] 당일 수집 완료: 18봉
09:34:20 [INFO] [207940] 저장 완료: 259행 → E:\kium\data\cleaned\207940_merged.parquet
09:34:20 [INFO] 
─────────────────────────────────────────────
종목: 005380 (현대차)
09:34:20 [INFO]   [005380] 결측 행 제거: 1행 (공휴일/데이터 없음)
09:34:20 [INFO] [005380] CSV 로드 완료: 241행  (2025-01-02 ~ 2025-12-30)
09:34:22 [INFO] [005380] 당일 수집 완료: 18봉
09:34:22 [INFO] [005380] 저장 완료: 259행 → E:\kium\data\cleaned\005380_merged.parquet
09:34:22 [INFO] 
─────────────────────────────────────────────
종목: 000270 (기아)
09:34:22 [INFO]   [000270] 결측 행 제거: 1행 (공휴일/데이터 없음)
09:34:22 [INFO] [000270] CSV 로드 완료: 241행  (2025-01-02 ~ 2025-12-30)
09:34:24 [INFO] [000270] 당일 수집 완료: 18봉
09:34:24 [INFO] [000270] 저장 완료: 259행 → E:\kium\data\cleaned\000270_merged.parquet
09:34:24 [INFO] 
─────────────────────────────────────────────
종목: 068270 (셀트리온)
09:34:24 [INFO]   [068270] 결측 행 제거: 1행 (공휴일/데이터 없음)
09:34:24 [INFO] [068270] CSV 로드 완료: 241행  (2025-01-02 ~ 2025-12-30)
09:34:26 [INFO] [068270] 당일 수집 완료: 18봉
09:34:26 [INFO] [068270] 저장 완료: 259행 → E:\kium\data\cleaned\068270_merged.parquet
09:34:26 [INFO] 
─────────────────────────────────────────────
종목: 105560 (KB금융)
09:34:26 [INFO]   [105560] 결측 행 제거: 1행 (공휴일/데이터 없음)
09:34:26 [INFO] [105560] CSV 로드 완료: 241행  (2025-01-02 ~ 2025-12-30)
09:34:28 [INFO] [105560] 당일 수집 완료: 18봉
09:34:28 [INFO] [105560] 저장 완료: 259행 → E:\kium\data\cleaned\105560_merged.parquet
09:34:28 [INFO] 
─────────────────────────────────────────────
종목: 005490 (POSCO홀딩스)
09:34:28 [INFO]   [005490] 결측 행 제거: 1행 (공휴일/데이터 없음)
09:34:28 [INFO] [005490] CSV 로드 완료: 241행  (2025-01-02 ~ 2025-12-30)
09:34:30 [INFO] [005490] 당일 수집 완료: 18봉
09:34:30 [INFO] [005490] 저장 완료: 259행 → E:\kium\data\cleaned\005490_merged.parquet
09:34:30 [INFO] 
─────────────────────────────────────────────
종목: 035420 (NAVER)
09:34:30 [INFO]   [035420] 결측 행 제거: 1행 (공휴일/데이터 없음)
09:34:30 [INFO] [035420] CSV 로드 완료: 241행  (2025-01-02 ~ 2025-12-30)
09:34:32 [INFO] [035420] 당일 수집 완료: 18봉
09:34:32 [INFO] [035420] 저장 완료: 259행 → E:\kium\data\cleaned\035420_merged.parquet
06:19:25 [INFO] 
─────────────────────────────────────────────
종목: 005930 (삼성전자)
06:19:25 [INFO]   [005930] 결측 행 제거: 1행 (공휴일/데이터 없음)
06:19:25 [INFO] [005930] CSV 로드 완료: 241행  (2025-01-02 ~ 2025-12-30)
06:19:27 [INFO] [005930] 당일 수집 완료: 18봉
06:19:27 [INFO] [005930] 저장 완료: 259행 → E:\kium\data\cleaned\005930_merged.parquet
06:19:27 [INFO] 
─────────────────────────────────────────────
종목: 000660 (SK하이닉스)
06:19:27 [INFO]   [000660] 결측 행 제거: 1행 (공휴일/데이터 없음)
06:19:27 [INFO] [000660] CSV 로드 완료: 241행  (2025-01-02 ~ 2025-12-30)
06:19:29 [INFO] [000660] 당일 수집 완료: 18봉
06:19:29 [INFO] [000660] 저장 완료: 259행 → E:\kium\data\cleaned\000660_merged.parquet
06:19:29 [INFO] 
─────────────────────────────────────────────
종목: 373220 (LG에너지솔루션)
06:19:29 [INFO]   [373220] 결측 행 제거: 1행 (공휴일/데이터 없음)
06:19:29 [INFO] [373220] CSV 로드 완료: 241행  (2025-01-02 ~ 2025-12-30)
06:19:31 [INFO] [373220] 당일 수집 완료: 18봉
06:19:31 [INFO] [373220] 저장 완료: 259행 → E:\kium\data\cleaned\373220_merged.parquet
06:19:31 [INFO] 
─────────────────────────────────────────────
종목: 207940 (삼성바이오로직스)
06:19:31 [INFO]   [207940] 결측 행 제거: 1행 (공휴일/데이터 없음)
06:19:31 [INFO] [207940] CSV 로드 완료: 241행  (2025-01-02 ~ 2025-12-30)
06:19:33 [INFO] [207940] 당일 수집 완료: 18봉
06:19:33 [INFO] [207940] 저장 완료: 259행 → E:\kium\data\cleaned\207940_merged.parquet
06:19:33 [INFO] 
─────────────────────────────────────────────
종목: 005380 (현대차)
06:19:33 [INFO]   [005380] 결측 행 제거: 1행 (공휴일/데이터 없음)
06:19:33 [INFO] [005380] CSV 로드 완료: 241행  (2025-01-02 ~ 2025-12-30)
06:19:35 [INFO] [005380] 당일 수집 완료: 18봉
06:19:35 [INFO] [005380] 저장 완료: 259행 → E:\kium\data\cleaned\005380_merged.parquet
06:19:35 [INFO] 
─────────────────────────────────────────────
종목: 000270 (기아)
06:19:35 [INFO]   [000270] 결측 행 제거: 1행 (공휴일/데이터 없음)
06:19:35 [INFO] [000270] CSV 로드 완료: 241행  (2025-01-02 ~ 2025-12-30)
06:19:37 [INFO] [000270] 당일 수집 완료: 18봉
06:19:37 [INFO] [000270] 저장 완료: 259행 → E:\kium\data\cleaned\000270_merged.parquet
06:19:37 [INFO] 
─────────────────────────────────────────────
종목: 068270 (셀트리온)
06:19:37 [INFO]   [068270] 결측 행 제거: 1행 (공휴일/데이터 없음)
06:19:37 [INFO] [068270] CSV 로드 완료: 241행  (2025-01-02 ~ 2025-12-30)
06:19:38 [INFO] [068270] 당일 수집 완료: 18봉
06:19:38 [INFO] [068270] 저장 완료: 259행 → E:\kium\data\cleaned\068270_merged.parquet
06:19:38 [INFO] 
─────────────────────────────────────────────
종목: 105560 (KB금융)
06:19:38 [INFO]   [105560] 결측 행 제거: 1행 (공휴일/데이터 없음)
06:19:38 [INFO] [105560] CSV 로드 완료: 241행  (2025-01-02 ~ 2025-12-30)
06:19:40 [INFO] [105560] 당일 수집 완료: 18봉
06:19:40 [INFO] [105560] 저장 완료: 259행 → E:\kium\data\cleaned\105560_merged.parquet
06:19:40 [INFO] 
─────────────────────────────────────────────
종목: 005490 (POSCO홀딩스)
06:19:40 [INFO]   [005490] 결측 행 제거: 1행 (공휴일/데이터 없음)
06:19:40 [INFO] [005490] CSV 로드 완료: 241행  (2025-01-02 ~ 2025-12-30)
06:19:42 [INFO] [005490] 당일 수집 완료: 18봉
06:19:42 [INFO] [005490] 저장 완료: 259행 → E:\kium\data\cleaned\005490_merged.parquet
06:19:42 [INFO] 
─────────────────────────────────────────────
종목: 035420 (NAVER)
06:19:42 [INFO]   [035420] 결측 행 제거: 1행 (공휴일/데이터 없음)
06:19:42 [INFO] [035420] CSV 로드 완료: 241행  (2025-01-02 ~ 2025-12-30)
06:19:44 [INFO] [035420] 당일 수집 완료: 18봉
06:19:44 [INFO] [035420] 저장 완료: 259행 → E:\kium\data\cleaned\035420_merged.parquet
[kis_auth] 새 토큰 발급 완료 (유효: 24시간)
18:58:29 [INFO] 
─────────────────────────────────────────────
종목: 005930 (삼성전자)
18:58:29 [INFO]   [005930] 결측 행 제거: 1행 (공휴일/데이터 없음)
18:58:30 [INFO] [005930] CSV 로드 완료: 241행  (2025-01-02 ~ 2025-12-30)
18:58:32 [INFO] [005930] 당일 수집 완료: 18봉
18:58:33 [INFO] [005930] 저장 완료: 277행 → E:\kium\data\cleaned\005930_merged.parquet
18:58:33 [INFO] 
─────────────────────────────────────────────
종목: 000660 (SK하이닉스)
18:58:33 [INFO]   [000660] 결측 행 제거: 1행 (공휴일/데이터 없음)
18:58:33 [INFO] [000660] CSV 로드 완료: 241행  (2025-01-02 ~ 2025-12-30)
18:58:35 [INFO] [000660] 당일 수집 완료: 18봉
18:58:35 [INFO] [000660] 저장 완료: 277행 → E:\kium\data\cleaned\000660_merged.parquet
18:58:35 [INFO] 
─────────────────────────────────────────────
종목: 373220 (LG에너지솔루션)
18:58:35 [INFO]   [373220] 결측 행 제거: 1행 (공휴일/데이터 없음)
18:58:35 [INFO] [373220] CSV 로드 완료: 241행  (2025-01-02 ~ 2025-12-30)
18:58:37 [INFO] [373220] 당일 수집 완료: 18봉
18:58:37 [INFO] [373220] 저장 완료: 277행 → E:\kium\data\cleaned\373220_merged.parquet
18:58:37 [INFO] 
─────────────────────────────────────────────
종목: 207940 (삼성바이오로직스)
18:58:37 [INFO]   [207940] 결측 행 제거: 1행 (공휴일/데이터 없음)
18:58:37 [INFO] [207940] CSV 로드 완료: 241행  (2025-01-02 ~ 2025-12-30)
18:58:39 [INFO] [207940] 당일 수집 완료: 18봉
18:58:39 [INFO] [207940] 저장 완료: 277행 → E:\kium\data\cleaned\207940_merged.parquet
18:58:39 [INFO] 
─────────────────────────────────────────────
종목: 005380 (현대차)
18:58:39 [INFO]   [005380] 결측 행 제거: 1행 (공휴일/데이터 없음)
18:58:39 [INFO] [005380] CSV 로드 완료: 241행  (2025-01-02 ~ 2025-12-30)
18:58:41 [INFO] [005380] 당일 수집 완료: 18봉
18:58:41 [INFO] [005380] 저장 완료: 277행 → E:\kium\data\cleaned\005380_merged.parquet
18:58:41 [INFO] 
─────────────────────────────────────────────
종목: 000270 (기아)
18:58:41 [INFO]   [000270] 결측 행 제거: 1행 (공휴일/데이터 없음)
18:58:41 [INFO] [000270] CSV 로드 완료: 241행  (2025-01-02 ~ 2025-12-30)
18:58:43 [INFO] [000270] 당일 수집 완료: 18봉
18:58:43 [INFO] [000270] 저장 완료: 277행 → E:\kium\data\cleaned\000270_merged.parquet
18:58:43 [INFO] 
─────────────────────────────────────────────
종목: 068270 (셀트리온)
18:58:43 [INFO]   [068270] 결측 행 제거: 1행 (공휴일/데이터 없음)
18:58:43 [INFO] [068270] CSV 로드 완료: 241행  (2025-01-02 ~ 2025-12-30)
18:58:44 [INFO] [068270] 당일 수집 완료: 18봉
18:58:45 [INFO] [068270] 저장 완료: 277행 → E:\kium\data\cleaned\068270_merged.parquet
18:58:45 [INFO] 
─────────────────────────────────────────────
종목: 105560 (KB금융)
18:58:45 [INFO]   [105560] 결측 행 제거: 1행 (공휴일/데이터 없음)
18:58:45 [INFO] [105560] CSV 로드 완료: 241행  (2025-01-02 ~ 2025-12-30)
18:58:46 [INFO] [105560] 당일 수집 완료: 18봉
18:58:46 [INFO] [105560] 저장 완료: 277행 → E:\kium\data\cleaned\105560_merged.parquet
18:58:46 [INFO] 
─────────────────────────────────────────────
종목: 005490 (POSCO홀딩스)
18:58:46 [INFO]   [005490] 결측 행 제거: 1행 (공휴일/데이터 없음)
18:58:46 [INFO] [005490] CSV 로드 완료: 241행  (2025-01-02 ~ 2025-12-30)
18:58:48 [INFO] [005490] 당일 수집 완료: 18봉
18:58:48 [INFO] [005490] 저장 완료: 277행 → E:\kium\data\cleaned\005490_merged.parquet
18:58:48 [INFO] 
─────────────────────────────────────────────
종목: 035420 (NAVER)
18:58:48 [INFO]   [035420] 결측 행 제거: 1행 (공휴일/데이터 없음)
18:58:48 [INFO] [035420] CSV 로드 완료: 241행  (2025-01-02 ~ 2025-12-30)
18:58:50 [INFO] [035420] 당일 수집 완료: 18봉
18:58:50 [INFO] [035420] 저장 완료: 277행 → E:\kium\data\cleaned\035420_merged.parquet
[kis_auth] 새 토큰 발급 완료 (유효: 24시간)
09:28:27 [INFO] 
─────────────────────────────────────────────
종목: 005930 (삼성전자)
09:28:28 [INFO]   [005930] 결측 행 제거: 1행 (공휴일/데이터 없음)
09:28:28 [INFO] [005930] CSV 로드 완료: 241행  (2025-01-02 ~ 2025-12-30)
09:28:30 [INFO] [005930] 당일 수집 완료: 18봉
09:28:31 [INFO] [005930] 저장 완료: 295행 → E:\kium\data\cleaned\005930_merged.parquet
09:28:31 [INFO] 
─────────────────────────────────────────────
종목: 000660 (SK하이닉스)
09:28:31 [INFO]   [000660] 결측 행 제거: 1행 (공휴일/데이터 없음)
09:28:31 [INFO] [000660] CSV 로드 완료: 241행  (2025-01-02 ~ 2025-12-30)
09:28:33 [INFO] [000660] 당일 수집 완료: 18봉
09:28:33 [INFO] [000660] 저장 완료: 295행 → E:\kium\data\cleaned\000660_merged.parquet
09:28:33 [INFO] 
─────────────────────────────────────────────
종목: 373220 (LG에너지솔루션)
09:28:33 [INFO]   [373220] 결측 행 제거: 1행 (공휴일/데이터 없음)
09:28:33 [INFO] [373220] CSV 로드 완료: 241행  (2025-01-02 ~ 2025-12-30)
09:28:35 [INFO] [373220] 당일 수집 완료: 18봉
09:28:35 [INFO] [373220] 저장 완료: 295행 → E:\kium\data\cleaned\373220_merged.parquet
09:28:35 [INFO] 
─────────────────────────────────────────────
종목: 207940 (삼성바이오로직스)
09:28:35 [INFO]   [207940] 결측 행 제거: 1행 (공휴일/데이터 없음)
09:28:35 [INFO] [207940] CSV 로드 완료: 241행  (2025-01-02 ~ 2025-12-30)
09:28:37 [INFO] [207940] 당일 수집 완료: 18봉
09:28:37 [INFO] [207940] 저장 완료: 295행 → E:\kium\data\cleaned\207940_merged.parquet
09:28:37 [INFO] 
─────────────────────────────────────────────
종목: 005380 (현대차)
09:28:37 [INFO]   [005380] 결측 행 제거: 1행 (공휴일/데이터 없음)
09:28:37 [INFO] [005380] CSV 로드 완료: 241행  (2025-01-02 ~ 2025-12-30)
09:28:39 [INFO] [005380] 당일 수집 완료: 18봉
09:28:39 [INFO] [005380] 저장 완료: 295행 → E:\kium\data\cleaned\005380_merged.parquet
09:28:39 [INFO] 
─────────────────────────────────────────────
종목: 000270 (기아)
09:28:39 [INFO]   [000270] 결측 행 제거: 1행 (공휴일/데이터 없음)
09:28:39 [INFO] [000270] CSV 로드 완료: 241행  (2025-01-02 ~ 2025-12-30)
09:28:40 [INFO] [000270] 당일 수집 완료: 18봉
09:28:40 [INFO] [000270] 저장 완료: 295행 → E:\kium\data\cleaned\000270_merged.parquet
09:28:40 [INFO] 
─────────────────────────────────────────────
종목: 068270 (셀트리온)
09:28:40 [INFO]   [068270] 결측 행 제거: 1행 (공휴일/데이터 없음)
09:28:40 [INFO] [068270] CSV 로드 완료: 241행  (2025-01-02 ~ 2025-12-30)
09:28:42 [INFO] [068270] 당일 수집 완료: 18봉
09:28:42 [INFO] [068270] 저장 완료: 295행 → E:\kium\data\cleaned\068270_merged.parquet
09:28:42 [INFO] 
─────────────────────────────────────────────
종목: 105560 (KB금융)
09:28:42 [INFO]   [105560] 결측 행 제거: 1행 (공휴일/데이터 없음)
09:28:42 [INFO] [105560] CSV 로드 완료: 241행  (2025-01-02 ~ 2025-12-30)
09:28:44 [INFO] [105560] 당일 수집 완료: 18봉
09:28:44 [INFO] [105560] 저장 완료: 295행 → E:\kium\data\cleaned\105560_merged.parquet
09:28:44 [INFO] 
─────────────────────────────────────────────
종목: 005490 (POSCO홀딩스)
09:28:44 [INFO]   [005490] 결측 행 제거: 1행 (공휴일/데이터 없음)
09:28:44 [INFO] [005490] CSV 로드 완료: 241행  (2025-01-02 ~ 2025-12-30)
09:28:46 [INFO] [005490] 당일 수집 완료: 18봉
09:28:46 [INFO] [005490] 저장 완료: 295행 → E:\kium\data\cleaned\005490_merged.parquet
09:28:46 [INFO] 
─────────────────────────────────────────────
종목: 035420 (NAVER)
09:28:46 [INFO]   [035420] 결측 행 제거: 1행 (공휴일/데이터 없음)
09:28:46 [INFO] [035420] CSV 로드 완료: 241행  (2025-01-02 ~ 2025-12-30)
09:28:48 [INFO] [035420] 당일 수집 완료: 18봉
09:28:48 [INFO] [035420] 저장 완료: 295행 → E:\kium\data\cleaned\035420_merged.parquet
11:08:14 [INFO] 
─────────────────────────────────────────────
종목: 005930 (삼성전자)
11:08:14 [INFO]   [005930] 결측 행 제거: 1행 (공휴일/데이터 없음)
11:08:14 [INFO] [005930] CSV 로드 완료: 241행  (2025-01-02 ~ 2025-12-30)
11:08:17 [INFO] [005930] 당일 수집 완료: 18봉
11:08:19 [INFO] [005930] 저장 완료: 295행 → E:\kium\data\cleaned\005930_merged.parquet
11:08:19 [INFO] 
─────────────────────────────────────────────
종목: 000660 (SK하이닉스)
11:08:19 [INFO]   [000660] 결측 행 제거: 1행 (공휴일/데이터 없음)
11:08:19 [INFO] [000660] CSV 로드 완료: 241행  (2025-01-02 ~ 2025-12-30)
11:08:21 [INFO] [000660] 당일 수집 완료: 18봉
11:08:21 [INFO] [000660] 저장 완료: 295행 → E:\kium\data\cleaned\000660_merged.parquet
11:08:21 [INFO] 
─────────────────────────────────────────────
종목: 373220 (LG에너지솔루션)
11:08:21 [INFO]   [373220] 결측 행 제거: 1행 (공휴일/데이터 없음)
11:08:21 [INFO] [373220] CSV 로드 완료: 241행  (2025-01-02 ~ 2025-12-30)
11:08:23 [INFO] [373220] 당일 수집 완료: 18봉
11:08:23 [INFO] [373220] 저장 완료: 295행 → E:\kium\data\cleaned\373220_merged.parquet
11:08:23 [INFO] 
─────────────────────────────────────────────
종목: 207940 (삼성바이오로직스)
11:08:23 [INFO]   [207940] 결측 행 제거: 1행 (공휴일/데이터 없음)
11:08:23 [INFO] [207940] CSV 로드 완료: 241행  (2025-01-02 ~ 2025-12-30)
11:08:25 [INFO] [207940] 당일 수집 완료: 18봉
11:08:25 [INFO] [207940] 저장 완료: 295행 → E:\kium\data\cleaned\207940_merged.parquet
11:08:25 [INFO] 
─────────────────────────────────────────────
종목: 005380 (현대차)
11:08:25 [INFO]   [005380] 결측 행 제거: 1행 (공휴일/데이터 없음)
11:08:25 [INFO] [005380] CSV 로드 완료: 241행  (2025-01-02 ~ 2025-12-30)
11:08:26 [INFO] [005380] 당일 수집 완료: 18봉
11:08:26 [INFO] [005380] 저장 완료: 295행 → E:\kium\data\cleaned\005380_merged.parquet
11:08:26 [INFO] 
─────────────────────────────────────────────
종목: 000270 (기아)
11:08:27 [INFO]   [000270] 결측 행 제거: 1행 (공휴일/데이터 없음)
11:08:27 [INFO] [000270] CSV 로드 완료: 241행  (2025-01-02 ~ 2025-12-30)
11:08:28 [INFO] [000270] 당일 수집 완료: 18봉
11:08:28 [INFO] [000270] 저장 완료: 295행 → E:\kium\data\cleaned\000270_merged.parquet
11:08:28 [INFO] 
─────────────────────────────────────────────
종목: 068270 (셀트리온)
11:08:28 [INFO]   [068270] 결측 행 제거: 1행 (공휴일/데이터 없음)
11:08:28 [INFO] [068270] CSV 로드 완료: 241행  (2025-01-02 ~ 2025-12-30)
11:08:30 [INFO] [068270] 당일 수집 완료: 18봉
11:08:31 [INFO] [068270] 저장 완료: 295행 → E:\kium\data\cleaned\068270_merged.parquet
11:08:31 [INFO] 
─────────────────────────────────────────────
종목: 105560 (KB금융)
11:08:31 [INFO]   [105560] 결측 행 제거: 1행 (공휴일/데이터 없음)
11:08:31 [INFO] [105560] CSV 로드 완료: 241행  (2025-01-02 ~ 2025-12-30)
11:08:32 [INFO] [105560] 당일 수집 완료: 18봉
11:08:33 [INFO] [105560] 저장 완료: 295행 → E:\kium\data\cleaned\105560_merged.parquet
11:08:33 [INFO] 
─────────────────────────────────────────────
종목: 005490 (POSCO홀딩스)
11:08:33 [INFO]   [005490] 결측 행 제거: 1행 (공휴일/데이터 없음)
11:08:33 [INFO] [005490] CSV 로드 완료: 241행  (2025-01-02 ~ 2025-12-30)
11:08:35 [INFO] [005490] 당일 수집 완료: 18봉
11:08:35 [INFO] [005490] 저장 완료: 295행 → E:\kium\data\cleaned\005490_merged.parquet
11:08:35 [INFO] 
─────────────────────────────────────────────
종목: 035420 (NAVER)
11:08:35 [INFO]   [035420] 결측 행 제거: 1행 (공휴일/데이터 없음)
11:08:35 [INFO] [035420] CSV 로드 완료: 241행  (2025-01-02 ~ 2025-12-30)
11:08:37 [INFO] [035420] 당일 수집 완료: 18봉
11:08:37 [INFO] [035420] 저장 완료: 295행 → E:\kium\data\cleaned\035420_merged.parquet
[kis_auth] 새 토큰 발급 완료 (유효: 24시간)
21:57:53 [INFO] 
─────────────────────────────────────────────
종목: 005930 (삼성전자)
21:57:54 [INFO]   [005930] 결측 행 제거: 1행 (공휴일/데이터 없음)
21:57:54 [INFO] [005930] CSV 로드 완료: 241행  (2025-01-02 ~ 2025-12-30)
21:57:56 [INFO] [005930] 당일 수집 완료: 18봉
21:57:58 [INFO] [005930] 저장 완료: 313행 → E:\kium\data\cleaned\005930_merged.parquet
21:57:58 [INFO] 
─────────────────────────────────────────────
종목: 000660 (SK하이닉스)
21:57:58 [INFO]   [000660] 결측 행 제거: 1행 (공휴일/데이터 없음)
21:57:58 [INFO] [000660] CSV 로드 완료: 241행  (2025-01-02 ~ 2025-12-30)
21:57:59 [INFO] [000660] 당일 수집 완료: 18봉
21:57:59 [INFO] [000660] 저장 완료: 313행 → E:\kium\data\cleaned\000660_merged.parquet
21:57:59 [INFO] 
─────────────────────────────────────────────
종목: 373220 (LG에너지솔루션)
21:57:59 [INFO]   [373220] 결측 행 제거: 1행 (공휴일/데이터 없음)
21:57:59 [INFO] [373220] CSV 로드 완료: 241행  (2025-01-02 ~ 2025-12-30)
21:58:01 [INFO] [373220] 당일 수집 완료: 18봉
21:58:01 [INFO] [373220] 저장 완료: 313행 → E:\kium\data\cleaned\373220_merged.parquet
21:58:01 [INFO] 
─────────────────────────────────────────────
종목: 207940 (삼성바이오로직스)
21:58:01 [INFO]   [207940] 결측 행 제거: 1행 (공휴일/데이터 없음)
21:58:01 [INFO] [207940] CSV 로드 완료: 241행  (2025-01-02 ~ 2025-12-30)
21:58:03 [INFO] [207940] 당일 수집 완료: 18봉
21:58:03 [INFO] [207940] 저장 완료: 313행 → E:\kium\data\cleaned\207940_merged.parquet
21:58:03 [INFO] 
─────────────────────────────────────────────
종목: 005380 (현대차)
21:58:03 [INFO]   [005380] 결측 행 제거: 1행 (공휴일/데이터 없음)
21:58:03 [INFO] [005380] CSV 로드 완료: 241행  (2025-01-02 ~ 2025-12-30)
21:58:05 [INFO] [005380] 당일 수집 완료: 18봉
21:58:05 [INFO] [005380] 저장 완료: 313행 → E:\kium\data\cleaned\005380_merged.parquet
21:58:05 [INFO] 
─────────────────────────────────────────────
종목: 000270 (기아)
21:58:05 [INFO]   [000270] 결측 행 제거: 1행 (공휴일/데이터 없음)
21:58:05 [INFO] [000270] CSV 로드 완료: 241행  (2025-01-02 ~ 2025-12-30)
21:58:07 [INFO] [000270] 당일 수집 완료: 18봉
21:58:07 [INFO] [000270] 저장 완료: 313행 → E:\kium\data\cleaned\000270_merged.parquet
21:58:07 [INFO] 
─────────────────────────────────────────────
종목: 068270 (셀트리온)
21:58:07 [INFO]   [068270] 결측 행 제거: 1행 (공휴일/데이터 없음)
21:58:07 [INFO] [068270] CSV 로드 완료: 241행  (2025-01-02 ~ 2025-12-30)
21:58:08 [INFO] [068270] 당일 수집 완료: 18봉
21:58:08 [INFO] [068270] 저장 완료: 313행 → E:\kium\data\cleaned\068270_merged.parquet
21:58:08 [INFO] 
─────────────────────────────────────────────
종목: 105560 (KB금융)
21:58:09 [INFO]   [105560] 결측 행 제거: 1행 (공휴일/데이터 없음)
21:58:09 [INFO] [105560] CSV 로드 완료: 241행  (2025-01-02 ~ 2025-12-30)
21:58:10 [INFO] [105560] 당일 수집 완료: 18봉
21:58:10 [INFO] [105560] 저장 완료: 313행 → E:\kium\data\cleaned\105560_merged.parquet
21:58:10 [INFO] 
─────────────────────────────────────────────
종목: 005490 (POSCO홀딩스)
21:58:10 [INFO]   [005490] 결측 행 제거: 1행 (공휴일/데이터 없음)
21:58:10 [INFO] [005490] CSV 로드 완료: 241행  (2025-01-02 ~ 2025-12-30)
21:58:12 [INFO] [005490] 당일 수집 완료: 18봉
21:58:12 [INFO] [005490] 저장 완료: 313행 → E:\kium\data\cleaned\005490_merged.parquet
21:58:12 [INFO] 
─────────────────────────────────────────────
종목: 035420 (NAVER)
21:58:12 [INFO]   [035420] 결측 행 제거: 1행 (공휴일/데이터 없음)
21:58:12 [INFO] [035420] CSV 로드 완료: 241행  (2025-01-02 ~ 2025-12-30)
21:58:14 [INFO] [035420] 당일 수집 완료: 18봉
21:58:14 [INFO] [035420] 저장 완료: 313행 → E:\kium\data\cleaned\035420_merged.parquet
[kis_auth] 새 토큰 발급 완료 (유효: 24시간)
09:21:16 [INFO] 
─────────────────────────────────────────────
종목: 005930 (삼성전자)
09:21:18 [INFO]   [005930] 결측 행 제거: 1행 (공휴일/데이터 없음)
09:21:18 [INFO] [005930] CSV 로드 완료: 241행  (2025-01-02 ~ 2025-12-30)
09:21:22 [INFO] [005930] 당일 수집 완료: 18봉
09:21:28 [INFO] [005930] 저장 완료: 331행 → E:\kium\data\cleaned\005930_merged.parquet
09:21:28 [INFO] 
─────────────────────────────────────────────
종목: 000660 (SK하이닉스)
09:21:28 [INFO]   [000660] 결측 행 제거: 1행 (공휴일/데이터 없음)
09:21:28 [INFO] [000660] CSV 로드 완료: 241행  (2025-01-02 ~ 2025-12-30)
09:21:30 [INFO] [000660] 당일 수집 완료: 18봉
09:21:30 [INFO] [000660] 저장 완료: 331행 → E:\kium\data\cleaned\000660_merged.parquet
09:21:30 [INFO] 
─────────────────────────────────────────────
종목: 373220 (LG에너지솔루션)
09:21:30 [INFO]   [373220] 결측 행 제거: 1행 (공휴일/데이터 없음)
09:21:30 [INFO] [373220] CSV 로드 완료: 241행  (2025-01-02 ~ 2025-12-30)
09:21:32 [INFO] [373220] 당일 수집 완료: 18봉
09:21:32 [INFO] [373220] 저장 완료: 331행 → E:\kium\data\cleaned\373220_merged.parquet
09:21:32 [INFO] 
─────────────────────────────────────────────
종목: 207940 (삼성바이오로직스)
09:21:32 [INFO]   [207940] 결측 행 제거: 1행 (공휴일/데이터 없음)
09:21:32 [INFO] [207940] CSV 로드 완료: 241행  (2025-01-02 ~ 2025-12-30)
09:21:34 [INFO] [207940] 당일 수집 완료: 18봉
09:21:34 [INFO] [207940] 저장 완료: 331행 → E:\kium\data\cleaned\207940_merged.parquet
09:21:34 [INFO] 
─────────────────────────────────────────────
종목: 005380 (현대차)
09:21:34 [INFO]   [005380] 결측 행 제거: 1행 (공휴일/데이터 없음)
09:21:34 [INFO] [005380] CSV 로드 완료: 241행  (2025-01-02 ~ 2025-12-30)
09:21:35 [INFO] [005380] 당일 수집 완료: 18봉
09:21:35 [INFO] [005380] 저장 완료: 331행 → E:\kium\data\cleaned\005380_merged.parquet
09:21:35 [INFO] 
─────────────────────────────────────────────
종목: 000270 (기아)
09:21:35 [INFO]   [000270] 결측 행 제거: 1행 (공휴일/데이터 없음)
09:21:35 [INFO] [000270] CSV 로드 완료: 241행  (2025-01-02 ~ 2025-12-30)
09:21:37 [INFO] [000270] 당일 수집 완료: 18봉
09:21:37 [INFO] [000270] 저장 완료: 331행 → E:\kium\data\cleaned\000270_merged.parquet
09:21:37 [INFO] 
─────────────────────────────────────────────
종목: 068270 (셀트리온)
09:21:37 [INFO]   [068270] 결측 행 제거: 1행 (공휴일/데이터 없음)
09:21:37 [INFO] [068270] CSV 로드 완료: 241행  (2025-01-02 ~ 2025-12-30)
09:21:39 [INFO] [068270] 당일 수집 완료: 18봉
09:21:39 [INFO] [068270] 저장 완료: 331행 → E:\kium\data\cleaned\068270_merged.parquet
09:21:39 [INFO] 
─────────────────────────────────────────────
종목: 105560 (KB금융)
09:21:39 [INFO]   [105560] 결측 행 제거: 1행 (공휴일/데이터 없음)
09:21:39 [INFO] [105560] CSV 로드 완료: 241행  (2025-01-02 ~ 2025-12-30)
09:21:41 [INFO] [105560] 당일 수집 완료: 18봉
09:21:41 [INFO] [105560] 저장 완료: 331행 → E:\kium\data\cleaned\105560_merged.parquet
09:21:41 [INFO] 
─────────────────────────────────────────────
종목: 005490 (POSCO홀딩스)
09:21:41 [INFO]   [005490] 결측 행 제거: 1행 (공휴일/데이터 없음)
09:21:41 [INFO] [005490] CSV 로드 완료: 241행  (2025-01-02 ~ 2025-12-30)
09:21:43 [INFO] [005490] 당일 수집 완료: 18봉
09:21:43 [INFO] [005490] 저장 완료: 331행 → E:\kium\data\cleaned\005490_merged.parquet
09:21:43 [INFO] 
─────────────────────────────────────────────
종목: 035420 (NAVER)
09:21:43 [INFO]   [035420] 결측 행 제거: 1행 (공휴일/데이터 없음)
09:21:43 [INFO] [035420] CSV 로드 완료: 241행  (2025-01-02 ~ 2025-12-30)
09:21:45 [INFO] [035420] 당일 수집 완료: 18봉
09:21:45 [INFO] [035420] 저장 완료: 331행 → E:\kium\data\cleaned\035420_merged.parquet
[kis_auth] 새 토큰 발급 완료 (유효: 24시간)
08:50:43 [INFO] 
─────────────────────────────────────────────
종목: 005930 (삼성전자)
08:50:46 [INFO]   [005930] 결측 행 제거: 1행 (공휴일/데이터 없음)
08:50:46 [INFO] [005930] CSV 로드 완료: 241행  (2025-01-02 ~ 2025-12-30)
08:50:48 [INFO] [005930] 당일 수집 완료: 18봉
08:50:55 [INFO] [005930] 저장 완료: 331행 → E:\kium\data\cleaned\005930_merged.parquet
08:50:55 [INFO] 
─────────────────────────────────────────────
종목: 000660 (SK하이닉스)
08:50:55 [INFO]   [000660] 결측 행 제거: 1행 (공휴일/데이터 없음)
08:50:55 [INFO] [000660] CSV 로드 완료: 241행  (2025-01-02 ~ 2025-12-30)
08:50:57 [INFO] [000660] 당일 수집 완료: 18봉
08:50:57 [INFO] [000660] 저장 완료: 331행 → E:\kium\data\cleaned\000660_merged.parquet
08:50:57 [INFO] 
─────────────────────────────────────────────
종목: 373220 (LG에너지솔루션)
08:50:57 [INFO]   [373220] 결측 행 제거: 1행 (공휴일/데이터 없음)
08:50:57 [INFO] [373220] CSV 로드 완료: 241행  (2025-01-02 ~ 2025-12-30)
08:50:58 [INFO] [373220] 당일 수집 완료: 18봉
08:50:58 [INFO] [373220] 저장 완료: 331행 → E:\kium\data\cleaned\373220_merged.parquet
08:50:58 [INFO] 
─────────────────────────────────────────────
종목: 207940 (삼성바이오로직스)
08:50:58 [INFO]   [207940] 결측 행 제거: 1행 (공휴일/데이터 없음)
08:50:58 [INFO] [207940] CSV 로드 완료: 241행  (2025-01-02 ~ 2025-12-30)
08:51:00 [INFO] [207940] 당일 수집 완료: 18봉
08:51:00 [INFO] [207940] 저장 완료: 331행 → E:\kium\data\cleaned\207940_merged.parquet
08:51:00 [INFO] 
─────────────────────────────────────────────
종목: 005380 (현대차)
08:51:00 [INFO]   [005380] 결측 행 제거: 1행 (공휴일/데이터 없음)
08:51:00 [INFO] [005380] CSV 로드 완료: 241행  (2025-01-02 ~ 2025-12-30)
08:51:02 [INFO] [005380] 당일 수집 완료: 18봉
08:51:02 [INFO] [005380] 저장 완료: 331행 → E:\kium\data\cleaned\005380_merged.parquet
08:51:02 [INFO] 
─────────────────────────────────────────────
종목: 000270 (기아)
08:51:02 [INFO]   [000270] 결측 행 제거: 1행 (공휴일/데이터 없음)
08:51:02 [INFO] [000270] CSV 로드 완료: 241행  (2025-01-02 ~ 2025-12-30)
08:51:04 [INFO] [000270] 당일 수집 완료: 18봉
08:51:04 [INFO] [000270] 저장 완료: 331행 → E:\kium\data\cleaned\000270_merged.parquet
08:51:04 [INFO] 
─────────────────────────────────────────────
종목: 068270 (셀트리온)
08:51:04 [INFO]   [068270] 결측 행 제거: 1행 (공휴일/데이터 없음)
08:51:04 [INFO] [068270] CSV 로드 완료: 241행  (2025-01-02 ~ 2025-12-30)
08:51:06 [INFO] [068270] 당일 수집 완료: 18봉
08:51:06 [INFO] [068270] 저장 완료: 331행 → E:\kium\data\cleaned\068270_merged.parquet
08:51:06 [INFO] 
─────────────────────────────────────────────
종목: 105560 (KB금융)
08:51:06 [INFO]   [105560] 결측 행 제거: 1행 (공휴일/데이터 없음)
08:51:06 [INFO] [105560] CSV 로드 완료: 241행  (2025-01-02 ~ 2025-12-30)
08:51:08 [INFO] [105560] 당일 수집 완료: 18봉
08:51:08 [INFO] [105560] 저장 완료: 331행 → E:\kium\data\cleaned\105560_merged.parquet
08:51:08 [INFO] 
─────────────────────────────────────────────
종목: 005490 (POSCO홀딩스)
08:51:08 [INFO]   [005490] 결측 행 제거: 1행 (공휴일/데이터 없음)
08:51:08 [INFO] [005490] CSV 로드 완료: 241행  (2025-01-02 ~ 2025-12-30)
08:51:09 [INFO] [005490] 당일 수집 완료: 18봉
08:51:09 [INFO] [005490] 저장 완료: 331행 → E:\kium\data\cleaned\005490_merged.parquet
08:51:09 [INFO] 
─────────────────────────────────────────────
종목: 035420 (NAVER)
08:51:10 [INFO]   [035420] 결측 행 제거: 1행 (공휴일/데이터 없음)
08:51:10 [INFO] [035420] CSV 로드 완료: 241행  (2025-01-02 ~ 2025-12-30)
08:51:11 [INFO] [035420] 당일 수집 완료: 18봉
08:51:11 [INFO] [035420] 저장 완료: 331행 → E:\kium\data\cleaned\035420_merged.parquet
10:22:10 [INFO] 
─────────────────────────────────────────────
종목: 005930 (삼성전자)
10:22:11 [INFO]   [005930] 결측 행 제거: 1행 (공휴일/데이터 없음)
10:22:11 [INFO] [005930] CSV 로드 완료: 241행  (2025-01-02 ~ 2025-12-30)
10:22:13 [INFO] [005930] 당일 수집 완료: 18봉
10:22:15 [INFO] [005930] 저장 완료: 331행 → E:\kium\data\cleaned\005930_merged.parquet
10:22:15 [INFO] 
─────────────────────────────────────────────
종목: 000660 (SK하이닉스)
10:22:15 [INFO]   [000660] 결측 행 제거: 1행 (공휴일/데이터 없음)
10:22:15 [INFO] [000660] CSV 로드 완료: 241행  (2025-01-02 ~ 2025-12-30)
10:22:16 [INFO] [000660] 당일 수집 완료: 18봉
10:22:16 [INFO] [000660] 저장 완료: 331행 → E:\kium\data\cleaned\000660_merged.parquet
10:22:16 [INFO] 
─────────────────────────────────────────────
종목: 373220 (LG에너지솔루션)
10:22:16 [INFO]   [373220] 결측 행 제거: 1행 (공휴일/데이터 없음)
10:22:16 [INFO] [373220] CSV 로드 완료: 241행  (2025-01-02 ~ 2025-12-30)
10:22:18 [INFO] [373220] 당일 수집 완료: 18봉
10:22:18 [INFO] [373220] 저장 완료: 331행 → E:\kium\data\cleaned\373220_merged.parquet
10:22:18 [INFO] 
─────────────────────────────────────────────
종목: 207940 (삼성바이오로직스)
10:22:18 [INFO]   [207940] 결측 행 제거: 1행 (공휴일/데이터 없음)
10:22:18 [INFO] [207940] CSV 로드 완료: 241행  (2025-01-02 ~ 2025-12-30)
10:22:20 [INFO] [207940] 당일 수집 완료: 18봉
10:22:20 [INFO] [207940] 저장 완료: 331행 → E:\kium\data\cleaned\207940_merged.parquet
10:22:20 [INFO] 
─────────────────────────────────────────────
종목: 005380 (현대차)
10:22:20 [INFO]   [005380] 결측 행 제거: 1행 (공휴일/데이터 없음)
10:22:20 [INFO] [005380] CSV 로드 완료: 241행  (2025-01-02 ~ 2025-12-30)
10:22:22 [INFO] [005380] 당일 수집 완료: 18봉
10:22:22 [INFO] [005380] 저장 완료: 331행 → E:\kium\data\cleaned\005380_merged.parquet
10:22:22 [INFO] 
─────────────────────────────────────────────
종목: 000270 (기아)
10:22:22 [INFO]   [000270] 결측 행 제거: 1행 (공휴일/데이터 없음)
10:22:22 [INFO] [000270] CSV 로드 완료: 241행  (2025-01-02 ~ 2025-12-30)
10:22:24 [INFO] [000270] 당일 수집 완료: 18봉
10:22:24 [INFO] [000270] 저장 완료: 331행 → E:\kium\data\cleaned\000270_merged.parquet
10:22:24 [INFO] 
─────────────────────────────────────────────
종목: 068270 (셀트리온)
10:22:24 [INFO]   [068270] 결측 행 제거: 1행 (공휴일/데이터 없음)
10:22:24 [INFO] [068270] CSV 로드 완료: 241행  (2025-01-02 ~ 2025-12-30)
10:22:26 [INFO] [068270] 당일 수집 완료: 18봉
10:22:26 [INFO] [068270] 저장 완료: 331행 → E:\kium\data\cleaned\068270_merged.parquet
10:22:26 [INFO] 
─────────────────────────────────────────────
종목: 105560 (KB금융)
10:22:26 [INFO]   [105560] 결측 행 제거: 1행 (공휴일/데이터 없음)
10:22:26 [INFO] [105560] CSV 로드 완료: 241행  (2025-01-02 ~ 2025-12-30)
10:22:28 [INFO] [105560] 당일 수집 완료: 18봉
10:22:28 [INFO] [105560] 저장 완료: 331행 → E:\kium\data\cleaned\105560_merged.parquet
10:22:28 [INFO] 
─────────────────────────────────────────────
종목: 005490 (POSCO홀딩스)
10:22:28 [INFO]   [005490] 결측 행 제거: 1행 (공휴일/데이터 없음)
10:22:28 [INFO] [005490] CSV 로드 완료: 241행  (2025-01-02 ~ 2025-12-30)
10:22:29 [INFO] [005490] 당일 수집 완료: 18봉
10:22:29 [INFO] [005490] 저장 완료: 331행 → E:\kium\data\cleaned\005490_merged.parquet
10:22:29 [INFO] 
─────────────────────────────────────────────
종목: 035420 (NAVER)
10:22:30 [INFO]   [035420] 결측 행 제거: 1행 (공휴일/데이터 없음)
10:22:30 [INFO] [035420] CSV 로드 완료: 241행  (2025-01-02 ~ 2025-12-30)
10:22:31 [INFO] [035420] 당일 수집 완료: 18봉
10:22:31 [INFO] [035420] 저장 완료: 331행 → E:\kium\data\cleaned\035420_merged.parquet
[kis_auth] 새 토큰 발급 완료 (유효: 24시간)
11:02:04 [INFO] 
─────────────────────────────────────────────
종목: 005930 (삼성전자)
11:02:05 [INFO]   [005930] 결측 행 제거: 1행 (공휴일/데이터 없음)
11:02:05 [INFO] [005930] CSV 로드 완료: 241행  (2025-01-02 ~ 2025-12-30)
11:02:07 [INFO] [005930] 당일 수집 완료: 18봉
11:02:08 [INFO] [005930] 저장 완료: 349행 → E:\kium\data\cleaned\005930_merged.parquet
11:02:08 [INFO] 
─────────────────────────────────────────────
종목: 000660 (SK하이닉스)
11:02:09 [INFO]   [000660] 결측 행 제거: 1행 (공휴일/데이터 없음)
11:02:09 [INFO] [000660] CSV 로드 완료: 241행  (2025-01-02 ~ 2025-12-30)
11:02:10 [INFO] [000660] 당일 수집 완료: 18봉
11:02:10 [INFO] [000660] 저장 완료: 349행 → E:\kium\data\cleaned\000660_merged.parquet
11:02:10 [INFO] 
─────────────────────────────────────────────
종목: 373220 (LG에너지솔루션)
11:02:10 [INFO]   [373220] 결측 행 제거: 1행 (공휴일/데이터 없음)
11:02:10 [INFO] [373220] CSV 로드 완료: 241행  (2025-01-02 ~ 2025-12-30)
11:02:12 [INFO] [373220] 당일 수집 완료: 18봉
11:02:12 [INFO] [373220] 저장 완료: 349행 → E:\kium\data\cleaned\373220_merged.parquet
11:02:12 [INFO] 
─────────────────────────────────────────────
종목: 207940 (삼성바이오로직스)
11:02:12 [INFO]   [207940] 결측 행 제거: 1행 (공휴일/데이터 없음)
11:02:12 [INFO] [207940] CSV 로드 완료: 241행  (2025-01-02 ~ 2025-12-30)
11:02:14 [INFO] [207940] 당일 수집 완료: 18봉
11:02:14 [INFO] [207940] 저장 완료: 349행 → E:\kium\data\cleaned\207940_merged.parquet
11:02:14 [INFO] 
─────────────────────────────────────────────
종목: 005380 (현대차)
11:02:14 [INFO]   [005380] 결측 행 제거: 1행 (공휴일/데이터 없음)
11:02:14 [INFO] [005380] CSV 로드 완료: 241행  (2025-01-02 ~ 2025-12-30)
11:02:16 [INFO] [005380] 당일 수집 완료: 18봉
11:02:16 [INFO] [005380] 저장 완료: 349행 → E:\kium\data\cleaned\005380_merged.parquet
11:02:16 [INFO] 
─────────────────────────────────────────────
종목: 000270 (기아)
11:02:16 [INFO]   [000270] 결측 행 제거: 1행 (공휴일/데이터 없음)
11:02:16 [INFO] [000270] CSV 로드 완료: 241행  (2025-01-02 ~ 2025-12-30)
11:02:18 [INFO] [000270] 당일 수집 완료: 18봉
11:02:18 [INFO] [000270] 저장 완료: 349행 → E:\kium\data\cleaned\000270_merged.parquet
11:02:18 [INFO] 
─────────────────────────────────────────────
종목: 068270 (셀트리온)
11:02:18 [INFO]   [068270] 결측 행 제거: 1행 (공휴일/데이터 없음)
11:02:18 [INFO] [068270] CSV 로드 완료: 241행  (2025-01-02 ~ 2025-12-30)
11:02:19 [INFO] [068270] 당일 수집 완료: 18봉
11:02:19 [INFO] [068270] 저장 완료: 349행 → E:\kium\data\cleaned\068270_merged.parquet
11:02:19 [INFO] 
─────────────────────────────────────────────
종목: 105560 (KB금융)
11:02:19 [INFO]   [105560] 결측 행 제거: 1행 (공휴일/데이터 없음)
11:02:19 [INFO] [105560] CSV 로드 완료: 241행  (2025-01-02 ~ 2025-12-30)
11:02:21 [INFO] [105560] 당일 수집 완료: 18봉
11:02:21 [INFO] [105560] 저장 완료: 349행 → E:\kium\data\cleaned\105560_merged.parquet
11:02:21 [INFO] 
─────────────────────────────────────────────
종목: 005490 (POSCO홀딩스)
11:02:21 [INFO]   [005490] 결측 행 제거: 1행 (공휴일/데이터 없음)
11:02:21 [INFO] [005490] CSV 로드 완료: 241행  (2025-01-02 ~ 2025-12-30)
11:02:23 [INFO] [005490] 당일 수집 완료: 18봉
11:02:23 [INFO] [005490] 저장 완료: 349행 → E:\kium\data\cleaned\005490_merged.parquet
11:02:23 [INFO] 
─────────────────────────────────────────────
종목: 035420 (NAVER)
11:02:23 [INFO]   [035420] 결측 행 제거: 1행 (공휴일/데이터 없음)
11:02:23 [INFO] [035420] CSV 로드 완료: 241행  (2025-01-02 ~ 2025-12-30)
11:02:34 [WARNING] [035420] 당일 수집 실패: HTTPSConnectionPool(host='openapi.koreainvestment.com', port=9443): Max retries exceeded with url: /uapi/domestic-stock/v1/quotations/inquire-time-itemchartprice?fid_cond_mrkt_div_code=J&fid_input_iscd=035420&fid_input_hour_1=120000&fid_pw_data_incu_yn=Y&fid_etc_cls_code= (Caused by ConnectTimeoutError(<HTTPSConnection(host='openapi.koreainvestment.com', port=9443) at 0x2c78c460190>, 'Connection to openapi.koreainvestment.com timed out. (connect timeout=10)'))
11:02:34 [INFO] [035420] 저장 완료: 331행 → E:\kium\data\cleaned\035420_merged.parquet
[kis_auth] 새 토큰 발급 완료 (유효: 24시간)
23:46:05 [INFO] 
─────────────────────────────────────────────
종목: 005930 (삼성전자)
23:46:06 [INFO]   [005930] 결측 행 제거: 1행 (공휴일/데이터 없음)
23:46:06 [INFO] [005930] CSV 로드 완료: 241행  (2025-01-02 ~ 2025-12-30)
23:46:08 [INFO] [005930] 당일 수집 완료: 18봉
23:46:09 [INFO] [005930] 저장 완료: 367행 → E:\kium\data\cleaned\005930_merged.parquet
23:46:09 [INFO] 
─────────────────────────────────────────────
종목: 000660 (SK하이닉스)
23:46:09 [INFO]   [000660] 결측 행 제거: 1행 (공휴일/데이터 없음)
23:46:09 [INFO] [000660] CSV 로드 완료: 241행  (2025-01-02 ~ 2025-12-30)
23:46:11 [INFO] [000660] 당일 수집 완료: 18봉
23:46:11 [INFO] [000660] 저장 완료: 367행 → E:\kium\data\cleaned\000660_merged.parquet
23:46:11 [INFO] 
─────────────────────────────────────────────
종목: 373220 (LG에너지솔루션)
23:46:11 [INFO]   [373220] 결측 행 제거: 1행 (공휴일/데이터 없음)
23:46:11 [INFO] [373220] CSV 로드 완료: 241행  (2025-01-02 ~ 2025-12-30)
23:46:13 [INFO] [373220] 당일 수집 완료: 18봉
23:46:13 [INFO] [373220] 저장 완료: 367행 → E:\kium\data\cleaned\373220_merged.parquet
23:46:13 [INFO] 
─────────────────────────────────────────────
종목: 207940 (삼성바이오로직스)
23:46:13 [INFO]   [207940] 결측 행 제거: 1행 (공휴일/데이터 없음)
23:46:13 [INFO] [207940] CSV 로드 완료: 241행  (2025-01-02 ~ 2025-12-30)
23:46:15 [INFO] [207940] 당일 수집 완료: 18봉
23:46:15 [INFO] [207940] 저장 완료: 367행 → E:\kium\data\cleaned\207940_merged.parquet
23:46:15 [INFO] 
─────────────────────────────────────────────
종목: 005380 (현대차)
23:46:15 [INFO]   [005380] 결측 행 제거: 1행 (공휴일/데이터 없음)
23:46:15 [INFO] [005380] CSV 로드 완료: 241행  (2025-01-02 ~ 2025-12-30)
23:46:17 [INFO] [005380] 당일 수집 완료: 18봉
23:46:17 [INFO] [005380] 저장 완료: 367행 → E:\kium\data\cleaned\005380_merged.parquet
23:46:17 [INFO] 
─────────────────────────────────────────────
종목: 000270 (기아)
23:46:17 [INFO]   [000270] 결측 행 제거: 1행 (공휴일/데이터 없음)
23:46:17 [INFO] [000270] CSV 로드 완료: 241행  (2025-01-02 ~ 2025-12-30)
23:46:18 [INFO] [000270] 당일 수집 완료: 18봉
23:46:18 [INFO] [000270] 저장 완료: 367행 → E:\kium\data\cleaned\000270_merged.parquet
23:46:18 [INFO] 
─────────────────────────────────────────────
종목: 068270 (셀트리온)
23:46:18 [INFO]   [068270] 결측 행 제거: 1행 (공휴일/데이터 없음)
23:46:18 [INFO] [068270] CSV 로드 완료: 241행  (2025-01-02 ~ 2025-12-30)
23:46:20 [INFO] [068270] 당일 수집 완료: 18봉
23:46:20 [INFO] [068270] 저장 완료: 367행 → E:\kium\data\cleaned\068270_merged.parquet
23:46:20 [INFO] 
─────────────────────────────────────────────
종목: 105560 (KB금융)
23:46:20 [INFO]   [105560] 결측 행 제거: 1행 (공휴일/데이터 없음)
23:46:20 [INFO] [105560] CSV 로드 완료: 241행  (2025-01-02 ~ 2025-12-30)
23:46:22 [INFO] [105560] 당일 수집 완료: 18봉
23:46:22 [INFO] [105560] 저장 완료: 367행 → E:\kium\data\cleaned\105560_merged.parquet
23:46:22 [INFO] 
─────────────────────────────────────────────
종목: 005490 (POSCO홀딩스)
23:46:22 [INFO]   [005490] 결측 행 제거: 1행 (공휴일/데이터 없음)
23:46:22 [INFO] [005490] CSV 로드 완료: 241행  (2025-01-02 ~ 2025-12-30)
23:46:24 [INFO] [005490] 당일 수집 완료: 18봉
23:46:24 [INFO] [005490] 저장 완료: 367행 → E:\kium\data\cleaned\005490_merged.parquet
23:46:24 [INFO] 
─────────────────────────────────────────────
종목: 035420 (NAVER)
23:46:24 [INFO]   [035420] 결측 행 제거: 1행 (공휴일/데이터 없음)
23:46:24 [INFO] [035420] CSV 로드 완료: 241행  (2025-01-02 ~ 2025-12-30)
23:46:26 [INFO] [035420] 당일 수집 완료: 18봉
23:46:26 [INFO] [035420] 저장 완료: 349행 → E:\kium\data\cleaned\035420_merged.parquet
[kis_auth] 새 토큰 발급 완료 (유효: 24시간)
20:19:16 [INFO] 
─────────────────────────────────────────────
종목: 005930 (삼성전자)
20:19:18 [INFO]   [005930] 결측 행 제거: 1행 (공휴일/데이터 없음)
20:19:18 [INFO] [005930] CSV 로드 완료: 241행  (2025-01-02 ~ 2025-12-30)
20:19:24 [INFO] [005930] 당일 수집 완료: 18봉
20:19:33 [INFO] [005930] 저장 완료: 385행 → E:\kium\data\cleaned\005930_merged.parquet
20:19:33 [INFO] 
─────────────────────────────────────────────
종목: 000660 (SK하이닉스)
20:19:33 [INFO]   [000660] 결측 행 제거: 1행 (공휴일/데이터 없음)
20:19:33 [INFO] [000660] CSV 로드 완료: 241행  (2025-01-02 ~ 2025-12-30)
20:19:35 [INFO] [000660] 당일 수집 완료: 18봉
20:19:38 [INFO] [000660] 저장 완료: 385행 → E:\kium\data\cleaned\000660_merged.parquet
20:19:38 [INFO] 
─────────────────────────────────────────────
종목: 373220 (LG에너지솔루션)
20:19:39 [INFO]   [373220] 결측 행 제거: 1행 (공휴일/데이터 없음)
20:19:39 [INFO] [373220] CSV 로드 완료: 241행  (2025-01-02 ~ 2025-12-30)
20:19:40 [INFO] [373220] 당일 수집 완료: 18봉
20:19:40 [INFO] [373220] 저장 완료: 385행 → E:\kium\data\cleaned\373220_merged.parquet
20:19:40 [INFO] 
─────────────────────────────────────────────
종목: 207940 (삼성바이오로직스)
20:19:40 [INFO]   [207940] 결측 행 제거: 1행 (공휴일/데이터 없음)
20:19:40 [INFO] [207940] CSV 로드 완료: 241행  (2025-01-02 ~ 2025-12-30)
20:19:43 [INFO] [207940] 당일 수집 완료: 18봉
20:19:43 [INFO] [207940] 저장 완료: 385행 → E:\kium\data\cleaned\207940_merged.parquet
20:19:43 [INFO] 
─────────────────────────────────────────────
종목: 005380 (현대차)
20:19:43 [INFO]   [005380] 결측 행 제거: 1행 (공휴일/데이터 없음)
20:19:43 [INFO] [005380] CSV 로드 완료: 241행  (2025-01-02 ~ 2025-12-30)
20:19:44 [INFO] [005380] 당일 수집 완료: 18봉
20:19:45 [INFO] [005380] 저장 완료: 385행 → E:\kium\data\cleaned\005380_merged.parquet
20:19:45 [INFO] 
─────────────────────────────────────────────
종목: 000270 (기아)
20:19:45 [INFO]   [000270] 결측 행 제거: 1행 (공휴일/데이터 없음)
20:19:45 [INFO] [000270] CSV 로드 완료: 241행  (2025-01-02 ~ 2025-12-30)
20:19:46 [INFO] [000270] 당일 수집 완료: 18봉
20:19:46 [INFO] [000270] 저장 완료: 385행 → E:\kium\data\cleaned\000270_merged.parquet
20:19:46 [INFO] 
─────────────────────────────────────────────
종목: 068270 (셀트리온)
20:19:46 [INFO]   [068270] 결측 행 제거: 1행 (공휴일/데이터 없음)
20:19:46 [INFO] [068270] CSV 로드 완료: 241행  (2025-01-02 ~ 2025-12-30)
20:19:48 [INFO] [068270] 당일 수집 완료: 18봉
20:19:48 [INFO] [068270] 저장 완료: 385행 → E:\kium\data\cleaned\068270_merged.parquet
20:19:48 [INFO] 
─────────────────────────────────────────────
종목: 105560 (KB금융)
20:19:48 [INFO]   [105560] 결측 행 제거: 1행 (공휴일/데이터 없음)
20:19:48 [INFO] [105560] CSV 로드 완료: 241행  (2025-01-02 ~ 2025-12-30)
20:19:50 [INFO] [105560] 당일 수집 완료: 18봉
20:19:50 [INFO] [105560] 저장 완료: 385행 → E:\kium\data\cleaned\105560_merged.parquet
20:19:50 [INFO] 
─────────────────────────────────────────────
종목: 005490 (POSCO홀딩스)
20:19:50 [INFO]   [005490] 결측 행 제거: 1행 (공휴일/데이터 없음)
20:19:50 [INFO] [005490] CSV 로드 완료: 241행  (2025-01-02 ~ 2025-12-30)
20:19:52 [INFO] [005490] 당일 수집 완료: 18봉
20:19:52 [INFO] [005490] 저장 완료: 385행 → E:\kium\data\cleaned\005490_merged.parquet
20:19:52 [INFO] 
─────────────────────────────────────────────
종목: 035420 (NAVER)
20:19:52 [INFO]   [035420] 결측 행 제거: 1행 (공휴일/데이터 없음)
20:19:52 [INFO] [035420] CSV 로드 완료: 241행  (2025-01-02 ~ 2025-12-30)
20:19:54 [INFO] [035420] 당일 수집 완료: 18봉
20:19:54 [INFO] [035420] 저장 완료: 367행 → E:\kium\data\cleaned\035420_merged.parquet
[kis_auth] 새 토큰 발급 완료 (유효: 24시간)
21:55:05 [INFO] 
─────────────────────────────────────────────
종목: 005930 (삼성전자)
21:55:05 [INFO]   [005930] 결측 행 제거: 1행 (공휴일/데이터 없음)
21:55:06 [INFO] [005930] CSV 로드 완료: 241행  (2025-01-02 ~ 2025-12-30)
21:55:08 [INFO] [005930] 당일 수집 완료: 18봉
21:55:09 [INFO] [005930] 저장 완료: 403행 → E:\kium\data\cleaned\005930_merged.parquet
21:55:09 [INFO] 
─────────────────────────────────────────────
종목: 000660 (SK하이닉스)
21:55:09 [INFO]   [000660] 결측 행 제거: 1행 (공휴일/데이터 없음)
21:55:09 [INFO] [000660] CSV 로드 완료: 241행  (2025-01-02 ~ 2025-12-30)
21:55:11 [INFO] [000660] 당일 수집 완료: 18봉
21:55:11 [INFO] [000660] 저장 완료: 403행 → E:\kium\data\cleaned\000660_merged.parquet
21:55:11 [INFO] 
─────────────────────────────────────────────
종목: 373220 (LG에너지솔루션)
21:55:11 [INFO]   [373220] 결측 행 제거: 1행 (공휴일/데이터 없음)
21:55:11 [INFO] [373220] CSV 로드 완료: 241행  (2025-01-02 ~ 2025-12-30)
21:55:13 [INFO] [373220] 당일 수집 완료: 18봉
21:55:13 [INFO] [373220] 저장 완료: 403행 → E:\kium\data\cleaned\373220_merged.parquet
21:55:13 [INFO] 
─────────────────────────────────────────────
종목: 207940 (삼성바이오로직스)
21:55:13 [INFO]   [207940] 결측 행 제거: 1행 (공휴일/데이터 없음)
21:55:13 [INFO] [207940] CSV 로드 완료: 241행  (2025-01-02 ~ 2025-12-30)
21:55:15 [INFO] [207940] 당일 수집 완료: 18봉
21:55:15 [INFO] [207940] 저장 완료: 403행 → E:\kium\data\cleaned\207940_merged.parquet
21:55:15 [INFO] 
─────────────────────────────────────────────
종목: 005380 (현대차)
21:55:15 [INFO]   [005380] 결측 행 제거: 1행 (공휴일/데이터 없음)
21:55:15 [INFO] [005380] CSV 로드 완료: 241행  (2025-01-02 ~ 2025-12-30)
21:55:16 [INFO] [005380] 당일 수집 완료: 18봉
21:55:16 [INFO] [005380] 저장 완료: 403행 → E:\kium\data\cleaned\005380_merged.parquet
21:55:16 [INFO] 
─────────────────────────────────────────────
종목: 000270 (기아)
21:55:16 [INFO]   [000270] 결측 행 제거: 1행 (공휴일/데이터 없음)
21:55:16 [INFO] [000270] CSV 로드 완료: 241행  (2025-01-02 ~ 2025-12-30)
21:55:18 [INFO] [000270] 당일 수집 완료: 18봉
21:55:18 [INFO] [000270] 저장 완료: 403행 → E:\kium\data\cleaned\000270_merged.parquet
21:55:18 [INFO] 
─────────────────────────────────────────────
종목: 068270 (셀트리온)
21:55:18 [INFO]   [068270] 결측 행 제거: 1행 (공휴일/데이터 없음)
21:55:18 [INFO] [068270] CSV 로드 완료: 241행  (2025-01-02 ~ 2025-12-30)
21:55:20 [INFO] [068270] 당일 수집 완료: 18봉
21:55:20 [INFO] [068270] 저장 완료: 403행 → E:\kium\data\cleaned\068270_merged.parquet
21:55:20 [INFO] 
─────────────────────────────────────────────
종목: 105560 (KB금융)
21:55:20 [INFO]   [105560] 결측 행 제거: 1행 (공휴일/데이터 없음)
21:55:20 [INFO] [105560] CSV 로드 완료: 241행  (2025-01-02 ~ 2025-12-30)
21:55:22 [INFO] [105560] 당일 수집 완료: 18봉
21:55:22 [INFO] [105560] 저장 완료: 403행 → E:\kium\data\cleaned\105560_merged.parquet
21:55:22 [INFO] 
─────────────────────────────────────────────
종목: 005490 (POSCO홀딩스)
21:55:22 [INFO]   [005490] 결측 행 제거: 1행 (공휴일/데이터 없음)
21:55:22 [INFO] [005490] CSV 로드 완료: 241행  (2025-01-02 ~ 2025-12-30)
21:55:24 [INFO] [005490] 당일 수집 완료: 18봉
21:55:24 [INFO] [005490] 저장 완료: 403행 → E:\kium\data\cleaned\005490_merged.parquet
21:55:24 [INFO] 
─────────────────────────────────────────────
종목: 035420 (NAVER)
21:55:24 [INFO]   [035420] 결측 행 제거: 1행 (공휴일/데이터 없음)
21:55:24 [INFO] [035420] CSV 로드 완료: 241행  (2025-01-02 ~ 2025-12-30)
21:55:25 [INFO] [035420] 당일 수집 완료: 18봉
21:55:26 [INFO] [035420] 저장 완료: 385행 → E:\kium\data\cleaned\035420_merged.parquet
[kis_auth] 새 토큰 발급 완료 (유효: 24시간)
20:40:21 [INFO] 
─────────────────────────────────────────────
종목: 005930 (삼성전자)
20:40:21 [INFO]   [005930] 결측 행 제거: 1행 (공휴일/데이터 없음)
20:40:21 [INFO] [005930] CSV 로드 완료: 241행  (2025-01-02 ~ 2025-12-30)
20:40:23 [INFO] [005930] 당일 수집 완료: 18봉
20:40:25 [INFO] [005930] 저장 완료: 421행 → E:\kium\data\cleaned\005930_merged.parquet
20:40:25 [INFO] 
─────────────────────────────────────────────
종목: 000660 (SK하이닉스)
20:40:25 [INFO]   [000660] 결측 행 제거: 1행 (공휴일/데이터 없음)
20:40:25 [INFO] [000660] CSV 로드 완료: 241행  (2025-01-02 ~ 2025-12-30)
20:40:26 [INFO] [000660] 당일 수집 완료: 18봉
20:40:26 [INFO] [000660] 저장 완료: 421행 → E:\kium\data\cleaned\000660_merged.parquet
20:40:26 [INFO] 
─────────────────────────────────────────────
종목: 373220 (LG에너지솔루션)
20:40:26 [INFO]   [373220] 결측 행 제거: 1행 (공휴일/데이터 없음)
20:40:26 [INFO] [373220] CSV 로드 완료: 241행  (2025-01-02 ~ 2025-12-30)
20:40:28 [INFO] [373220] 당일 수집 완료: 18봉
20:40:28 [INFO] [373220] 저장 완료: 421행 → E:\kium\data\cleaned\373220_merged.parquet
20:40:28 [INFO] 
─────────────────────────────────────────────
종목: 207940 (삼성바이오로직스)
20:40:28 [INFO]   [207940] 결측 행 제거: 1행 (공휴일/데이터 없음)
20:40:28 [INFO] [207940] CSV 로드 완료: 241행  (2025-01-02 ~ 2025-12-30)
20:40:30 [INFO] [207940] 당일 수집 완료: 18봉
20:40:30 [INFO] [207940] 저장 완료: 421행 → E:\kium\data\cleaned\207940_merged.parquet
20:40:30 [INFO] 
─────────────────────────────────────────────
종목: 005380 (현대차)
20:40:30 [INFO]   [005380] 결측 행 제거: 1행 (공휴일/데이터 없음)
20:40:30 [INFO] [005380] CSV 로드 완료: 241행  (2025-01-02 ~ 2025-12-30)
20:40:32 [INFO] [005380] 당일 수집 완료: 18봉
20:40:32 [INFO] [005380] 저장 완료: 421행 → E:\kium\data\cleaned\005380_merged.parquet
20:40:32 [INFO] 
─────────────────────────────────────────────
종목: 000270 (기아)
20:40:32 [INFO]   [000270] 결측 행 제거: 1행 (공휴일/데이터 없음)
20:40:32 [INFO] [000270] CSV 로드 완료: 241행  (2025-01-02 ~ 2025-12-30)
20:40:34 [INFO] [000270] 당일 수집 완료: 18봉
20:40:34 [INFO] [000270] 저장 완료: 421행 → E:\kium\data\cleaned\000270_merged.parquet
20:40:34 [INFO] 
─────────────────────────────────────────────
종목: 068270 (셀트리온)
20:40:34 [INFO]   [068270] 결측 행 제거: 1행 (공휴일/데이터 없음)
20:40:34 [INFO] [068270] CSV 로드 완료: 241행  (2025-01-02 ~ 2025-12-30)
20:40:36 [INFO] [068270] 당일 수집 완료: 18봉
20:40:36 [INFO] [068270] 저장 완료: 421행 → E:\kium\data\cleaned\068270_merged.parquet
20:40:36 [INFO] 
─────────────────────────────────────────────
종목: 105560 (KB금융)
20:40:36 [INFO]   [105560] 결측 행 제거: 1행 (공휴일/데이터 없음)
20:40:36 [INFO] [105560] CSV 로드 완료: 241행  (2025-01-02 ~ 2025-12-30)
20:40:37 [INFO] [105560] 당일 수집 완료: 18봉
20:40:37 [INFO] [105560] 저장 완료: 421행 → E:\kium\data\cleaned\105560_merged.parquet
20:40:37 [INFO] 
─────────────────────────────────────────────
종목: 005490 (POSCO홀딩스)
20:40:37 [INFO]   [005490] 결측 행 제거: 1행 (공휴일/데이터 없음)
20:40:37 [INFO] [005490] CSV 로드 완료: 241행  (2025-01-02 ~ 2025-12-30)
20:40:39 [INFO] [005490] 당일 수집 완료: 18봉
20:40:39 [INFO] [005490] 저장 완료: 421행 → E:\kium\data\cleaned\005490_merged.parquet
20:40:39 [INFO] 
─────────────────────────────────────────────
종목: 035420 (NAVER)
20:40:39 [INFO]   [035420] 결측 행 제거: 1행 (공휴일/데이터 없음)
20:40:39 [INFO] [035420] CSV 로드 완료: 241행  (2025-01-02 ~ 2025-12-30)
20:40:41 [INFO] [035420] 당일 수집 완료: 18봉
20:40:41 [INFO] [035420] 저장 완료: 403행 → E:\kium\data\cleaned\035420_merged.parquet
08:35:19 [INFO] 
─────────────────────────────────────────────
종목: 005930 (삼성전자)
08:35:20 [INFO]   [005930] 결측 행 제거: 1행 (공휴일/데이터 없음)
08:35:20 [INFO] [005930] CSV 로드 완료: 241행  (2025-01-02 ~ 2025-12-30)
08:35:23 [INFO] [005930] 당일 수집 완료: 18봉
08:35:27 [INFO] [005930] 저장 완료: 439행 → E:\kium\data\cleaned\005930_merged.parquet
08:35:27 [INFO] 
─────────────────────────────────────────────
종목: 000660 (SK하이닉스)
08:35:27 [INFO]   [000660] 결측 행 제거: 1행 (공휴일/데이터 없음)
08:35:27 [INFO] [000660] CSV 로드 완료: 241행  (2025-01-02 ~ 2025-12-30)
08:35:29 [INFO] [000660] 당일 수집 완료: 18봉
08:35:29 [INFO] [000660] 저장 완료: 439행 → E:\kium\data\cleaned\000660_merged.parquet
08:35:29 [INFO] 
─────────────────────────────────────────────
종목: 373220 (LG에너지솔루션)
08:35:29 [INFO]   [373220] 결측 행 제거: 1행 (공휴일/데이터 없음)
08:35:29 [INFO] [373220] CSV 로드 완료: 241행  (2025-01-02 ~ 2025-12-30)
08:35:30 [INFO] [373220] 당일 수집 완료: 18봉
08:35:30 [INFO] [373220] 저장 완료: 439행 → E:\kium\data\cleaned\373220_merged.parquet
08:35:30 [INFO] 
─────────────────────────────────────────────
종목: 207940 (삼성바이오로직스)
08:35:30 [INFO]   [207940] 결측 행 제거: 1행 (공휴일/데이터 없음)
08:35:30 [INFO] [207940] CSV 로드 완료: 241행  (2025-01-02 ~ 2025-12-30)
08:35:32 [INFO] [207940] 당일 수집 완료: 18봉
08:35:32 [INFO] [207940] 저장 완료: 439행 → E:\kium\data\cleaned\207940_merged.parquet
08:35:32 [INFO] 
─────────────────────────────────────────────
종목: 005380 (현대차)
08:35:32 [INFO]   [005380] 결측 행 제거: 1행 (공휴일/데이터 없음)
08:35:32 [INFO] [005380] CSV 로드 완료: 241행  (2025-01-02 ~ 2025-12-30)
08:35:34 [INFO] [005380] 당일 수집 완료: 18봉
08:35:34 [INFO] [005380] 저장 완료: 439행 → E:\kium\data\cleaned\005380_merged.parquet
08:35:34 [INFO] 
─────────────────────────────────────────────
종목: 000270 (기아)
08:35:34 [INFO]   [000270] 결측 행 제거: 1행 (공휴일/데이터 없음)
08:35:34 [INFO] [000270] CSV 로드 완료: 241행  (2025-01-02 ~ 2025-12-30)
08:35:36 [INFO] [000270] 당일 수집 완료: 18봉
08:35:36 [INFO] [000270] 저장 완료: 439행 → E:\kium\data\cleaned\000270_merged.parquet
08:35:36 [INFO] 
─────────────────────────────────────────────
종목: 068270 (셀트리온)
08:35:36 [INFO]   [068270] 결측 행 제거: 1행 (공휴일/데이터 없음)
08:35:36 [INFO] [068270] CSV 로드 완료: 241행  (2025-01-02 ~ 2025-12-30)
08:35:38 [INFO] [068270] 당일 수집 완료: 18봉
08:35:38 [INFO] [068270] 저장 완료: 439행 → E:\kium\data\cleaned\068270_merged.parquet
08:35:38 [INFO] 
─────────────────────────────────────────────
종목: 105560 (KB금융)
08:35:38 [INFO]   [105560] 결측 행 제거: 1행 (공휴일/데이터 없음)
08:35:38 [INFO] [105560] CSV 로드 완료: 241행  (2025-01-02 ~ 2025-12-30)
08:35:39 [INFO] [105560] 당일 수집 완료: 18봉
08:35:40 [INFO] [105560] 저장 완료: 439행 → E:\kium\data\cleaned\105560_merged.parquet
08:35:40 [INFO] 
─────────────────────────────────────────────
종목: 005490 (POSCO홀딩스)
08:35:40 [INFO]   [005490] 결측 행 제거: 1행 (공휴일/데이터 없음)
08:35:40 [INFO] [005490] CSV 로드 완료: 241행  (2025-01-02 ~ 2025-12-30)
08:35:41 [INFO] [005490] 당일 수집 완료: 18봉
08:35:41 [INFO] [005490] 저장 완료: 439행 → E:\kium\data\cleaned\005490_merged.parquet
08:35:41 [INFO] 
─────────────────────────────────────────────
종목: 035420 (NAVER)
08:35:41 [INFO]   [035420] 결측 행 제거: 1행 (공휴일/데이터 없음)
08:35:41 [INFO] [035420] CSV 로드 완료: 241행  (2025-01-02 ~ 2025-12-30)
08:35:43 [INFO] [035420] 당일 수집 완료: 18봉
08:35:43 [INFO] [035420] 저장 완료: 421행 → E:\kium\data\cleaned\035420_merged.parquet
[kis_auth] 새 토큰 발급 완료 (유효: 24시간)
22:31:30 [INFO] 
─────────────────────────────────────────────
종목: 005930 (삼성전자)
22:31:32 [INFO]   [005930] 결측 행 제거: 1행 (공휴일/데이터 없음)
22:31:33 [INFO] [005930] CSV 로드 완료: 241행  (2025-01-02 ~ 2025-12-30)
22:31:36 [INFO] [005930] 당일 수집 완료: 18봉
22:31:42 [INFO] [005930] 저장 완료: 457행 → E:\kium\data\cleaned\005930_merged.parquet
22:31:42 [INFO] 
─────────────────────────────────────────────
종목: 000660 (SK하이닉스)
22:31:42 [INFO]   [000660] 결측 행 제거: 1행 (공휴일/데이터 없음)
22:31:42 [INFO] [000660] CSV 로드 완료: 241행  (2025-01-02 ~ 2025-12-30)
22:31:44 [INFO] [000660] 당일 수집 완료: 18봉
22:31:48 [INFO] [000660] 저장 완료: 457행 → E:\kium\data\cleaned\000660_merged.parquet
22:31:48 [INFO] 
─────────────────────────────────────────────
종목: 373220 (LG에너지솔루션)
22:31:48 [INFO]   [373220] 결측 행 제거: 1행 (공휴일/데이터 없음)
22:31:48 [INFO] [373220] CSV 로드 완료: 241행  (2025-01-02 ~ 2025-12-30)
22:31:50 [INFO] [373220] 당일 수집 완료: 18봉
22:31:50 [INFO] [373220] 저장 완료: 457행 → E:\kium\data\cleaned\373220_merged.parquet
22:31:50 [INFO] 
─────────────────────────────────────────────
종목: 207940 (삼성바이오로직스)
22:31:50 [INFO]   [207940] 결측 행 제거: 1행 (공휴일/데이터 없음)
22:31:50 [INFO] [207940] CSV 로드 완료: 241행  (2025-01-02 ~ 2025-12-30)
22:31:51 [INFO] [207940] 당일 수집 완료: 18봉
22:31:52 [INFO] [207940] 저장 완료: 457행 → E:\kium\data\cleaned\207940_merged.parquet
22:31:52 [INFO] 
─────────────────────────────────────────────
종목: 005380 (현대차)
22:31:52 [INFO]   [005380] 결측 행 제거: 1행 (공휴일/데이터 없음)
22:31:52 [INFO] [005380] CSV 로드 완료: 241행  (2025-01-02 ~ 2025-12-30)
22:31:53 [INFO] [005380] 당일 수집 완료: 18봉
22:31:53 [INFO] [005380] 저장 완료: 457행 → E:\kium\data\cleaned\005380_merged.parquet
22:31:53 [INFO] 
─────────────────────────────────────────────
종목: 000270 (기아)
22:31:53 [INFO]   [000270] 결측 행 제거: 1행 (공휴일/데이터 없음)
22:31:53 [INFO] [000270] CSV 로드 완료: 241행  (2025-01-02 ~ 2025-12-30)
22:31:55 [INFO] [000270] 당일 수집 완료: 18봉
22:31:55 [INFO] [000270] 저장 완료: 457행 → E:\kium\data\cleaned\000270_merged.parquet
22:31:55 [INFO] 
─────────────────────────────────────────────
종목: 068270 (셀트리온)
22:31:55 [INFO]   [068270] 결측 행 제거: 1행 (공휴일/데이터 없음)
22:31:55 [INFO] [068270] CSV 로드 완료: 241행  (2025-01-02 ~ 2025-12-30)
22:31:57 [INFO] [068270] 당일 수집 완료: 18봉
22:31:57 [INFO] [068270] 저장 완료: 457행 → E:\kium\data\cleaned\068270_merged.parquet
22:31:57 [INFO] 
─────────────────────────────────────────────
종목: 105560 (KB금융)
22:31:57 [INFO]   [105560] 결측 행 제거: 1행 (공휴일/데이터 없음)
22:31:57 [INFO] [105560] CSV 로드 완료: 241행  (2025-01-02 ~ 2025-12-30)
22:31:59 [INFO] [105560] 당일 수집 완료: 18봉
22:31:59 [INFO] [105560] 저장 완료: 457행 → E:\kium\data\cleaned\105560_merged.parquet
22:31:59 [INFO] 
─────────────────────────────────────────────
종목: 005490 (POSCO홀딩스)
22:31:59 [INFO]   [005490] 결측 행 제거: 1행 (공휴일/데이터 없음)
22:31:59 [INFO] [005490] CSV 로드 완료: 241행  (2025-01-02 ~ 2025-12-30)
22:32:01 [INFO] [005490] 당일 수집 완료: 18봉
22:32:01 [INFO] [005490] 저장 완료: 457행 → E:\kium\data\cleaned\005490_merged.parquet
22:32:01 [INFO] 
─────────────────────────────────────────────
종목: 035420 (NAVER)
22:32:01 [INFO]   [035420] 결측 행 제거: 1행 (공휴일/데이터 없음)
22:32:01 [INFO] [035420] CSV 로드 완료: 241행  (2025-01-02 ~ 2025-12-30)
22:32:03 [INFO] [035420] 당일 수집 완료: 18봉
22:32:03 [INFO] [035420] 저장 완료: 439행 → E:\kium\data\cleaned\035420_merged.parquet
[kis_auth] 새 토큰 발급 완료 (유효: 24시간)
21:26:48 [INFO] 
─────────────────────────────────────────────
종목: 005930 (삼성전자)
21:26:49 [INFO]   [005930] 결측 행 제거: 1행 (공휴일/데이터 없음)
21:26:49 [INFO] [005930] CSV 로드 완료: 241행  (2025-01-02 ~ 2025-12-30)
21:26:51 [INFO] [005930] 당일 수집 완료: 18봉
21:26:52 [INFO] [005930] 저장 완료: 457행 → E:\kium\data\cleaned\005930_merged.parquet
21:26:52 [INFO] 
─────────────────────────────────────────────
종목: 000660 (SK하이닉스)
21:26:52 [INFO]   [000660] 결측 행 제거: 1행 (공휴일/데이터 없음)
21:26:52 [INFO] [000660] CSV 로드 완료: 241행  (2025-01-02 ~ 2025-12-30)
21:26:54 [INFO] [000660] 당일 수집 완료: 18봉
21:26:54 [INFO] [000660] 저장 완료: 457행 → E:\kium\data\cleaned\000660_merged.parquet
21:26:54 [INFO] 
─────────────────────────────────────────────
종목: 373220 (LG에너지솔루션)
21:26:54 [INFO]   [373220] 결측 행 제거: 1행 (공휴일/데이터 없음)
21:26:54 [INFO] [373220] CSV 로드 완료: 241행  (2025-01-02 ~ 2025-12-30)
21:26:56 [INFO] [373220] 당일 수집 완료: 18봉
21:26:56 [INFO] [373220] 저장 완료: 457행 → E:\kium\data\cleaned\373220_merged.parquet
21:26:56 [INFO] 
─────────────────────────────────────────────
종목: 207940 (삼성바이오로직스)
21:26:56 [INFO]   [207940] 결측 행 제거: 1행 (공휴일/데이터 없음)
21:26:56 [INFO] [207940] CSV 로드 완료: 241행  (2025-01-02 ~ 2025-12-30)
21:26:58 [INFO] [207940] 당일 수집 완료: 18봉
21:26:58 [INFO] [207940] 저장 완료: 457행 → E:\kium\data\cleaned\207940_merged.parquet
21:26:58 [INFO] 
─────────────────────────────────────────────
종목: 005380 (현대차)
21:26:58 [INFO]   [005380] 결측 행 제거: 1행 (공휴일/데이터 없음)
21:26:58 [INFO] [005380] CSV 로드 완료: 241행  (2025-01-02 ~ 2025-12-30)
21:27:00 [INFO] [005380] 당일 수집 완료: 18봉
21:27:00 [INFO] [005380] 저장 완료: 457행 → E:\kium\data\cleaned\005380_merged.parquet
21:27:00 [INFO] 
─────────────────────────────────────────────
종목: 000270 (기아)
21:27:00 [INFO]   [000270] 결측 행 제거: 1행 (공휴일/데이터 없음)
21:27:00 [INFO] [000270] CSV 로드 완료: 241행  (2025-01-02 ~ 2025-12-30)
21:27:02 [INFO] [000270] 당일 수집 완료: 18봉
21:27:02 [INFO] [000270] 저장 완료: 457행 → E:\kium\data\cleaned\000270_merged.parquet
21:27:02 [INFO] 
─────────────────────────────────────────────
종목: 068270 (셀트리온)
21:27:02 [INFO]   [068270] 결측 행 제거: 1행 (공휴일/데이터 없음)
21:27:02 [INFO] [068270] CSV 로드 완료: 241행  (2025-01-02 ~ 2025-12-30)
21:27:03 [INFO] [068270] 당일 수집 완료: 18봉
21:27:03 [INFO] [068270] 저장 완료: 457행 → E:\kium\data\cleaned\068270_merged.parquet
21:27:03 [INFO] 
─────────────────────────────────────────────
종목: 105560 (KB금융)
21:27:04 [INFO]   [105560] 결측 행 제거: 1행 (공휴일/데이터 없음)
21:27:04 [INFO] [105560] CSV 로드 완료: 241행  (2025-01-02 ~ 2025-12-30)
21:27:05 [INFO] [105560] 당일 수집 완료: 18봉
21:27:05 [INFO] [105560] 저장 완료: 457행 → E:\kium\data\cleaned\105560_merged.parquet
21:27:05 [INFO] 
─────────────────────────────────────────────
종목: 005490 (POSCO홀딩스)
21:27:05 [INFO]   [005490] 결측 행 제거: 1행 (공휴일/데이터 없음)
21:27:05 [INFO] [005490] CSV 로드 완료: 241행  (2025-01-02 ~ 2025-12-30)
21:27:07 [INFO] [005490] 당일 수집 완료: 18봉
21:27:07 [INFO] [005490] 저장 완료: 457행 → E:\kium\data\cleaned\005490_merged.parquet
21:27:07 [INFO] 
─────────────────────────────────────────────
종목: 035420 (NAVER)
21:27:07 [INFO]   [035420] 결측 행 제거: 1행 (공휴일/데이터 없음)
21:27:07 [INFO] [035420] CSV 로드 완료: 241행  (2025-01-02 ~ 2025-12-30)
21:27:09 [INFO] [035420] 당일 수집 완료: 18봉
21:27:09 [INFO] [035420] 저장 완료: 439행 → E:\kium\data\cleaned\035420_merged.parquet
21:04:34 [INFO] 
─────────────────────────────────────────────
종목: 005930 (삼성전자)
21:04:35 [INFO]   [005930] 결측 행 제거: 1행 (공휴일/데이터 없음)
21:04:35 [INFO] [005930] CSV 로드 완료: 241행  (2025-01-02 ~ 2025-12-30)
21:04:37 [INFO] [005930] 당일 수집 완료: 18봉
21:04:39 [INFO] [005930] 저장 완료: 475행 → E:\kium\data\cleaned\005930_merged.parquet
21:04:39 [INFO] 
─────────────────────────────────────────────
종목: 000660 (SK하이닉스)
21:04:39 [INFO]   [000660] 결측 행 제거: 1행 (공휴일/데이터 없음)
21:04:39 [INFO] [000660] CSV 로드 완료: 241행  (2025-01-02 ~ 2025-12-30)
21:04:40 [INFO] [000660] 당일 수집 완료: 18봉
21:04:40 [INFO] [000660] 저장 완료: 475행 → E:\kium\data\cleaned\000660_merged.parquet
21:04:40 [INFO] 
─────────────────────────────────────────────
종목: 373220 (LG에너지솔루션)
21:04:40 [INFO]   [373220] 결측 행 제거: 1행 (공휴일/데이터 없음)
21:04:40 [INFO] [373220] CSV 로드 완료: 241행  (2025-01-02 ~ 2025-12-30)
21:04:42 [INFO] [373220] 당일 수집 완료: 18봉
21:04:42 [INFO] [373220] 저장 완료: 475행 → E:\kium\data\cleaned\373220_merged.parquet
21:04:42 [INFO] 
─────────────────────────────────────────────
종목: 207940 (삼성바이오로직스)
21:04:42 [INFO]   [207940] 결측 행 제거: 1행 (공휴일/데이터 없음)
21:04:42 [INFO] [207940] CSV 로드 완료: 241행  (2025-01-02 ~ 2025-12-30)
21:04:44 [INFO] [207940] 당일 수집 완료: 18봉
21:04:44 [INFO] [207940] 저장 완료: 475행 → E:\kium\data\cleaned\207940_merged.parquet
21:04:44 [INFO] 
─────────────────────────────────────────────
종목: 005380 (현대차)
21:04:44 [INFO]   [005380] 결측 행 제거: 1행 (공휴일/데이터 없음)
21:04:44 [INFO] [005380] CSV 로드 완료: 241행  (2025-01-02 ~ 2025-12-30)
21:04:46 [INFO] [005380] 당일 수집 완료: 18봉
21:04:46 [INFO] [005380] 저장 완료: 475행 → E:\kium\data\cleaned\005380_merged.parquet
21:04:46 [INFO] 
─────────────────────────────────────────────
종목: 000270 (기아)
21:04:46 [INFO]   [000270] 결측 행 제거: 1행 (공휴일/데이터 없음)
21:04:46 [INFO] [000270] CSV 로드 완료: 241행  (2025-01-02 ~ 2025-12-30)
21:04:48 [INFO] [000270] 당일 수집 완료: 18봉
21:04:48 [INFO] [000270] 저장 완료: 475행 → E:\kium\data\cleaned\000270_merged.parquet
21:04:48 [INFO] 
─────────────────────────────────────────────
종목: 068270 (셀트리온)
21:04:48 [INFO]   [068270] 결측 행 제거: 1행 (공휴일/데이터 없음)
21:04:48 [INFO] [068270] CSV 로드 완료: 241행  (2025-01-02 ~ 2025-12-30)
21:04:50 [INFO] [068270] 당일 수집 완료: 18봉
21:04:50 [INFO] [068270] 저장 완료: 475행 → E:\kium\data\cleaned\068270_merged.parquet
21:04:50 [INFO] 
─────────────────────────────────────────────
종목: 105560 (KB금융)
21:04:50 [INFO]   [105560] 결측 행 제거: 1행 (공휴일/데이터 없음)
21:04:50 [INFO] [105560] CSV 로드 완료: 241행  (2025-01-02 ~ 2025-12-30)
21:04:52 [INFO] [105560] 당일 수집 완료: 18봉
21:04:52 [INFO] [105560] 저장 완료: 475행 → E:\kium\data\cleaned\105560_merged.parquet
21:04:52 [INFO] 
─────────────────────────────────────────────
종목: 005490 (POSCO홀딩스)
21:04:52 [INFO]   [005490] 결측 행 제거: 1행 (공휴일/데이터 없음)
21:04:52 [INFO] [005490] CSV 로드 완료: 241행  (2025-01-02 ~ 2025-12-30)
21:04:53 [INFO] [005490] 당일 수집 완료: 18봉
21:04:53 [INFO] [005490] 저장 완료: 475행 → E:\kium\data\cleaned\005490_merged.parquet
21:04:53 [INFO] 
─────────────────────────────────────────────
종목: 035420 (NAVER)
21:04:53 [INFO]   [035420] 결측 행 제거: 1행 (공휴일/데이터 없음)
21:04:53 [INFO] [035420] CSV 로드 완료: 241행  (2025-01-02 ~ 2025-12-30)
21:04:55 [INFO] [035420] 당일 수집 완료: 18봉
21:04:55 [INFO] [035420] 저장 완료: 457행 → E:\kium\data\cleaned\035420_merged.parquet
[kis_auth] 새 토큰 발급 완료 (유효: 24시간)
10:25:49 [INFO] 
─────────────────────────────────────────────
종목: 005930 (삼성전자)
10:25:50 [INFO]   [005930] 결측 행 제거: 1행 (공휴일/데이터 없음)
10:25:50 [INFO] [005930] CSV 로드 완료: 241행  (2025-01-02 ~ 2025-12-30)
10:25:52 [INFO] [005930] 당일 수집 완료: 18봉
10:25:53 [INFO] [005930] 저장 완료: 493행 → E:\kium\data\cleaned\005930_merged.parquet
10:25:53 [INFO] 
─────────────────────────────────────────────
종목: 000660 (SK하이닉스)
10:25:53 [INFO]   [000660] 결측 행 제거: 1행 (공휴일/데이터 없음)
10:25:53 [INFO] [000660] CSV 로드 완료: 241행  (2025-01-02 ~ 2025-12-30)
10:25:55 [INFO] [000660] 당일 수집 완료: 18봉
10:25:55 [INFO] [000660] 저장 완료: 493행 → E:\kium\data\cleaned\000660_merged.parquet
10:25:55 [INFO] 
─────────────────────────────────────────────
종목: 373220 (LG에너지솔루션)
10:25:55 [INFO]   [373220] 결측 행 제거: 1행 (공휴일/데이터 없음)
10:25:55 [INFO] [373220] CSV 로드 완료: 241행  (2025-01-02 ~ 2025-12-30)
10:25:57 [INFO] [373220] 당일 수집 완료: 18봉
10:25:57 [INFO] [373220] 저장 완료: 493행 → E:\kium\data\cleaned\373220_merged.parquet
10:25:57 [INFO] 
─────────────────────────────────────────────
종목: 207940 (삼성바이오로직스)
10:25:57 [INFO]   [207940] 결측 행 제거: 1행 (공휴일/데이터 없음)
10:25:57 [INFO] [207940] CSV 로드 완료: 241행  (2025-01-02 ~ 2025-12-30)
10:25:59 [INFO] [207940] 당일 수집 완료: 18봉
10:25:59 [INFO] [207940] 저장 완료: 493행 → E:\kium\data\cleaned\207940_merged.parquet
10:25:59 [INFO] 
─────────────────────────────────────────────
종목: 005380 (현대차)
10:25:59 [INFO]   [005380] 결측 행 제거: 1행 (공휴일/데이터 없음)
10:25:59 [INFO] [005380] CSV 로드 완료: 241행  (2025-01-02 ~ 2025-12-30)
10:26:01 [INFO] [005380] 당일 수집 완료: 18봉
10:26:01 [INFO] [005380] 저장 완료: 493행 → E:\kium\data\cleaned\005380_merged.parquet
10:26:01 [INFO] 
─────────────────────────────────────────────
종목: 000270 (기아)
10:26:01 [INFO]   [000270] 결측 행 제거: 1행 (공휴일/데이터 없음)
10:26:01 [INFO] [000270] CSV 로드 완료: 241행  (2025-01-02 ~ 2025-12-30)
10:26:02 [INFO] [000270] 당일 수집 완료: 18봉
10:26:03 [INFO] [000270] 저장 완료: 493행 → E:\kium\data\cleaned\000270_merged.parquet
10:26:03 [INFO] 
─────────────────────────────────────────────
종목: 068270 (셀트리온)
10:26:03 [INFO]   [068270] 결측 행 제거: 1행 (공휴일/데이터 없음)
10:26:03 [INFO] [068270] CSV 로드 완료: 241행  (2025-01-02 ~ 2025-12-30)
10:26:04 [INFO] [068270] 당일 수집 완료: 18봉
10:26:04 [INFO] [068270] 저장 완료: 493행 → E:\kium\data\cleaned\068270_merged.parquet
10:26:04 [INFO] 
─────────────────────────────────────────────
종목: 105560 (KB금융)
10:26:04 [INFO]   [105560] 결측 행 제거: 1행 (공휴일/데이터 없음)
10:26:04 [INFO] [105560] CSV 로드 완료: 241행  (2025-01-02 ~ 2025-12-30)
10:26:06 [INFO] [105560] 당일 수집 완료: 18봉
10:26:06 [INFO] [105560] 저장 완료: 493행 → E:\kium\data\cleaned\105560_merged.parquet
10:26:06 [INFO] 
─────────────────────────────────────────────
종목: 005490 (POSCO홀딩스)
10:26:06 [INFO]   [005490] 결측 행 제거: 1행 (공휴일/데이터 없음)
10:26:06 [INFO] [005490] CSV 로드 완료: 241행  (2025-01-02 ~ 2025-12-30)
10:26:08 [INFO] [005490] 당일 수집 완료: 18봉
10:26:08 [INFO] [005490] 저장 완료: 493행 → E:\kium\data\cleaned\005490_merged.parquet
10:26:08 [INFO] 
─────────────────────────────────────────────
종목: 035420 (NAVER)
10:26:08 [INFO]   [035420] 결측 행 제거: 1행 (공휴일/데이터 없음)
10:26:08 [INFO] [035420] CSV 로드 완료: 241행  (2025-01-02 ~ 2025-12-30)
10:26:10 [INFO] [035420] 당일 수집 완료: 18봉
10:26:10 [INFO] [035420] 저장 완료: 475행 → E:\kium\data\cleaned\035420_merged.parquet
[kis_auth] 새 토큰 발급 완료 (유효: 24시간)
09:25:55 [INFO] 
─────────────────────────────────────────────
종목: 005930 (삼성전자)
09:25:56 [INFO]   [005930] 결측 행 제거: 1행 (공휴일/데이터 없음)
09:25:56 [INFO] [005930] CSV 로드 완료: 241행  (2025-01-02 ~ 2025-12-30)
09:25:58 [INFO] [005930] 당일 수집 완료: 18봉
09:25:59 [INFO] [005930] 저장 완료: 511행 → E:\kium\data\cleaned\005930_merged.parquet
09:25:59 [INFO] 
─────────────────────────────────────────────
종목: 000660 (SK하이닉스)
09:25:59 [INFO]   [000660] 결측 행 제거: 1행 (공휴일/데이터 없음)
09:25:59 [INFO] [000660] CSV 로드 완료: 241행  (2025-01-02 ~ 2025-12-30)
09:26:01 [INFO] [000660] 당일 수집 완료: 18봉
09:26:01 [INFO] [000660] 저장 완료: 511행 → E:\kium\data\cleaned\000660_merged.parquet
09:26:01 [INFO] 
─────────────────────────────────────────────
종목: 373220 (LG에너지솔루션)
09:26:01 [INFO]   [373220] 결측 행 제거: 1행 (공휴일/데이터 없음)
09:26:01 [INFO] [373220] CSV 로드 완료: 241행  (2025-01-02 ~ 2025-12-30)
09:26:03 [INFO] [373220] 당일 수집 완료: 18봉
09:26:03 [INFO] [373220] 저장 완료: 511행 → E:\kium\data\cleaned\373220_merged.parquet
09:26:03 [INFO] 
─────────────────────────────────────────────
종목: 207940 (삼성바이오로직스)
09:26:03 [INFO]   [207940] 결측 행 제거: 1행 (공휴일/데이터 없음)
09:26:03 [INFO] [207940] CSV 로드 완료: 241행  (2025-01-02 ~ 2025-12-30)
09:26:05 [INFO] [207940] 당일 수집 완료: 18봉
09:26:05 [INFO] [207940] 저장 완료: 511행 → E:\kium\data\cleaned\207940_merged.parquet
09:26:05 [INFO] 
─────────────────────────────────────────────
종목: 005380 (현대차)
09:26:05 [INFO]   [005380] 결측 행 제거: 1행 (공휴일/데이터 없음)
09:26:05 [INFO] [005380] CSV 로드 완료: 241행  (2025-01-02 ~ 2025-12-30)
09:26:07 [INFO] [005380] 당일 수집 완료: 18봉
09:26:07 [INFO] [005380] 저장 완료: 511행 → E:\kium\data\cleaned\005380_merged.parquet
09:26:07 [INFO] 
─────────────────────────────────────────────
종목: 000270 (기아)
09:26:07 [INFO]   [000270] 결측 행 제거: 1행 (공휴일/데이터 없음)
09:26:07 [INFO] [000270] CSV 로드 완료: 241행  (2025-01-02 ~ 2025-12-30)
09:26:09 [INFO] [000270] 당일 수집 완료: 18봉
09:26:09 [INFO] [000270] 저장 완료: 511행 → E:\kium\data\cleaned\000270_merged.parquet
09:26:09 [INFO] 
─────────────────────────────────────────────
종목: 068270 (셀트리온)
09:26:09 [INFO]   [068270] 결측 행 제거: 1행 (공휴일/데이터 없음)
09:26:09 [INFO] [068270] CSV 로드 완료: 241행  (2025-01-02 ~ 2025-12-30)
09:26:10 [INFO] [068270] 당일 수집 완료: 18봉
09:26:11 [INFO] [068270] 저장 완료: 511행 → E:\kium\data\cleaned\068270_merged.parquet
09:26:11 [INFO] 
─────────────────────────────────────────────
종목: 105560 (KB금융)
09:26:11 [INFO]   [105560] 결측 행 제거: 1행 (공휴일/데이터 없음)
09:26:11 [INFO] [105560] CSV 로드 완료: 241행  (2025-01-02 ~ 2025-12-30)
09:26:13 [INFO] [105560] 당일 수집 완료: 18봉
09:26:13 [INFO] [105560] 저장 완료: 511행 → E:\kium\data\cleaned\105560_merged.parquet
09:26:13 [INFO] 
─────────────────────────────────────────────
종목: 005490 (POSCO홀딩스)
09:26:13 [INFO]   [005490] 결측 행 제거: 1행 (공휴일/데이터 없음)
09:26:13 [INFO] [005490] CSV 로드 완료: 241행  (2025-01-02 ~ 2025-12-30)
09:26:15 [INFO] [005490] 당일 수집 완료: 18봉
09:26:15 [INFO] [005490] 저장 완료: 511행 → E:\kium\data\cleaned\005490_merged.parquet
09:26:15 [INFO] 
─────────────────────────────────────────────
종목: 035420 (NAVER)
09:26:15 [INFO]   [035420] 결측 행 제거: 1행 (공휴일/데이터 없음)
09:26:15 [INFO] [035420] CSV 로드 완료: 241행  (2025-01-02 ~ 2025-12-30)
09:26:17 [INFO] [035420] 당일 수집 완료: 18봉
09:26:17 [INFO] [035420] 저장 완료: 493행 → E:\kium\data\cleaned\035420_merged.parquet
