datetime,open,high,low,close,volume,adj_close,ticker,_is_daily,is_spike
2025-01-02 00:00:00,101000.0,102300.0,100500.0,101600.0,712616.0,94915.7890625,000270,True,
2025-01-03 00:00:00,101500.0,101800.0,99200.0,100700.0,1015616.0,94075.0,000270,True,
2025-01-06 00:00:00,100800.0,101300.0,99200.0,100500.0,784082.0,93888.15625,000270,True,
2025-01-07 00:00:00,100500.0,101500.0,99100.0,99100.0,1128286.0,92580.265625,000270,True,
2025-01-08 00:00:00,99000.0,101400.0,98900.0,101000.0,1058728.0,94355.265625,000270,True,
2025-01-09 00:00:00,101200.0,105700.0,101200.0,103300.0,2359171.0,96503.9453125,000270,True,
2025-01-10 00:00:00,104000.0,106600.0,103500.0,105600.0,1951844.0,98652.6328125,000270,True,
2025-01-13 00:00:00,104700.0,105400.0,103600.0,105400.0,1130422.0,98465.7890625,000270,True,
2025-01-14 00:00:00,104700.0,107900.0,104200.0,106700.0,1300498.0,99680.265625,000270,True,
2025-01-15 00:00:00,106500.0,107200.0,102700.0,103300.0,1177799.0,96503.9453125,000270,True,
2025-01-16 00:00:00,104500.0,104800.0,103000.0,103400.0,654359.0,96597.3671875,000270,True,
2025-01-17 00:00:00,102400.0,103000.0,100400.0,101500.0,919480.0,94822.3671875,000270,True,
2025-01-20 00:00:00,101500.0,102000.0,100800.0,101000.0,411505.0,94355.265625,000270,True,
2025-01-21 00:00:00,102100.0,105300.0,100700.0,101000.0,1033495.0,94355.265625,000270,True,
2025-01-22 00:00:00,101900.0,103400.0,100700.0,103000.0,856499.0,96223.6875,000270,True,
2025-01-23 00:00:00,102500.0,104000.0,101100.0,102700.0,730474.0,95943.421875,000270,True,
2025-01-24 00:00:00,104400.0,104400.0,101000.0,101700.0,1296839.0,95009.2109375,000270,True,
2025-01-31 00:00:00,100800.0,102800.0,100200.0,102000.0,909716.0,95289.4765625,000270,True,
2025-02-03 00:00:00,100200.0,100700.0,95000.0,96100.0,2040413.0,89777.6328125,000270,True,
2025-02-04 00:00:00,99100.0,99200.0,96300.0,96700.0,1255891.0,90338.15625,000270,True,
2025-02-05 00:00:00,97400.0,99300.0,97000.0,98100.0,923434.0,91646.0546875,000270,True,
2025-02-06 00:00:00,98300.0,98800.0,97200.0,98800.0,563800.0,92300.0,000270,True,
2025-02-07 00:00:00,97600.0,98900.0,96300.0,96500.0,991140.0,90151.3203125,000270,True,
2025-02-10 00:00:00,94000.0,95100.0,93000.0,94600.0,1722666.0,88376.3203125,000270,True,
2025-02-11 00:00:00,93200.0,95100.0,93200.0,93800.0,1172529.0,87628.9453125,000270,True,
2025-02-12 00:00:00,93300.0,94100.0,91400.0,91700.0,1688145.0,85667.109375,000270,True,
2025-02-13 00:00:00,93800.0,95600.0,93300.0,94300.0,2326740.0,88096.0546875,000270,True,
2025-02-14 00:00:00,94400.0,95900.0,93700.0,95000.0,1349332.0,88750.0,000270,True,
2025-02-17 00:00:00,94300.0,94900.0,93100.0,94300.0,1049521.0,88096.0546875,000270,True,
2025-02-18 00:00:00,94300.0,95300.0,93700.0,93900.0,883917.0,87722.3671875,000270,True,
2025-02-19 00:00:00,92800.0,95800.0,92800.0,95000.0,1053531.0,88750.0,000270,True,
2025-02-20 00:00:00,94100.0,94800.0,93500.0,94500.0,1078110.0,88282.8984375,000270,True,
2025-02-21 00:00:00,95800.0,96700.0,94300.0,94600.0,960186.0,88376.3203125,000270,True,
2025-02-24 00:00:00,93700.0,94900.0,93600.0,94900.0,659841.0,88656.578125,000270,True,
2025-02-25 00:00:00,94000.0,94300.0,93200.0,93200.0,1001392.0,87068.421875,000270,True,
2025-02-26 00:00:00,93200.0,94200.0,93100.0,94100.0,789301.0,87909.2109375,000270,True,
2025-02-27 00:00:00,93700.0,94700.0,93600.0,94600.0,841391.0,88376.3203125,000270,True,
2025-02-28 00:00:00,93500.0,94400.0,93000.0,93200.0,1640049.0,87068.421875,000270,True,
2025-03-04 00:00:00,93100.0,96300.0,91900.0,93300.0,1312252.0,87161.84375,000270,True,
2025-03-05 00:00:00,94600.0,96600.0,94400.0,95900.0,1593290.0,89590.7890625,000270,True,
2025-03-06 00:00:00,99000.0,99300.0,97300.0,98000.0,1778981.0,91552.6328125,000270,True,
2025-03-07 00:00:00,96700.0,97800.0,96100.0,96800.0,1138412.0,90431.578125,000270,True,
2025-03-10 00:00:00,95900.0,98400.0,95900.0,98000.0,1190280.0,91552.6328125,000270,True,
2025-03-11 00:00:00,96100.0,98500.0,96100.0,98400.0,1137146.0,91926.3203125,000270,True,
2025-03-12 00:00:00,98400.0,99400.0,97600.0,99100.0,1144714.0,92580.265625,000270,True,
2025-03-13 00:00:00,98600.0,101300.0,98300.0,100400.0,2279252.0,93794.734375,000270,True,
2025-03-14 00:00:00,100000.0,100600.0,99400.0,99500.0,1408638.0,92953.9453125,000270,True,
2025-03-17 00:00:00,99700.0,100100.0,98200.0,98800.0,1892886.0,92300.0,000270,True,
2025-03-18 00:00:00,93300.0,96400.0,93300.0,96400.0,2228720.0,96400.0,000270,True,
2025-03-19 00:00:00,96500.0,97200.0,95500.0,97100.0,1094424.0,97100.0,000270,True,
2025-03-20 00:00:00,96700.0,97000.0,95500.0,96000.0,1056834.0,96000.0,000270,True,
2025-03-21 00:00:00,95500.0,97400.0,95500.0,95700.0,2448199.0,95700.0,000270,True,
2025-03-24 00:00:00,95900.0,99500.0,95800.0,98700.0,1564435.0,98700.0,000270,True,
2025-03-25 00:00:00,102900.0,102900.0,100100.0,100800.0,1515074.0,100800.0,000270,True,
2025-03-26 00:00:00,102000.0,103000.0,101200.0,101400.0,1181983.0,101400.0,000270,True,
2025-03-27 00:00:00,99000.0,100000.0,97400.0,97900.0,1400285.0,97900.0,000270,True,
2025-03-28 00:00:00,95200.0,96500.0,94600.0,95300.0,1293885.0,95300.0,000270,True,
2025-03-31 00:00:00,93300.0,94100.0,91500.0,92300.0,1230700.0,92300.0,000270,True,
2025-04-01 00:00:00,92800.0,93700.0,92000.0,93200.0,656473.0,93200.0,000270,True,
2025-04-02 00:00:00,92400.0,93600.0,91800.0,92100.0,931914.0,92100.0,000270,True,
2025-04-03 00:00:00,89200.0,91400.0,88400.0,90800.0,1054819.0,90800.0,000270,True,
2025-04-04 00:00:00,89500.0,91800.0,88700.0,89700.0,947048.0,89700.0,000270,True,
2025-04-07 00:00:00,86100.0,87100.0,84100.0,84600.0,1066394.0,84600.0,000270,True,
2025-04-08 00:00:00,85500.0,86600.0,84200.0,84300.0,952615.0,84300.0,000270,True,
2025-04-09 00:00:00,83900.0,84200.0,82800.0,83800.0,1002947.0,83800.0,000270,True,
2025-04-10 00:00:00,89700.0,89800.0,87000.0,88200.0,1374506.0,88200.0,000270,True,
2025-04-11 00:00:00,86100.0,86200.0,81300.0,82000.0,2232779.0,82000.0,000270,True,
2025-04-14 00:00:00,82300.0,83800.0,81800.0,83000.0,797192.0,83000.0,000270,True,
2025-04-15 00:00:00,85700.0,86800.0,85000.0,85800.0,1128439.0,85800.0,000270,True,
2025-04-16 00:00:00,85400.0,86300.0,84600.0,84700.0,583287.0,84700.0,000270,True,
2025-04-17 00:00:00,84900.0,85550.0,84500.0,85000.0,430473.0,85000.0,000270,True,
2025-04-18 00:00:00,85300.0,87600.0,84600.0,87300.0,569432.0,87300.0,000270,True,
2025-04-21 00:00:00,87700.0,88500.0,87000.0,88000.0,416037.0,88000.0,000270,True,
2025-04-22 00:00:00,87600.0,88000.0,86600.0,86800.0,558552.0,86800.0,000270,True,
2025-04-23 00:00:00,88100.0,90700.0,87500.0,90000.0,1212681.0,90000.0,000270,True,
2025-04-24 00:00:00,90400.0,90800.0,88600.0,88800.0,908535.0,88800.0,000270,True,
2025-04-25 00:00:00,89500.0,89700.0,87500.0,88200.0,1356631.0,88200.0,000270,True,
2025-04-28 00:00:00,88500.0,89200.0,87700.0,88700.0,572742.0,88700.0,000270,True,
2025-04-29 00:00:00,90600.0,90900.0,89500.0,90600.0,808315.0,90600.0,000270,True,
2025-04-30 00:00:00,91000.0,91400.0,89600.0,90400.0,1023836.0,90400.0,000270,True,
2025-05-02 00:00:00,91000.0,91000.0,88600.0,89400.0,768903.0,89400.0,000270,True,
2025-05-07 00:00:00,90200.0,90400.0,87500.0,88100.0,1093539.0,88100.0,000270,True,
2025-05-08 00:00:00,88100.0,88700.0,87800.0,87800.0,1161546.0,87800.0,000270,True,
2025-05-09 00:00:00,89400.0,90700.0,89200.0,89300.0,967229.0,89300.0,000270,True,
2025-05-12 00:00:00,90200.0,92400.0,89800.0,92400.0,813230.0,92400.0,000270,True,
2025-05-13 00:00:00,94000.0,94800.0,92700.0,93700.0,1369914.0,93700.0,000270,True,
2025-05-14 00:00:00,93600.0,94000.0,91800.0,92400.0,878937.0,92400.0,000270,True,
2025-05-15 00:00:00,91900.0,92500.0,90900.0,91200.0,761239.0,91200.0,000270,True,
2025-05-16 00:00:00,91300.0,92300.0,91300.0,92000.0,500754.0,92000.0,000270,True,
2025-05-19 00:00:00,91300.0,91900.0,90800.0,91500.0,555859.0,91500.0,000270,True,
2025-05-20 00:00:00,92300.0,92800.0,90900.0,91200.0,710012.0,91200.0,000270,True,
2025-05-21 00:00:00,92700.0,92700.0,90900.0,91200.0,748573.0,91200.0,000270,True,
2025-05-22 00:00:00,90500.0,91100.0,88400.0,89200.0,1103198.0,89200.0,000270,True,
2025-05-23 00:00:00,89200.0,89500.0,86900.0,87100.0,879529.0,87100.0,000270,True,
2025-05-26 00:00:00,87000.0,88400.0,86200.0,88100.0,760388.0,88100.0,000270,True,
2025-05-27 00:00:00,87300.0,88500.0,87100.0,88200.0,607447.0,88200.0,000270,True,
2025-05-28 00:00:00,88500.0,90000.0,88500.0,89000.0,842967.0,89000.0,000270,True,
2025-05-29 00:00:00,90700.0,93700.0,90000.0,93200.0,1583303.0,93200.0,000270,True,
2025-05-30 00:00:00,91000.0,91200.0,89400.0,89400.0,1535385.0,89400.0,000270,True,
2025-06-02 00:00:00,88400.0,89600.0,88100.0,88400.0,663587.0,88400.0,000270,True,
2025-06-04 00:00:00,89200.0,90400.0,88600.0,89600.0,862750.0,89600.0,000270,True,
2025-06-05 00:00:00,89100.0,93500.0,89100.0,93100.0,1416289.0,93100.0,000270,True,
2025-06-09 00:00:00,94400.0,96200.0,93800.0,95300.0,1449046.0,95300.0,000270,True,
2025-06-10 00:00:00,96200.0,96400.0,94100.0,94500.0,1077370.0,94500.0,000270,True,
2025-06-11 00:00:00,95100.0,96900.0,95100.0,96900.0,992153.0,96900.0,000270,True,
2025-06-12 00:00:00,96900.0,99000.0,96800.0,98400.0,1768683.0,98400.0,000270,True,
2025-06-13 00:00:00,98000.0,98100.0,95600.0,97200.0,1506724.0,97200.0,000270,True,
2025-06-16 00:00:00,96500.0,97900.0,95100.0,97500.0,809768.0,97500.0,000270,True,
2025-06-17 00:00:00,98000.0,99800.0,97800.0,99600.0,1332802.0,99600.0,000270,True,
2025-06-18 00:00:00,98500.0,99400.0,97200.0,98900.0,1018716.0,98900.0,000270,True,
2025-06-19 00:00:00,99400.0,99800.0,97500.0,98200.0,691399.0,98200.0,000270,True,
2025-06-20 00:00:00,98000.0,98900.0,97200.0,98700.0,998377.0,98700.0,000270,True,
2025-06-23 00:00:00,97000.0,97000.0,94400.0,95900.0,867116.0,95900.0,000270,True,
2025-06-24 00:00:00,95700.0,98500.0,95700.0,96900.0,911752.0,96900.0,000270,True,
2025-06-25 00:00:00,97500.0,104500.0,97000.0,101100.0,2778238.0,101100.0,000270,True,
2025-06-26 00:00:00,100700.0,102500.0,98700.0,99100.0,1157512.0,99100.0,000270,True,
2025-06-27 00:00:00,99700.0,99700.0,97400.0,97700.0,574885.0,97700.0,000270,True,
2025-06-30 00:00:00,96900.0,98200.0,96600.0,96900.0,693015.0,96900.0,000270,True,
2025-07-01 00:00:00,97000.0,100500.0,97000.0,98700.0,1019849.0,98700.0,000270,True,
2025-07-02 00:00:00,100200.0,100700.0,98750.0,100000.0,1023366.0,100000.0,000270,True,
2025-07-03 00:00:00,100400.0,101500.0,99300.0,100100.0,774595.0,100100.0,000270,True,
2025-07-04 00:00:00,100500.0,101500.0,99100.0,99100.0,470300.0,99100.0,000270,True,
2025-07-07 00:00:00,98900.0,100000.0,98300.0,98600.0,430089.0,98600.0,000270,True,
2025-07-08 00:00:00,98600.0,99800.0,97500.0,99100.0,643120.0,99100.0,000270,True,
2025-07-09 00:00:00,98300.0,99800.0,97400.0,99600.0,1037777.0,99600.0,000270,True,
2025-07-10 00:00:00,99900.0,101200.0,99300.0,100100.0,1142761.0,100100.0,000270,True,
2025-07-11 00:00:00,100100.0,102100.0,99800.0,100800.0,1087429.0,100800.0,000270,True,
2025-07-14 00:00:00,100200.0,103300.0,99600.0,103000.0,1173952.0,103000.0,000270,True,
2025-07-15 00:00:00,102100.0,102300.0,99800.0,100000.0,1241921.0,100000.0,000270,True,
2025-07-16 00:00:00,99700.0,100500.0,99100.0,99500.0,668896.0,99500.0,000270,True,
2025-07-17 00:00:00,100000.0,100700.0,98500.0,100200.0,687922.0,100200.0,000270,True,
2025-07-18 00:00:00,100500.0,101400.0,99400.0,99800.0,586973.0,99800.0,000270,True,
2025-07-21 00:00:00,99700.0,100200.0,99100.0,99300.0,422784.0,99300.0,000270,True,
2025-07-22 00:00:00,99200.0,99700.0,97600.0,97800.0,646392.0,97800.0,000270,True,
2025-07-23 00:00:00,100800.0,106100.0,100500.0,106100.0,3318750.0,106100.0,000270,True,
2025-07-24 00:00:00,107200.0,109000.0,104000.0,105000.0,2027261.0,105000.0,000270,True,
2025-07-25 00:00:00,105000.0,107000.0,102400.0,104100.0,1395349.0,104100.0,000270,True,
2025-07-28 00:00:00,106300.0,107500.0,104500.0,105500.0,1045072.0,105500.0,000270,True,
2025-07-29 00:00:00,104300.0,106400.0,103500.0,105700.0,1196086.0,105700.0,000270,True,
2025-07-30 00:00:00,105000.0,112400.0,105000.0,110400.0,1917384.0,110400.0,000270,True,
2025-07-31 00:00:00,112700.0,113200.0,102300.0,102300.0,3132736.0,102300.0,000270,True,
2025-08-01 00:00:00,101300.0,104100.0,100800.0,100800.0,1374554.0,100800.0,000270,True,
2025-08-04 00:00:00,100700.0,103700.0,100500.0,102800.0,775610.0,102800.0,000270,True,
2025-08-05 00:00:00,103000.0,104200.0,101300.0,101400.0,891875.0,101400.0,000270,True,
2025-08-06 00:00:00,101300.0,102700.0,101200.0,101800.0,780400.0,101800.0,000270,True,
2025-08-07 00:00:00,103000.0,103300.0,101500.0,101800.0,649320.0,101800.0,000270,True,
2025-08-08 00:00:00,102300.0,102400.0,101400.0,101900.0,664464.0,101900.0,000270,True,
2025-08-11 00:00:00,101600.0,102750.0,101300.0,101600.0,536398.0,101600.0,000270,True,
2025-08-12 00:00:00,101100.0,103700.0,101000.0,101800.0,655429.0,101800.0,000270,True,
2025-08-13 00:00:00,102800.0,103300.0,102100.0,103200.0,534661.0,103200.0,000270,True,
2025-08-14 00:00:00,103600.0,104700.0,103100.0,103700.0,574716.0,103700.0,000270,True,
2025-08-18 00:00:00,102100.0,103400.0,102100.0,102200.0,539476.0,102200.0,000270,True,
2025-08-19 00:00:00,102500.0,104000.0,101900.0,104000.0,627551.0,104000.0,000270,True,
2025-08-20 00:00:00,104200.0,105500.0,103300.0,105100.0,713124.0,105100.0,000270,True,
2025-08-21 00:00:00,105700.0,105800.0,103900.0,103900.0,433907.0,103900.0,000270,True,
2025-08-22 00:00:00,104200.0,105500.0,104200.0,104800.0,553097.0,104800.0,000270,True,
2025-08-25 00:00:00,105000.0,105300.0,103200.0,104700.0,440278.0,104700.0,000270,True,
2025-08-26 00:00:00,104300.0,104600.0,103000.0,103000.0,606440.0,103000.0,000270,True,
2025-08-27 00:00:00,103100.0,104000.0,102900.0,103500.0,383772.0,103500.0,000270,True,
2025-08-28 00:00:00,104500.0,107200.0,103300.0,105700.0,974330.0,105700.0,000270,True,
2025-08-29 00:00:00,105900.0,107800.0,105500.0,105800.0,704357.0,105800.0,000270,True,
2025-09-01 00:00:00,106800.0,107900.0,106000.0,106500.0,496884.0,106500.0,000270,True,
2025-09-02 00:00:00,106200.0,107200.0,105750.0,107200.0,400273.0,107200.0,000270,True,
2025-09-03 00:00:00,106100.0,107800.0,106100.0,107000.0,544535.0,107000.0,000270,True,
2025-09-04 00:00:00,106000.0,107200.0,105800.0,107000.0,563510.0,107000.0,000270,True,
2025-09-05 00:00:00,106200.0,107000.0,106100.0,106600.0,442357.0,106600.0,000270,True,
2025-09-08 00:00:00,106100.0,106100.0,104100.0,104900.0,713309.0,104900.0,000270,True,
2025-09-09 00:00:00,105500.0,105900.0,104700.0,105500.0,599237.0,105500.0,000270,True,
2025-09-10 00:00:00,104900.0,107000.0,104900.0,106000.0,704159.0,106000.0,000270,True,
2025-09-11 00:00:00,105900.0,106800.0,105400.0,106600.0,1118881.0,106600.0,000270,True,
2025-09-12 00:00:00,106100.0,106600.0,105400.0,105900.0,906762.0,105900.0,000270,True,
2025-09-15 00:00:00,104800.0,105100.0,101300.0,101700.0,2334779.0,101700.0,000270,True,
2025-09-16 00:00:00,101700.0,101900.0,100500.0,101400.0,1317017.0,101400.0,000270,True,
2025-09-17 00:00:00,101200.0,101500.0,100500.0,101000.0,1005177.0,101000.0,000270,True,
2025-09-18 00:00:00,101500.0,102200.0,101100.0,102000.0,1143276.0,102000.0,000270,True,
2025-09-22 00:00:00,101500.0,102500.0,101200.0,101900.0,737975.0,101900.0,000270,True,
2025-09-23 00:00:00,101300.0,102900.0,101300.0,102800.0,597793.0,102800.0,000270,True,
2025-09-24 00:00:00,102900.0,103600.0,102500.0,103000.0,680285.0,103000.0,000270,True,
2025-09-25 00:00:00,103000.0,103000.0,101400.0,102000.0,775758.0,102000.0,000270,True,
2025-09-26 00:00:00,101200.0,101300.0,100200.0,100200.0,700206.0,100200.0,000270,True,
2025-09-29 00:00:00,100600.0,101200.0,100000.0,100700.0,639908.0,100700.0,000270,True,
2025-09-30 00:00:00,100200.0,101800.0,100200.0,100700.0,885167.0,100700.0,000270,True,
2025-10-01 00:00:00,100500.0,101500.0,100200.0,100600.0,580310.0,100600.0,000270,True,
2025-10-02 00:00:00,100700.0,105000.0,100700.0,104200.0,1580346.0,104200.0,000270,True,
2025-10-10 00:00:00,101100.0,102500.0,100600.0,100600.0,1354370.0,100600.0,000270,True,
2025-10-13 00:00:00,100900.0,101700.0,100100.0,101100.0,564201.0,101100.0,000270,True,
2025-10-14 00:00:00,100600.0,103900.0,100500.0,102500.0,971824.0,102500.0,000270,True,
2025-10-15 00:00:00,102100.0,103800.0,101800.0,103800.0,598957.0,103800.0,000270,True,
2025-10-16 00:00:00,109300.0,112100.0,108200.0,111300.0,2290270.0,111300.0,000270,True,
2025-10-17 00:00:00,110800.0,113400.0,110100.0,112100.0,1054766.0,112100.0,000270,True,
2025-10-20 00:00:00,117000.0,118000.0,111200.0,114500.0,1188885.0,114500.0,000270,True,
2025-10-21 00:00:00,115200.0,119800.0,115200.0,115800.0,1725109.0,115800.0,000270,True,
2025-10-22 00:00:00,118400.0,118600.0,115300.0,118100.0,1259947.0,118100.0,000270,True,
2025-10-23 00:00:00,116300.0,117500.0,114700.0,115000.0,1129493.0,115000.0,000270,True,
2025-10-24 00:00:00,115900.0,116200.0,113700.0,114900.0,738758.0,114900.0,000270,True,
2025-10-27 00:00:00,115400.0,117500.0,114800.0,114800.0,916818.0,114800.0,000270,True,
2025-10-28 00:00:00,114100.0,114200.0,112800.0,113600.0,872146.0,113600.0,000270,True,
2025-10-29 00:00:00,115300.0,116600.0,113100.0,115800.0,1165316.0,115800.0,000270,True,
2025-10-30 00:00:00,126100.0,126200.0,116100.0,116200.0,2737130.0,116200.0,000270,True,
2025-10-31 00:00:00,117000.0,122600.0,116000.0,119900.0,3039559.0,119900.0,000270,True,
2025-11-03 00:00:00,120700.0,121100.0,117500.0,117700.0,1371107.0,117700.0,000270,True,
2025-11-04 00:00:00,116600.0,119000.0,113500.0,114400.0,1179087.0,114400.0,000270,True,
2025-11-05 00:00:00,114400.0,114600.0,109400.0,111000.0,1290707.0,111000.0,000270,True,
2025-11-06 00:00:00,112500.0,113200.0,110250.0,112000.0,865031.0,112000.0,000270,True,
2025-11-07 00:00:00,110200.0,111600.0,108900.0,110100.0,536664.0,110100.0,000270,True,
2025-11-10 00:00:00,111500.0,114800.0,111400.0,113700.0,699593.0,113700.0,000270,True,
2025-11-11 00:00:00,114100.0,116000.0,113800.0,116000.0,959520.0,116000.0,000270,True,
2025-11-12 00:00:00,115700.0,119900.0,115300.0,118600.0,1238570.0,118600.0,000270,True,
2025-11-13 00:00:00,117200.0,118700.0,116700.0,118000.0,783292.0,118000.0,000270,True,
2025-11-14 00:00:00,116500.0,119500.0,115800.0,117000.0,667473.0,117000.0,000270,True,
2025-11-17 00:00:00,118100.0,118900.0,116800.0,117400.0,619912.0,117400.0,000270,True,
2025-11-18 00:00:00,116300.0,117300.0,114500.0,114500.0,514941.0,114500.0,000270,True,
2025-11-19 00:00:00,115700.0,116400.0,114100.0,114500.0,615044.0,114500.0,000270,True,
2025-11-20 00:00:00,115400.0,116200.0,113400.0,113400.0,651240.0,113400.0,000270,True,
2025-11-21 00:00:00,111900.0,114700.0,111500.0,114000.0,680023.0,114000.0,000270,True,
2025-11-24 00:00:00,114900.0,115000.0,111100.0,111100.0,1566600.0,111100.0,000270,True,
2025-11-25 00:00:00,112200.0,113200.0,111000.0,111200.0,632037.0,111200.0,000270,True,
2025-11-26 00:00:00,113200.0,113200.0,111600.0,113200.0,527546.0,113200.0,000270,True,
2025-11-27 00:00:00,113000.0,114000.0,112800.0,114000.0,477958.0,114000.0,000270,True,
2025-11-28 00:00:00,114000.0,115300.0,112900.0,114100.0,609629.0,114100.0,000270,True,
2025-12-01 00:00:00,113900.0,114400.0,111000.0,112300.0,690993.0,112300.0,000270,True,
2025-12-02 00:00:00,113200.0,117000.0,112900.0,117000.0,984373.0,117000.0,000270,True,
2025-12-03 00:00:00,117300.0,119200.0,116500.0,118600.0,1066553.0,118600.0,000270,True,
2025-12-04 00:00:00,119300.0,120900.0,117700.0,120300.0,1315070.0,120300.0,000270,True,
2025-12-05 00:00:00,118700.0,123800.0,118200.0,123600.0,2075345.0,123600.0,000270,True,
2025-12-08 00:00:00,125300.0,127250.0,123400.0,125600.0,1464750.0,125600.0,000270,True,
2025-12-09 00:00:00,124600.0,126100.0,123300.0,123800.0,966759.0,123800.0,000270,True,
2025-12-10 00:00:00,123800.0,124300.0,122000.0,123400.0,700984.0,123400.0,000270,True,
2025-12-11 00:00:00,124600.0,126400.0,122500.0,122900.0,1030322.0,122900.0,000270,True,
2025-12-12 00:00:00,123400.0,125800.0,123100.0,125800.0,684563.0,125800.0,000270,True,
2025-12-15 00:00:00,124900.0,125300.0,123600.0,124000.0,654771.0,124000.0,000270,True,
2025-12-16 00:00:00,124300.0,125400.0,120200.0,120800.0,971830.0,120800.0,000270,True,
2025-12-17 00:00:00,121900.0,121900.0,120200.0,121500.0,811670.0,121500.0,000270,True,
2025-12-18 00:00:00,119800.0,121200.0,119100.0,120400.0,658756.0,120400.0,000270,True,
2025-12-19 00:00:00,121200.0,121900.0,118200.0,121000.0,1103568.0,121000.0,000270,True,
2025-12-22 00:00:00,121700.0,121800.0,119500.0,121100.0,532952.0,121100.0,000270,True,
2025-12-23 00:00:00,121400.0,121900.0,119800.0,120200.0,398278.0,120200.0,000270,True,
2025-12-24 00:00:00,120300.0,122500.0,120000.0,121000.0,423315.0,121000.0,000270,True,
2025-12-26 00:00:00,121300.0,121700.0,119100.0,119800.0,425261.0,119800.0,000270,True,
2025-12-29 00:00:00,118600.0,121200.0,118300.0,121100.0,425379.0,121100.0,000270,True,
2025-12-30 00:00:00,119800.0,121800.0,119500.0,121800.0,435122.0,121800.0,000270,True,
2026-04-22 09:05:00,160000.0,160000.0,160000.0,160000.0,0.0,,000270,,
2026-04-22 09:10:00,160000.0,160000.0,160000.0,160000.0,0.0,,000270,,
2026-04-22 09:15:00,160000.0,160000.0,160000.0,160000.0,0.0,,000270,,
2026-04-22 09:20:00,160000.0,160000.0,160000.0,160000.0,0.0,,000270,,
2026-04-22 09:25:00,160000.0,160000.0,160000.0,160000.0,0.0,,000270,,
2026-04-22 09:30:00,160000.0,160000.0,160000.0,160000.0,0.0,,000270,,
2026-04-22 11:35:00,160000.0,160000.0,160000.0,160000.0,0.0,,000270,,
2026-04-22 11:40:00,160000.0,160000.0,160000.0,160000.0,0.0,,000270,,
2026-04-22 11:45:00,160000.0,160000.0,160000.0,160000.0,0.0,,000270,,
2026-04-22 11:50:00,160000.0,160000.0,160000.0,160000.0,0.0,,000270,,
2026-04-22 11:55:00,160000.0,160000.0,160000.0,160000.0,0.0,,000270,,
2026-04-22 12:00:00,160000.0,160000.0,160000.0,160000.0,0.0,,000270,,
2026-04-22 15:05:00,160000.0,160000.0,160000.0,160000.0,0.0,,000270,,
2026-04-22 15:10:00,160000.0,160000.0,160000.0,160000.0,0.0,,000270,,
2026-04-22 15:15:00,160000.0,160000.0,160000.0,160000.0,0.0,,000270,,
2026-04-22 15:20:00,160000.0,160000.0,160000.0,160000.0,0.0,,000270,,
2026-04-22 15:25:00,160000.0,160000.0,160000.0,160000.0,0.0,,000270,,
2026-04-22 15:30:00,160000.0,160000.0,160000.0,160000.0,0.0,,000270,,
2025-01-02 00:00:00,170500.0,172200.0,170000.0,171200.0,2102175.0,169115.296875,000660,True,
2025-01-03 00:00:00,174500.0,182700.0,173100.0,181900.0,4233446.0,179685.015625,000660,True,
2025-01-06 00:00:00,184400.0,199800.0,184400.0,199800.0,7320382.0,197367.046875,000660,True,
2025-01-07 00:00:00,205000.0,206500.0,194800.0,195000.0,6075445.0,192625.5,000660,True,
2025-01-08 00:00:00,193100.0,198100.0,191000.0,194700.0,4275792.0,192329.140625,000660,True,
2025-01-09 00:00:00,201000.0,206000.0,199800.0,205000.0,6692254.0,202503.734375,000660,True,
2025-01-10 00:00:00,208000.0,212500.0,202500.0,203500.0,6149475.0,201022.0,000660,True,
2025-01-13 00:00:00,203000.0,203000.0,193900.0,194300.0,4767294.0,191934.03125,000660,True,
2025-01-14 00:00:00,194300.0,197900.0,193600.0,195000.0,3019149.0,192625.5,000660,True,
2025-01-15 00:00:00,198000.0,201000.0,197700.0,198200.0,3620460.0,195786.515625,000660,True,
2025-01-16 00:00:00,208500.0,210000.0,206500.0,210000.0,6029645.0,207442.84375,000660,True,
2025-01-17 00:00:00,209500.0,217500.0,209000.0,214500.0,5041329.0,211888.046875,000660,True,
2025-01-20 00:00:00,219000.0,219000.0,210500.0,212000.0,3036234.0,209418.5,000660,True,
2025-01-21 00:00:00,216500.0,220000.0,214000.0,218000.0,3323212.0,215345.421875,000660,True,
2025-01-22 00:00:00,221500.0,227000.0,217000.0,225500.0,5901740.0,222754.09375,000660,True,
2025-01-23 00:00:00,221000.0,225500.0,215000.0,219500.0,5994781.0,216827.15625,000660,True,
2025-01-24 00:00:00,220500.0,227000.0,217500.0,221000.0,3771572.0,218308.90625,000660,True,
2025-01-31 00:00:00,197000.0,204500.0,194800.0,199200.0,11871995.0,196774.359375,000660,True,
2025-02-03 00:00:00,191500.0,193200.0,186900.0,190900.0,7926444.0,188575.421875,000660,True,
2025-02-04 00:00:00,192900.0,194300.0,190100.0,191100.0,5851146.0,188772.984375,000660,True,
2025-02-05 00:00:00,191900.0,199400.0,191900.0,198800.0,4245118.0,196379.234375,000660,True,
2025-02-06 00:00:00,202000.0,205000.0,200500.0,203500.0,4032622.0,201022.0,000660,True,
2025-02-07 00:00:00,205000.0,206000.0,200500.0,203000.0,2206293.0,200528.078125,000660,True,
2025-02-10 00:00:00,197800.0,203000.0,197000.0,198100.0,2779740.0,195687.75,000660,True,
2025-02-11 00:00:00,201000.0,201500.0,198000.0,199700.0,2488710.0,197268.28125,000660,True,
2025-02-12 00:00:00,196500.0,199900.0,196000.0,198900.0,2884072.0,196478.015625,000660,True,
2025-02-13 00:00:00,198800.0,208500.0,198100.0,208500.0,3574410.0,205961.125,000660,True,
2025-02-14 00:00:00,209000.0,212000.0,206500.0,210000.0,2598656.0,207442.84375,000660,True,
2025-02-17 00:00:00,211500.0,216000.0,211000.0,212000.0,2497922.0,209418.5,000660,True,
2025-02-18 00:00:00,212000.0,215000.0,207000.0,210000.0,1937894.0,207442.84375,000660,True,
2025-02-19 00:00:00,216000.0,219500.0,214000.0,218500.0,3537720.0,215839.34375,000660,True,
2025-02-20 00:00:00,217000.0,218500.0,211000.0,212000.0,3080242.0,209418.5,000660,True,
2025-02-21 00:00:00,209500.0,211000.0,205500.0,209500.0,2601151.0,206948.921875,000660,True,
2025-02-24 00:00:00,202500.0,205000.0,201000.0,205000.0,3087127.0,202503.734375,000660,True,
2025-02-25 00:00:00,199800.0,202000.0,199200.0,200500.0,3651613.0,198058.515625,000660,True,
2025-02-26 00:00:00,199000.0,206000.0,198600.0,203000.0,3849749.0,200528.078125,000660,True,
2025-02-27 00:00:00,204500.0,205000.0,198100.0,199200.0,3993419.0,198046.546875,000660,True,
2025-02-28 00:00:00,191600.0,193000.0,188700.0,190200.0,5533027.0,189098.640625,000660,True,
2025-03-04 00:00:00,184800.0,187500.0,184000.0,186100.0,5424556.0,185022.390625,000660,True,
2025-03-05 00:00:00,188200.0,194400.0,186600.0,193100.0,4162368.0,191981.859375,000660,True,
2025-03-06 00:00:00,193500.0,194000.0,190300.0,192400.0,2540131.0,191285.90625,000660,True,
2025-03-07 00:00:00,191000.0,192800.0,187900.0,192400.0,2700590.0,191285.90625,000660,True,
2025-03-10 00:00:00,187500.0,191500.0,187300.0,187900.0,2441476.0,186811.96875,000660,True,
2025-03-11 00:00:00,182100.0,189000.0,181300.0,187800.0,3521800.0,186712.546875,000660,True,
2025-03-12 00:00:00,192400.0,199350.0,189700.0,198900.0,4064278.0,197748.265625,000660,True,
2025-03-13 00:00:00,202500.0,204500.0,195500.0,199700.0,3883033.0,198543.640625,000660,True,
2025-03-14 00:00:00,198500.0,206000.0,198500.0,204500.0,3397462.0,203315.84375,000660,True,
2025-03-17 00:00:00,207000.0,209500.0,203500.0,206000.0,2584679.0,204807.15625,000660,True,
2025-03-18 00:00:00,208500.0,209000.0,201000.0,203000.0,2696191.0,201824.53125,000660,True,
2025-03-19 00:00:00,202000.0,209500.0,201000.0,205500.0,3102000.0,204310.046875,000660,True,
2025-03-20 00:00:00,207000.0,211000.0,205500.0,210000.0,2779557.0,208784.015625,000660,True,
2025-03-21 00:00:00,213500.0,219500.0,212000.0,215500.0,5731880.0,214252.15625,000660,True,
2025-03-24 00:00:00,211500.0,214500.0,209500.0,211500.0,1611040.0,210275.296875,000660,True,
2025-03-25 00:00:00,214500.0,215500.0,208000.0,208000.0,2262656.0,206795.5625,000660,True,
2025-03-26 00:00:00,209000.0,215500.0,208500.0,214000.0,2058540.0,212760.84375,000660,True,
2025-03-27 00:00:00,208000.0,212000.0,206500.0,207000.0,2287220.0,205801.375,000660,True,
2025-03-28 00:00:00,203000.0,204500.0,198900.0,199300.0,2673553.0,198145.953125,000660,True,
2025-03-31 00:00:00,193500.0,195500.0,190500.0,190700.0,4561715.0,189595.75,000660,True,
2025-04-01 00:00:00,193600.0,198500.0,192000.0,197000.0,2317253.0,195859.28125,000660,True,
2025-04-02 00:00:00,198800.0,201500.0,197300.0,197900.0,2764223.0,196754.0625,000660,True,
2025-04-03 00:00:00,189600.0,194600.0,188200.0,194600.0,4177747.0,193473.171875,000660,True,
2025-04-04 00:00:00,187900.0,189600.0,178400.0,182200.0,9182017.0,181144.984375,000660,True,
2025-04-07 00:00:00,168000.0,172800.0,164800.0,164800.0,7879050.0,163845.734375,000660,True,
2025-04-08 00:00:00,172000.0,173100.0,168200.0,169500.0,4965171.0,168518.515625,000660,True,
2025-04-09 00:00:00,170000.0,170000.0,162700.0,165000.0,8035679.0,164044.578125,000660,True,
2025-04-10 00:00:00,189700.0,189900.0,180000.0,183200.0,7836984.0,182139.1875,000660,True,
2025-04-11 00:00:00,177800.0,181800.0,176100.0,180800.0,3223735.0,179753.09375,000660,True,
2025-04-14 00:00:00,182900.0,184400.0,178000.0,180200.0,3466194.0,179156.546875,000660,True,
2025-04-15 00:00:00,180200.0,182400.0,179700.0,180600.0,1915455.0,179554.234375,000660,True,
2025-04-16 00:00:00,176500.0,177500.0,173500.0,174000.0,2933428.0,172992.453125,000660,True,
2025-04-17 00:00:00,172100.0,175400.0,171800.0,175000.0,2989493.0,173986.671875,000660,True,
2025-04-18 00:00:00,174000.0,175500.0,172800.0,175000.0,1305152.0,173986.671875,000660,True,
2025-04-21 00:00:00,174800.0,180000.0,174500.0,176600.0,1877473.0,175577.390625,000660,True,
2025-04-22 00:00:00,175000.0,175500.0,173300.0,173800.0,2008388.0,172793.609375,000660,True,
2025-04-23 00:00:00,179100.0,181600.0,178100.0,181000.0,3857373.0,179951.921875,000660,True,
2025-04-24 00:00:00,182800.0,183400.0,177600.0,178300.0,3162156.0,177267.5625,000660,True,
2025-04-25 00:00:00,182500.0,184900.0,182100.0,184400.0,3507810.0,183332.21875,000660,True,
2025-04-28 00:00:00,183500.0,183900.0,179700.0,182000.0,2455710.0,180946.125,000660,True,
2025-04-29 00:00:00,182000.0,182900.0,179100.0,180800.0,1866386.0,179753.09375,000660,True,
2025-04-30 00:00:00,179100.0,180000.0,176700.0,177500.0,2354473.0,176472.1875,000660,True,
2025-05-02 00:00:00,179400.0,186200.0,178400.0,186000.0,3886874.0,184922.96875,000660,True,
2025-05-07 00:00:00,187700.0,191500.0,185900.0,190800.0,3830097.0,189695.1875,000660,True,
2025-05-08 00:00:00,196000.0,196000.0,189400.0,190300.0,5125330.0,189198.078125,000660,True,
2025-05-09 00:00:00,192000.0,192800.0,186800.0,190100.0,2539822.0,188999.234375,000660,True,
2025-05-12 00:00:00,193600.0,195200.0,193500.0,195000.0,1624884.0,193870.859375,000660,True,
2025-05-13 00:00:00,200500.0,201500.0,197300.0,198500.0,3385009.0,197350.578125,000660,True,
2025-05-14 00:00:00,207000.0,207000.0,204000.0,206000.0,3333511.0,204807.15625,000660,True,
2025-05-15 00:00:00,207500.0,208000.0,199500.0,200500.0,3178957.0,199339.015625,000660,True,
2025-05-16 00:00:00,206000.0,206750.0,203500.0,204500.0,2419507.0,203315.84375,000660,True,
2025-05-19 00:00:00,203000.0,203000.0,197500.0,199400.0,2482673.0,198245.375,000660,True,
2025-05-20 00:00:00,202500.0,208000.0,201500.0,202000.0,2820546.0,200830.328125,000660,True,
2025-05-21 00:00:00,204500.0,205000.0,199900.0,200500.0,1721760.0,199339.015625,000660,True,
2025-05-22 00:00:00,199900.0,201500.0,196500.0,196900.0,1988587.0,195759.859375,000660,True,
2025-05-23 00:00:00,199900.0,201500.0,198700.0,200000.0,1538701.0,198841.90625,000660,True,
2025-05-26 00:00:00,200000.0,203500.0,196900.0,203000.0,1459997.0,201824.53125,000660,True,
2025-05-27 00:00:00,200500.0,203500.0,200000.0,202500.0,1424916.0,201327.4375,000660,True,
2025-05-28 00:00:00,206500.0,209500.0,206000.0,208000.0,3161188.0,206795.5625,000660,True,
2025-05-29 00:00:00,214500.0,214500.0,207500.0,212000.0,3827689.0,211153.109375,000660,True,
2025-05-30 00:00:00,210000.0,210000.0,203000.0,204500.0,4826628.0,203683.0625,000660,True,
2025-06-02 00:00:00,205000.0,208500.0,203000.0,207500.0,1775752.0,206671.078125,000660,True,
2025-06-04 00:00:00,218000.0,223000.0,216500.0,217500.0,5108674.0,216631.125,000660,True,
2025-06-05 00:00:00,225500.0,230000.0,222000.0,224500.0,5768506.0,223603.15625,000660,True,
2025-06-09 00:00:00,233000.0,233500.0,228000.0,229000.0,3666084.0,228085.1875,000660,True,
2025-06-10 00:00:00,231000.0,232500.0,227500.0,230500.0,3718655.0,229579.1875,000660,True,
2025-06-11 00:00:00,236000.0,241000.0,235000.0,240000.0,4230421.0,239041.234375,000660,True,
2025-06-12 00:00:00,242500.0,246500.0,235000.0,235500.0,4994238.0,234559.21875,000660,True,
2025-06-13 00:00:00,240500.0,243000.0,233750.0,235500.0,4100610.0,234559.21875,000660,True,
2025-06-16 00:00:00,238000.0,248500.0,238000.0,248000.0,3760740.0,247009.28125,000660,True,
2025-06-17 00:00:00,253000.0,260000.0,248000.0,249000.0,5044669.0,248005.296875,000660,True,
2025-06-18 00:00:00,245500.0,252000.0,245000.0,246500.0,4081001.0,245515.28125,000660,True,
2025-06-19 00:00:00,247000.0,250000.0,242000.0,246000.0,2317796.0,245017.265625,000660,True,
2025-06-20 00:00:00,249000.0,257000.0,247500.0,257000.0,3597877.0,255973.34375,000660,True,
2025-06-23 00:00:00,252500.0,263000.0,248500.0,259500.0,3398736.0,258463.34375,000660,True,
2025-06-24 00:00:00,270000.0,283000.0,269500.0,278500.0,5436312.0,277387.4375,000660,True,
2025-06-25 00:00:00,289000.0,291500.0,284000.0,286000.0,5466598.0,284857.46875,000660,True,
2025-06-26 00:00:00,294500.0,298500.0,287000.0,293000.0,5894020.0,291829.53125,000660,True,
2025-06-27 00:00:00,288000.0,294500.0,281000.0,284000.0,5134863.0,282865.46875,000660,True,
2025-06-30 00:00:00,288500.0,294500.0,286000.0,292000.0,4375298.0,290833.53125,000660,True,
2025-07-01 00:00:00,291000.0,294500.0,285500.0,285500.0,3687981.0,284359.46875,000660,True,
2025-07-02 00:00:00,283500.0,283500.0,274500.0,279000.0,4702056.0,277885.40625,000660,True,
2025-07-03 00:00:00,281000.0,284000.0,277000.0,278500.0,3642140.0,277387.4375,000660,True,
2025-07-04 00:00:00,279500.0,281500.0,269000.0,270500.0,3654933.0,269419.375,000660,True,
2025-07-07 00:00:00,266000.0,272000.0,264500.0,271000.0,2523564.0,269917.40625,000660,True,
2025-07-08 00:00:00,271000.0,285000.0,268500.0,282000.0,3119395.0,280873.46875,000660,True,
2025-07-09 00:00:00,282500.0,284000.0,277500.0,281000.0,2626484.0,279877.46875,000660,True,
2025-07-10 00:00:00,284000.0,297000.0,283500.0,297000.0,4556065.0,295813.53125,000660,True,
2025-07-11 00:00:00,299500.0,306500.0,292000.0,294500.0,3732533.0,293323.5,000660,True,
2025-07-14 00:00:00,292500.0,302500.0,292500.0,300000.0,2936976.0,298801.5625,000660,True,
2025-07-15 00:00:00,296000.0,298500.0,290000.0,298500.0,4196196.0,297307.5625,000660,True,
2025-07-16 00:00:00,298500.0,299500.0,292500.0,296000.0,3123297.0,294817.53125,000660,True,
2025-07-17 00:00:00,283500.0,289500.0,268000.0,269500.0,9328322.0,268423.375,000660,True,
2025-07-18 00:00:00,270000.0,275000.0,267000.0,269000.0,5359504.0,267925.375,000660,True,
2025-07-21 00:00:00,267500.0,274500.0,266500.0,272500.0,2424891.0,271411.40625,000660,True,
2025-07-22 00:00:00,273000.0,273500.0,267000.0,268500.0,3139858.0,267427.40625,000660,True,
2025-07-23 00:00:00,267500.0,271000.0,264500.0,269000.0,3116279.0,267925.375,000660,True,
2025-07-24 00:00:00,277000.0,279000.0,269000.0,269500.0,3667144.0,268423.375,000660,True,
2025-07-25 00:00:00,273000.0,275000.0,265500.0,266000.0,2171063.0,264937.375,000660,True,
2025-07-28 00:00:00,261000.0,265500.0,258500.0,262000.0,2877357.0,260953.375,000660,True,
2025-07-29 00:00:00,254500.0,265000.0,254500.0,262500.0,2944177.0,261451.34375,000660,True,
2025-07-30 00:00:00,263000.0,266000.0,260500.0,263500.0,2482807.0,262447.34375,000660,True,
2025-07-31 00:00:00,271000.0,274000.0,265500.0,273500.0,3472644.0,272407.40625,000660,True,
2025-08-01 00:00:00,266000.0,267000.0,257000.0,258000.0,3227394.0,256969.34375,000660,True,
2025-08-04 00:00:00,254500.0,260000.0,254000.0,258000.0,2281558.0,256969.34375,000660,True,
2025-08-05 00:00:00,264000.0,264500.0,260500.0,263500.0,2118171.0,262447.34375,000660,True,
2025-08-06 00:00:00,260500.0,260500.0,257500.0,258500.0,1374559.0,257467.328125,000660,True,
2025-08-07 00:00:00,258000.0,263000.0,250000.0,262000.0,2724438.0,260953.375,000660,True,
2025-08-08 00:00:00,262000.0,266000.0,255500.0,256500.0,2676174.0,255475.34375,000660,True,
2025-08-11 00:00:00,260500.0,267500.0,260000.0,267000.0,2415473.0,265933.375,000660,True,
2025-08-12 00:00:00,268000.0,276000.0,267500.0,269000.0,3008648.0,267925.375,000660,True,
2025-08-13 00:00:00,278000.0,279000.0,274000.0,278000.0,3472694.0,276889.40625,000660,True,
2025-08-14 00:00:00,277500.0,277500.0,270500.0,276500.0,2101050.0,275395.46875,000660,True,
2025-08-18 00:00:00,272000.0,272000.0,267000.0,267500.0,1993220.0,266431.40625,000660,True,
2025-08-19 00:00:00,268500.0,270000.0,261500.0,263000.0,1709646.0,261949.359375,000660,True,
2025-08-20 00:00:00,254500.0,257000.0,251000.0,255500.0,3571545.0,254479.3125,000660,True,
2025-08-21 00:00:00,246500.0,251000.0,245000.0,245000.0,6301130.0,244021.265625,000660,True,
2025-08-22 00:00:00,245500.0,252500.0,245500.0,251000.0,3064062.0,249997.28125,000660,True,
2025-08-25 00:00:00,256000.0,261500.0,254000.0,259500.0,3183709.0,258463.34375,000660,True,
2025-08-26 00:00:00,259500.0,262500.0,257000.0,261500.0,2050625.0,260455.34375,000660,True,
2025-08-27 00:00:00,259000.0,261000.0,256000.0,260000.0,2801594.0,258961.34375,000660,True,
2025-08-28 00:00:00,254000.0,268500.0,253000.0,268500.0,3836024.0,267813.65625,000660,True,
2025-08-29 00:00:00,268000.0,270000.0,266000.0,269000.0,1892127.0,268312.375,000660,True,
2025-09-01 00:00:00,259500.0,261000.0,255000.0,256000.0,1837054.0,255345.609375,000660,True,
2025-09-02 00:00:00,256000.0,261500.0,256000.0,260500.0,1584710.0,259834.109375,000660,True,
2025-09-03 00:00:00,259500.0,265500.0,257750.0,262500.0,2437896.0,261828.984375,000660,True,
2025-09-04 00:00:00,267000.0,271000.0,264500.0,265500.0,2189959.0,264821.34375,000660,True,
2025-09-05 00:00:00,273000.0,275000.0,272000.0,273500.0,3103427.0,272800.875,000660,True,
2025-09-08 00:00:00,278500.0,279000.0,274000.0,277000.0,2018299.0,276291.9375,000660,True,
2025-09-09 00:00:00,278000.0,288500.0,277000.0,288000.0,4158342.0,287263.8125,000660,True,
2025-09-10 00:00:00,294500.0,305000.0,293000.0,304000.0,5265553.0,303222.90625,000660,True,
2025-09-11 00:00:00,310000.0,315000.0,305500.0,307000.0,5148088.0,306215.25,000660,True,
2025-09-12 00:00:00,322000.0,329500.0,319000.0,328500.0,4242516.0,327660.28125,000660,True,
2025-09-15 00:00:00,339500.0,341500.0,325000.0,331000.0,4221256.0,330153.90625,000660,True,
2025-09-16 00:00:00,331500.0,354000.0,331500.0,348000.0,5841135.0,347110.4375,000660,True,
2025-09-17 00:00:00,341000.0,342500.0,333500.0,333500.0,4498866.0,332647.5,000660,True,
2025-09-18 00:00:00,338500.0,357000.0,336500.0,355500.0,4526286.0,354591.28125,000660,True,
2025-09-22 00:00:00,349000.0,359000.0,345250.0,351000.0,4377563.0,350102.78125,000660,True,
2025-09-23 00:00:00,355500.0,363000.0,353000.0,361000.0,3315336.0,360077.21875,000660,True,
2025-09-24 00:00:00,359000.0,364000.0,348500.0,357500.0,4165199.0,356586.15625,000660,True,
2025-09-25 00:00:00,352000.0,359000.0,349500.0,356500.0,2148215.0,355588.71875,000660,True,
2025-09-26 00:00:00,347500.0,349000.0,333000.0,336500.0,3685324.0,335639.84375,000660,True,
2025-09-29 00:00:00,339500.0,351000.0,339000.0,349000.0,2275986.0,348107.875,000660,True,
2025-09-30 00:00:00,353000.0,356500.0,347500.0,347500.0,2238614.0,346611.71875,000660,True,
2025-10-01 00:00:00,351000.0,362000.0,351000.0,360000.0,2802437.0,359079.75,000660,True,
2025-10-02 00:00:00,388500.0,404500.0,384000.0,395500.0,7430763.0,394489.0,000660,True,
2025-10-10 00:00:00,426000.0,439250.0,416500.0,428000.0,6835852.0,426905.9375,000660,True,
2025-10-13 00:00:00,405500.0,415500.0,403000.0,415000.0,4356534.0,413939.1875,000660,True,
2025-10-14 00:00:00,425000.0,436500.0,406500.0,411500.0,4101275.0,410448.125,000660,True,
2025-10-15 00:00:00,410500.0,424000.0,407000.0,422500.0,2688019.0,421420.0,000660,True,
2025-10-16 00:00:00,421000.0,455000.0,420500.0,452500.0,4247934.0,451343.3125,000660,True,
2025-10-17 00:00:00,451500.0,475000.0,449500.0,465500.0,4541583.0,464310.09375,000660,True,
2025-10-20 00:00:00,477500.0,485500.0,465500.0,485500.0,3333903.0,484258.96875,000660,True,
2025-10-21 00:00:00,497000.0,502000.0,478000.0,479000.0,4126858.0,477775.5625,000660,True,
2025-10-22 00:00:00,475000.0,482000.0,469000.0,481500.0,3870276.0,480269.1875,000660,True,
2025-10-23 00:00:00,470000.0,488500.0,468000.0,478500.0,3583993.0,477276.875,000660,True,
2025-10-24 00:00:00,493000.0,513000.0,491500.0,510000.0,4254202.0,508696.34375,000660,True,
2025-10-27 00:00:00,533000.0,537000.0,523000.0,535000.0,3381231.0,533632.4375,000660,True,
2025-10-28 00:00:00,521000.0,527000.0,509000.0,521000.0,5659008.0,519668.21875,000660,True,
2025-10-29 00:00:00,538000.0,559000.0,523000.0,558000.0,4803031.0,556573.625,000660,True,
2025-10-30 00:00:00,558000.0,579000.0,552000.0,568000.0,4888461.0,566548.0625,000660,True,
2025-10-31 00:00:00,557000.0,566000.0,552000.0,559000.0,3351809.0,557571.0625,000660,True,
2025-11-03 00:00:00,557000.0,624000.0,555000.0,620000.0,5787058.0,618415.1875,000660,True,
2025-11-04 00:00:00,611000.0,614000.0,583000.0,586000.0,5969769.0,584502.0625,000660,True,
2025-11-05 00:00:00,563000.0,587000.0,532000.0,579000.0,8976222.0,577519.9375,000660,True,
2025-11-06 00:00:00,602000.0,607000.0,583000.0,593000.0,5321244.0,591484.1875,000660,True,
2025-11-07 00:00:00,577000.0,599000.0,565000.0,580000.0,4789397.0,578517.4375,000660,True,
2025-11-10 00:00:00,584000.0,615000.0,581000.0,606000.0,4893645.0,604450.9375,000660,True,
2025-11-11 00:00:00,622000.0,646000.0,604000.0,619000.0,5508697.0,617417.6875,000660,True,
2025-11-12 00:00:00,605000.0,620000.0,601000.0,617000.0,2831484.0,615422.8125,000660,True,
2025-11-13 00:00:00,607000.0,622000.0,607000.0,612000.0,3875541.0,610435.625,000660,True,
2025-11-14 00:00:00,579000.0,585000.0,560000.0,560000.0,5778374.0,558568.5625,000660,True,
2025-11-17 00:00:00,588000.0,606000.0,584000.0,606000.0,4470947.0,604450.9375,000660,True,
2025-11-18 00:00:00,583000.0,591000.0,570000.0,570000.0,3544391.0,568542.9375,000660,True,
2025-11-19 00:00:00,563000.0,570000.0,546000.0,562000.0,4529736.0,560563.4375,000660,True,
2025-11-20 00:00:00,595000.0,597000.0,570000.0,571000.0,4670237.0,569540.4375,000660,True,
2025-11-21 00:00:00,518000.0,531000.0,514000.0,521000.0,6646712.0,519668.21875,000660,True,
2025-11-24 00:00:00,531000.0,542000.0,517000.0,520000.0,6399162.0,518670.78125,000660,True,
2025-11-25 00:00:00,546000.0,550000.0,518000.0,519000.0,3716730.0,517673.34375,000660,True,
2025-11-26 00:00:00,513000.0,528000.0,501000.0,524000.0,5127393.0,522660.5625,000660,True,
2025-11-27 00:00:00,535000.0,556000.0,533000.0,544000.0,3654092.0,542998.0625,000660,True,
2025-11-28 00:00:00,551000.0,552000.0,530000.0,530000.0,2680138.0,529023.8125,000660,True,
2025-12-01 00:00:00,542000.0,545000.0,525000.0,538000.0,3134704.0,537009.0625,000660,True,
2025-12-02 00:00:00,548000.0,559000.0,542000.0,558000.0,2686580.0,556972.25,000660,True,
2025-12-03 00:00:00,550000.0,559000.0,544000.0,552000.0,2586619.0,550983.3125,000660,True,
2025-12-04 00:00:00,542000.0,543000.0,532000.0,542000.0,2858305.0,541001.75,000660,True,
2025-12-05 00:00:00,530000.0,546000.0,527000.0,544000.0,3204933.0,542998.0625,000660,True,
2025-12-08 00:00:00,543000.0,580000.0,533000.0,577000.0,4288433.0,575937.25,000660,True,
2025-12-09 00:00:00,569000.0,575000.0,564000.0,566000.0,2391174.0,564957.5,000660,True,
2025-12-10 00:00:00,571000.0,593000.0,570000.0,587000.0,3986083.0,585918.8125,000660,True,
2025-12-11 00:00:00,583000.0,589000.0,565000.0,565000.0,4021907.0,563959.375,000660,True,
2025-12-12 00:00:00,565000.0,579000.0,560000.0,571000.0,2646148.0,569948.3125,000660,True,
2025-12-15 00:00:00,535000.0,563500.0,535000.0,554000.0,2482125.0,552979.625,000660,True,
2025-12-16 00:00:00,545000.0,551000.0,530000.0,530000.0,3287998.0,529023.8125,000660,True,
2025-12-17 00:00:00,530000.0,554000.0,525000.0,551000.0,2692626.0,549985.125,000660,True,
2025-12-18 00:00:00,538000.0,563000.0,537000.0,552000.0,2959059.0,550983.3125,000660,True,
2025-12-19 00:00:00,569000.0,570000.0,547000.0,547000.0,3440005.0,545992.5,000660,True,
2025-12-22 00:00:00,574000.0,580000.0,567000.0,580000.0,2878464.0,578931.75,000660,True,
2025-12-23 00:00:00,585000.0,593000.0,581000.0,584000.0,2011188.0,582924.375,000660,True,
2025-12-24 00:00:00,587000.0,591000.0,584000.0,588000.0,2160697.0,586917.0,000660,True,
2025-12-26 00:00:00,594000.0,605000.0,590000.0,599000.0,4243548.0,597896.75,000660,True,
2025-12-29 00:00:00,630000.0,640000.0,625000.0,640000.0,4176151.0,638821.25,000660,True,
2025-12-30 00:00:00,639000.0,659000.0,634000.0,651000.0,4094603.0,649800.9375,000660,True,
2026-04-22 09:05:00,1224000.0,1224000.0,1224000.0,1224000.0,0.0,,000660,,
2026-04-22 09:10:00,1224000.0,1224000.0,1224000.0,1224000.0,0.0,,000660,,
2026-04-22 09:15:00,1224000.0,1224000.0,1224000.0,1224000.0,0.0,,000660,,
2026-04-22 09:20:00,1224000.0,1224000.0,1224000.0,1224000.0,0.0,,000660,,
2026-04-22 09:25:00,1224000.0,1224000.0,1224000.0,1224000.0,0.0,,000660,,
2026-04-22 09:30:00,1224000.0,1224000.0,1224000.0,1224000.0,0.0,,000660,,
2026-04-22 11:35:00,1224000.0,1224000.0,1224000.0,1224000.0,0.0,,000660,,
2026-04-22 11:40:00,1224000.0,1224000.0,1224000.0,1224000.0,0.0,,000660,,
2026-04-22 11:45:00,1224000.0,1224000.0,1224000.0,1224000.0,0.0,,000660,,
2026-04-22 11:50:00,1224000.0,1224000.0,1224000.0,1224000.0,0.0,,000660,,
2026-04-22 11:55:00,1224000.0,1224000.0,1224000.0,1224000.0,0.0,,000660,,
2026-04-22 12:00:00,1224000.0,1224000.0,1224000.0,1224000.0,0.0,,000660,,
2026-04-22 15:05:00,1224000.0,1224000.0,1224000.0,1224000.0,0.0,,000660,,
2026-04-22 15:10:00,1224000.0,1224000.0,1224000.0,1224000.0,0.0,,000660,,
2026-04-22 15:15:00,1224000.0,1224000.0,1224000.0,1224000.0,0.0,,000660,,
2026-04-22 15:20:00,1224000.0,1224000.0,1224000.0,1224000.0,0.0,,000660,,
2026-04-22 15:25:00,1224000.0,1224000.0,1224000.0,1224000.0,0.0,,000660,,
2026-04-22 15:30:00,1224000.0,1224000.0,1224000.0,1224000.0,0.0,,000660,,
2025-01-02 00:00:00,212000.0,216000.0,210500.0,211500.0,437773.0,197465.796875,005380,True,
2025-01-03 00:00:00,211500.0,215000.0,211000.0,213000.0,456107.0,198866.265625,005380,True,
2025-01-06 00:00:00,213000.0,213500.0,207000.0,211500.0,782307.0,197465.796875,005380,True,
2025-01-07 00:00:00,211500.0,214000.0,210500.0,211000.0,511955.0,196999.0,005380,True,
2025-01-08 00:00:00,209500.0,215500.0,209000.0,213500.0,603411.0,199333.09375,005380,True,
2025-01-09 00:00:00,215000.0,219500.0,213000.0,213000.0,866529.0,198866.265625,005380,True,
2025-01-10 00:00:00,215000.0,227000.0,215000.0,226000.0,1951806.0,211003.640625,005380,True,
2025-01-13 00:00:00,225500.0,226000.0,218500.0,220000.0,867629.0,205401.765625,005380,True,
2025-01-14 00:00:00,221000.0,224500.0,219500.0,222000.0,547856.0,207269.0625,005380,True,
2025-01-15 00:00:00,222000.0,224000.0,220500.0,220500.0,492913.0,205868.609375,005380,True,
2025-01-16 00:00:00,223000.0,224000.0,218000.0,219000.0,435312.0,204468.140625,005380,True,
2025-01-17 00:00:00,217500.0,218000.0,211000.0,211500.0,813817.0,197465.796875,005380,True,
2025-01-20 00:00:00,211000.0,212000.0,207500.0,208500.0,571176.0,194664.875,005380,True,
2025-01-21 00:00:00,210500.0,213000.0,206500.0,206500.0,833996.0,192797.5625,005380,True,
2025-01-22 00:00:00,207500.0,210000.0,206500.0,208500.0,832710.0,194664.875,005380,True,
2025-01-23 00:00:00,208000.0,213500.0,205500.0,209000.0,1032782.0,195131.6875,005380,True,
2025-01-24 00:00:00,208000.0,208500.0,203000.0,205000.0,1077548.0,191397.09375,005380,True,
2025-01-31 00:00:00,204500.0,207500.0,200000.0,206000.0,986621.0,192330.75,005380,True,
2025-02-03 00:00:00,201000.0,203500.0,200000.0,202000.0,911137.0,188596.1875,005380,True,
2025-02-04 00:00:00,205000.0,208500.0,201000.0,201000.0,841947.0,187662.53125,005380,True,
2025-02-05 00:00:00,201500.0,206500.0,201000.0,204500.0,710413.0,190930.28125,005380,True,
2025-02-06 00:00:00,206000.0,207000.0,203000.0,203500.0,605308.0,189996.640625,005380,True,
2025-02-07 00:00:00,203500.0,204500.0,200000.0,200500.0,834221.0,187195.71875,005380,True,
2025-02-10 00:00:00,199500.0,201000.0,197700.0,199400.0,992303.0,186168.6875,005380,True,
2025-02-11 00:00:00,199500.0,202500.0,198500.0,199400.0,842452.0,186168.6875,005380,True,
2025-02-12 00:00:00,199000.0,200500.0,198100.0,198100.0,567219.0,184954.96875,005380,True,
2025-02-13 00:00:00,202500.0,210000.0,202000.0,208500.0,1493929.0,194664.875,005380,True,
2025-02-14 00:00:00,208000.0,210000.0,205500.0,206000.0,823619.0,192330.75,005380,True,
2025-02-17 00:00:00,201000.0,202500.0,199500.0,199800.0,894545.0,186542.15625,005380,True,
2025-02-18 00:00:00,200000.0,201500.0,198900.0,200500.0,560363.0,187195.71875,005380,True,
2025-02-19 00:00:00,198900.0,204500.0,198800.0,204000.0,854114.0,190463.453125,005380,True,
2025-02-20 00:00:00,202500.0,204000.0,201500.0,203000.0,354026.0,189529.8125,005380,True,
2025-02-21 00:00:00,209000.0,211000.0,204000.0,206000.0,713842.0,192330.75,005380,True,
2025-02-24 00:00:00,204000.0,207000.0,203500.0,207000.0,497135.0,193264.375,005380,True,
2025-02-25 00:00:00,205000.0,205000.0,202000.0,202500.0,651155.0,189062.984375,005380,True,
2025-02-26 00:00:00,203500.0,207000.0,203000.0,205000.0,750341.0,191397.09375,005380,True,
2025-02-27 00:00:00,200500.0,201000.0,199300.0,200500.0,890406.0,192839.796875,005380,True,
2025-02-28 00:00:00,198600.0,198800.0,193000.0,193000.0,1187503.0,185626.328125,005380,True,
2025-03-04 00:00:00,190000.0,195100.0,189200.0,190300.0,592292.0,183029.5,005380,True,
2025-03-05 00:00:00,191800.0,197000.0,191800.0,194700.0,798748.0,187261.390625,005380,True,
2025-03-06 00:00:00,199200.0,201000.0,196500.0,197600.0,659716.0,190050.59375,005380,True,
2025-03-07 00:00:00,194800.0,197200.0,194100.0,196600.0,574321.0,189088.796875,005380,True,
2025-03-10 00:00:00,196600.0,198600.0,195200.0,197400.0,318730.0,189858.234375,005380,True,
2025-03-11 00:00:00,194500.0,196000.0,192700.0,195600.0,456616.0,188127.0,005380,True,
2025-03-12 00:00:00,195800.0,198200.0,195000.0,198200.0,351293.0,190627.671875,005380,True,
2025-03-13 00:00:00,199300.0,201000.0,196200.0,201000.0,578677.0,193320.6875,005380,True,
2025-03-14 00:00:00,199800.0,200500.0,197500.0,198500.0,473953.0,190916.203125,005380,True,
2025-03-17 00:00:00,198400.0,199000.0,195300.0,199000.0,369290.0,191397.09375,005380,True,
2025-03-18 00:00:00,199500.0,202000.0,199300.0,200500.0,505699.0,192839.796875,005380,True,
2025-03-19 00:00:00,201000.0,204000.0,199000.0,204000.0,520541.0,196206.0625,005380,True,
2025-03-20 00:00:00,204500.0,205000.0,201500.0,202500.0,635938.0,194763.375,005380,True,
2025-03-21 00:00:00,201500.0,205000.0,201000.0,205000.0,552626.0,197167.859375,005380,True,
2025-03-24 00:00:00,204500.0,216000.0,203500.0,213000.0,1212302.0,204862.21875,005380,True,
2025-03-25 00:00:00,228500.0,229000.0,218500.0,220000.0,2097056.0,211594.78125,005380,True,
2025-03-26 00:00:00,224000.0,227500.0,220500.0,222000.0,1220193.0,213518.375,005380,True,
2025-03-27 00:00:00,215000.0,216500.0,212000.0,212500.0,1027562.0,204381.328125,005380,True,
2025-03-28 00:00:00,208000.0,209500.0,202500.0,205000.0,1003500.0,197167.859375,005380,True,
2025-03-31 00:00:00,199900.0,201000.0,196800.0,197200.0,936571.0,189665.875,005380,True,
2025-04-01 00:00:00,199000.0,200500.0,196100.0,198600.0,641043.0,191012.390625,005380,True,
2025-04-02 00:00:00,198800.0,199100.0,195800.0,196300.0,615215.0,188800.265625,005380,True,
2025-04-03 00:00:00,191000.0,194500.0,189100.0,193800.0,954824.0,186395.765625,005380,True,
2025-04-04 00:00:00,191300.0,196500.0,189600.0,191800.0,810211.0,184472.1875,005380,True,
2025-04-07 00:00:00,184700.0,185300.0,178900.0,179100.0,1244441.0,172257.390625,005380,True,
2025-04-08 00:00:00,181400.0,183800.0,177500.0,179200.0,1082825.0,172353.5625,005380,True,
2025-04-09 00:00:00,177500.0,180900.0,177300.0,178000.0,689621.0,171199.421875,005380,True,
2025-04-10 00:00:00,191700.0,192900.0,186500.0,187000.0,1426032.0,179855.5625,005380,True,
2025-04-11 00:00:00,181800.0,183000.0,175800.0,177500.0,1647599.0,170718.515625,005380,True,
2025-04-14 00:00:00,178400.0,180300.0,177500.0,179300.0,536959.0,172449.75,005380,True,
2025-04-15 00:00:00,185400.0,189200.0,183700.0,187000.0,1052017.0,179855.5625,005380,True,
2025-04-16 00:00:00,185200.0,186400.0,181300.0,181700.0,593391.0,174758.0625,005380,True,
2025-04-17 00:00:00,182600.0,184600.0,181500.0,181700.0,522233.0,174758.0625,005380,True,
2025-04-18 00:00:00,182800.0,188300.0,181200.0,187200.0,664774.0,180047.9375,005380,True,
2025-04-21 00:00:00,187500.0,188800.0,185500.0,187300.0,352360.0,180144.109375,005380,True,
2025-04-22 00:00:00,186100.0,187700.0,185200.0,185600.0,392723.0,178509.0625,005380,True,
2025-04-23 00:00:00,188900.0,190400.0,187400.0,190000.0,607448.0,182740.953125,005380,True,
2025-04-24 00:00:00,191100.0,191200.0,186500.0,188900.0,642753.0,181682.96875,005380,True,
2025-04-25 00:00:00,191000.0,191000.0,188600.0,188800.0,528739.0,181586.8125,005380,True,
2025-04-28 00:00:00,188100.0,190100.0,187000.0,189000.0,450993.0,181779.171875,005380,True,
2025-04-29 00:00:00,192700.0,194000.0,189700.0,192800.0,594224.0,185433.96875,005380,True,
2025-04-30 00:00:00,192700.0,193300.0,190200.0,190600.0,429791.0,183318.015625,005380,True,
2025-05-02 00:00:00,190200.0,190500.0,188200.0,189400.0,464020.0,182163.859375,005380,True,
2025-05-07 00:00:00,191400.0,191400.0,186500.0,187600.0,666181.0,180432.65625,005380,True,
2025-05-08 00:00:00,187600.0,188900.0,187100.0,187100.0,543972.0,179951.75,005380,True,
2025-05-09 00:00:00,191200.0,193400.0,189500.0,189900.0,514047.0,182644.765625,005380,True,
2025-05-12 00:00:00,191900.0,195800.0,191400.0,195800.0,569602.0,188319.359375,005380,True,
2025-05-13 00:00:00,197400.0,198000.0,195100.0,196700.0,462830.0,189184.96875,005380,True,
2025-05-14 00:00:00,197200.0,198300.0,194300.0,197100.0,557318.0,189569.6875,005380,True,
2025-05-15 00:00:00,195200.0,196900.0,192200.0,192900.0,469355.0,185530.171875,005380,True,
2025-05-16 00:00:00,193300.0,194700.0,193000.0,193800.0,311743.0,186395.765625,005380,True,
2025-05-19 00:00:00,193000.0,193000.0,190000.0,191000.0,378893.0,183702.75,005380,True,
2025-05-20 00:00:00,192800.0,194100.0,189500.0,189500.0,422756.0,182260.0625,005380,True,
2025-05-21 00:00:00,189500.0,190350.0,187400.0,188000.0,558502.0,180817.359375,005380,True,
2025-05-22 00:00:00,187000.0,187000.0,181900.0,182400.0,982354.0,175431.3125,005380,True,
2025-05-23 00:00:00,182400.0,182500.0,179300.0,179900.0,829741.0,173026.828125,005380,True,
2025-05-26 00:00:00,180100.0,183000.0,179700.0,181900.0,623947.0,174950.421875,005380,True,
2025-05-27 00:00:00,180700.0,181900.0,180300.0,181900.0,502985.0,174950.421875,005380,True,
2025-05-28 00:00:00,182400.0,186300.0,182400.0,185900.0,611926.0,178797.59375,005380,True,
2025-05-29 00:00:00,189600.0,193000.0,186300.0,191000.0,1093538.0,186206.875,005380,True,
2025-05-30 00:00:00,187400.0,187500.0,185300.0,185300.0,781444.0,180649.921875,005380,True,
2025-06-02 00:00:00,184600.0,185500.0,183100.0,184000.0,538182.0,179382.546875,005380,True,
2025-06-04 00:00:00,185100.0,186500.0,184100.0,186000.0,577325.0,181332.359375,005380,True,
2025-06-05 00:00:00,186000.0,193000.0,186000.0,189600.0,797915.0,184842.015625,005380,True,
2025-06-09 00:00:00,192900.0,198400.0,192300.0,197800.0,1665140.0,192836.21875,005380,True,
2025-06-10 00:00:00,201000.0,201500.0,195800.0,197000.0,998951.0,192056.3125,005380,True,
2025-06-11 00:00:00,199100.0,201500.0,199000.0,201000.0,649618.0,195955.921875,005380,True,
2025-06-12 00:00:00,201500.0,204500.0,200500.0,201500.0,885521.0,196443.375,005380,True,
2025-06-13 00:00:00,199400.0,199800.0,196800.0,199000.0,933606.0,194006.125,005380,True,
2025-06-16 00:00:00,198300.0,202000.0,196200.0,201500.0,500547.0,196443.375,005380,True,
2025-06-17 00:00:00,202500.0,208000.0,200500.0,205000.0,950447.0,199855.546875,005380,True,
2025-06-18 00:00:00,202500.0,207000.0,200500.0,206000.0,575644.0,200830.46875,005380,True,
2025-06-19 00:00:00,209500.0,211500.0,205500.0,207000.0,538891.0,201805.375,005380,True,
2025-06-20 00:00:00,208000.0,210500.0,205500.0,210000.0,662635.0,204730.078125,005380,True,
2025-06-23 00:00:00,205500.0,206000.0,200500.0,201500.0,935001.0,196443.375,005380,True,
2025-06-24 00:00:00,206500.0,208000.0,203000.0,206000.0,718116.0,200830.46875,005380,True,
2025-06-25 00:00:00,206500.0,221500.0,206000.0,217000.0,1789517.0,211554.421875,005380,True,
2025-06-26 00:00:00,214500.0,215000.0,208000.0,209500.0,814616.0,204242.625,005380,True,
2025-06-27 00:00:00,211000.0,211000.0,203000.0,205000.0,764378.0,199855.546875,005380,True,
2025-06-30 00:00:00,204500.0,207000.0,203500.0,203500.0,492507.0,198393.203125,005380,True,
2025-07-01 00:00:00,204000.0,214500.0,203500.0,210000.0,1059697.0,204730.078125,005380,True,
2025-07-02 00:00:00,215000.0,218000.0,210000.0,213500.0,1058819.0,208142.25,005380,True,
2025-07-03 00:00:00,215000.0,217000.0,211500.0,214500.0,562758.0,209117.15625,005380,True,
2025-07-04 00:00:00,214500.0,216500.0,210000.0,210500.0,415693.0,205217.53125,005380,True,
2025-07-07 00:00:00,210000.0,210500.0,207000.0,208500.0,398058.0,203267.71875,005380,True,
2025-07-08 00:00:00,207000.0,211500.0,205500.0,211000.0,499225.0,205704.984375,005380,True,
2025-07-09 00:00:00,208500.0,209500.0,205500.0,209500.0,524731.0,204242.625,005380,True,
2025-07-10 00:00:00,210000.0,211500.0,205500.0,208000.0,719453.0,202780.265625,005380,True,
2025-07-11 00:00:00,209000.0,211500.0,207500.0,208000.0,592335.0,202780.265625,005380,True,
2025-07-14 00:00:00,208500.0,218000.0,208000.0,217000.0,1241993.0,211554.421875,005380,True,
2025-07-15 00:00:00,217000.0,217500.0,209500.0,211000.0,1111748.0,205704.984375,005380,True,
2025-07-16 00:00:00,211000.0,211000.0,207500.0,207500.0,492782.0,202292.8125,005380,True,
2025-07-17 00:00:00,208500.0,212000.0,205500.0,210000.0,611349.0,204730.078125,005380,True,
2025-07-18 00:00:00,210000.0,212500.0,208500.0,210500.0,317353.0,205217.53125,005380,True,
2025-07-21 00:00:00,209500.0,210500.0,208000.0,209000.0,460835.0,203755.15625,005380,True,
2025-07-22 00:00:00,209000.0,209500.0,204500.0,206500.0,441603.0,201317.921875,005380,True,
2025-07-23 00:00:00,213000.0,223000.0,213000.0,222000.0,2832242.0,216428.9375,005380,True,
2025-07-24 00:00:00,221000.0,225500.0,214500.0,217500.0,1417925.0,212041.875,005380,True,
2025-07-25 00:00:00,215000.0,221000.0,214000.0,216500.0,665815.0,211066.96875,005380,True,
2025-07-28 00:00:00,221500.0,222500.0,216000.0,218500.0,692799.0,213016.78125,005380,True,
2025-07-29 00:00:00,217500.0,218500.0,214000.0,218000.0,646415.0,212529.328125,005380,True,
2025-07-30 00:00:00,215500.0,228000.0,215500.0,223000.0,1239327.0,217403.84375,005380,True,
2025-07-31 00:00:00,233000.0,233000.0,212000.0,213000.0,2956498.0,207654.796875,005380,True,
2025-08-01 00:00:00,211000.0,215500.0,210000.0,210000.0,1083280.0,204730.078125,005380,True,
2025-08-04 00:00:00,210000.0,212500.0,207000.0,211000.0,651682.0,205704.984375,005380,True,
2025-08-05 00:00:00,213000.0,215000.0,209500.0,210500.0,480510.0,205217.53125,005380,True,
2025-08-06 00:00:00,209000.0,211500.0,208500.0,210500.0,385330.0,205217.53125,005380,True,
2025-08-07 00:00:00,213500.0,215000.0,211000.0,212500.0,421547.0,207167.328125,005380,True,
2025-08-08 00:00:00,212500.0,214000.0,211500.0,212500.0,440664.0,207167.328125,005380,True,
2025-08-11 00:00:00,213000.0,213500.0,211500.0,212500.0,298656.0,207167.328125,005380,True,
2025-08-12 00:00:00,212000.0,216000.0,211500.0,213000.0,347183.0,207654.796875,005380,True,
2025-08-13 00:00:00,215500.0,216000.0,214000.0,216000.0,377571.0,210579.5,005380,True,
2025-08-14 00:00:00,216000.0,219000.0,216000.0,217500.0,546695.0,212041.875,005380,True,
2025-08-18 00:00:00,217500.0,218000.0,215000.0,216500.0,405813.0,211066.96875,005380,True,
2025-08-19 00:00:00,216500.0,219000.0,215000.0,219000.0,442222.0,213504.234375,005380,True,
2025-08-20 00:00:00,218500.0,222000.0,217500.0,220500.0,784564.0,214966.578125,005380,True,
2025-08-21 00:00:00,221000.0,224500.0,220500.0,221500.0,601284.0,215941.484375,005380,True,
2025-08-22 00:00:00,222000.0,223500.0,219500.0,220000.0,401067.0,214479.125,005380,True,
2025-08-25 00:00:00,221500.0,222000.0,217500.0,222000.0,419600.0,216428.9375,005380,True,
2025-08-26 00:00:00,220500.0,222000.0,217500.0,218500.0,806670.0,213016.78125,005380,True,
2025-08-27 00:00:00,219000.0,221000.0,218500.0,220000.0,337163.0,214479.125,005380,True,
2025-08-28 00:00:00,218500.0,225000.0,218000.0,222000.0,734689.0,218916.625,005380,True,
2025-08-29 00:00:00,223000.0,224500.0,218500.0,220000.0,606655.0,216944.40625,005380,True,
2025-09-01 00:00:00,220500.0,223000.0,219000.0,220500.0,504672.0,217437.46875,005380,True,
2025-09-02 00:00:00,221000.0,221000.0,217000.0,220000.0,365383.0,216944.40625,005380,True,
2025-09-03 00:00:00,218500.0,223500.0,218500.0,221500.0,459718.0,218423.578125,005380,True,
2025-09-04 00:00:00,221000.0,221500.0,219500.0,221500.0,249504.0,218423.578125,005380,True,
2025-09-05 00:00:00,222000.0,222500.0,219500.0,220000.0,245652.0,216944.40625,005380,True,
2025-09-08 00:00:00,218000.0,218500.0,215500.0,218500.0,382254.0,215465.234375,005380,True,
2025-09-09 00:00:00,219500.0,220500.0,218500.0,219000.0,407652.0,215958.296875,005380,True,
2025-09-10 00:00:00,219500.0,222000.0,219000.0,220500.0,427432.0,217437.46875,005380,True,
2025-09-11 00:00:00,221500.0,223000.0,219000.0,223000.0,569436.0,219902.734375,005380,True,
2025-09-12 00:00:00,222500.0,224000.0,220500.0,223500.0,666184.0,220395.796875,005380,True,
2025-09-15 00:00:00,221500.0,221500.0,215000.0,215000.0,1712249.0,212013.84375,005380,True,
2025-09-16 00:00:00,216000.0,216500.0,215000.0,215000.0,492855.0,212013.84375,005380,True,
2025-09-17 00:00:00,216000.0,216500.0,215000.0,216000.0,412548.0,212999.953125,005380,True,
2025-09-18 00:00:00,216500.0,218500.0,215000.0,216500.0,652885.0,213493.015625,005380,True,
2025-09-22 00:00:00,215000.0,219000.0,214500.0,218000.0,499195.0,214972.1875,005380,True,
2025-09-23 00:00:00,217500.0,220000.0,217500.0,219000.0,473760.0,215958.296875,005380,True,
2025-09-24 00:00:00,218000.0,219500.0,216500.0,217500.0,383310.0,214479.125,005380,True,
2025-09-25 00:00:00,217000.0,217500.0,215500.0,217000.0,509882.0,213986.078125,005380,True,
2025-09-26 00:00:00,215000.0,215500.0,213000.0,214500.0,448652.0,211520.796875,005380,True,
2025-09-29 00:00:00,215500.0,216500.0,214000.0,215000.0,339105.0,212013.84375,005380,True,
2025-09-30 00:00:00,214000.0,216000.0,214000.0,215000.0,339691.0,212013.84375,005380,True,
2025-10-01 00:00:00,215500.0,217000.0,215000.0,215500.0,297048.0,212506.90625,005380,True,
2025-10-02 00:00:00,216500.0,223000.0,216500.0,220000.0,1099674.0,216944.40625,005380,True,
2025-10-10 00:00:00,219000.0,220250.0,216500.0,217000.0,779161.0,213986.078125,005380,True,
2025-10-13 00:00:00,214500.0,219500.0,214000.0,218500.0,544349.0,215465.234375,005380,True,
2025-10-14 00:00:00,218500.0,225000.0,218000.0,223000.0,885802.0,219902.734375,005380,True,
2025-10-15 00:00:00,223000.0,224000.0,220000.0,223500.0,670710.0,220395.796875,005380,True,
2025-10-16 00:00:00,237000.0,245000.0,234000.0,242000.0,2115204.0,238638.84375,005380,True,
2025-10-17 00:00:00,241000.0,246000.0,239500.0,243000.0,994190.0,239624.953125,005380,True,
2025-10-20 00:00:00,251500.0,252000.0,241500.0,248000.0,1155423.0,244555.5,005380,True,
2025-10-21 00:00:00,252000.0,267000.0,251500.0,256500.0,2002410.0,252937.453125,005380,True,
2025-10-22 00:00:00,265000.0,265000.0,254500.0,261000.0,1060973.0,257374.953125,005380,True,
2025-10-23 00:00:00,256500.0,258500.0,251000.0,252000.0,909720.0,248499.953125,005380,True,
2025-10-24 00:00:00,253500.0,254000.0,248000.0,252500.0,775983.0,248993.015625,005380,True,
2025-10-27 00:00:00,253500.0,259500.0,253000.0,254500.0,763121.0,250965.234375,005380,True,
2025-10-28 00:00:00,253500.0,253500.0,249000.0,250500.0,677447.0,247020.78125,005380,True,
2025-10-29 00:00:00,254500.0,259500.0,251000.0,258000.0,937830.0,254416.609375,005380,True,
2025-10-30 00:00:00,287500.0,289500.0,263000.0,265000.0,2958411.0,261319.390625,005380,True,
2025-10-31 00:00:00,273500.0,294000.0,270500.0,290000.0,3631736.0,285972.1875,005380,True,
2025-11-03 00:00:00,297500.0,298000.0,288000.0,291500.0,1498016.0,287451.34375,005380,True,
2025-11-04 00:00:00,286500.0,288500.0,276000.0,276000.0,1416294.0,272166.625,005380,True,
2025-11-05 00:00:00,270000.0,271500.0,259000.0,268500.0,1420277.0,264770.8125,005380,True,
2025-11-06 00:00:00,274500.0,275000.0,264500.0,269000.0,686561.0,265263.84375,005380,True,
2025-11-07 00:00:00,261000.0,267000.0,259500.0,264000.0,666772.0,260333.28125,005380,True,
2025-11-10 00:00:00,266500.0,274000.0,265000.0,270500.0,692464.0,266743.0,005380,True,
2025-11-11 00:00:00,272500.0,274000.0,267500.0,269000.0,494203.0,265263.84375,005380,True,
2025-11-12 00:00:00,271500.0,278500.0,269500.0,275500.0,807526.0,271673.5625,005380,True,
2025-11-13 00:00:00,273000.0,279000.0,272500.0,278500.0,681153.0,274631.90625,005380,True,
2025-11-14 00:00:00,272500.0,278000.0,272000.0,272500.0,579023.0,268715.21875,005380,True,
2025-11-17 00:00:00,275500.0,275500.0,271500.0,271500.0,384305.0,267729.125,005380,True,
2025-11-18 00:00:00,269000.0,271500.0,263500.0,264500.0,475705.0,260826.34375,005380,True,
2025-11-19 00:00:00,272000.0,272000.0,261500.0,264000.0,413452.0,260333.28125,005380,True,
2025-11-20 00:00:00,267000.0,267500.0,262000.0,262000.0,501196.0,258361.0625,005380,True,
2025-11-21 00:00:00,255000.0,261000.0,254500.0,259500.0,538414.0,255895.796875,005380,True,
2025-11-24 00:00:00,262000.0,262000.0,257500.0,257500.0,610389.0,253923.5625,005380,True,
2025-11-25 00:00:00,261000.0,262000.0,256500.0,257500.0,390393.0,253923.5625,005380,True,
2025-11-26 00:00:00,260500.0,262000.0,259500.0,261500.0,402781.0,257868.0,005380,True,
2025-11-27 00:00:00,261500.0,262500.0,259500.0,261500.0,289061.0,260357.078125,005380,True,
2025-11-28 00:00:00,261500.0,265500.0,259000.0,261500.0,511004.0,260357.078125,005380,True,
2025-12-01 00:00:00,261000.0,261500.0,253500.0,254500.0,555473.0,253387.671875,005380,True,
2025-12-02 00:00:00,257500.0,267500.0,257000.0,266000.0,1084944.0,264837.40625,005380,True,
2025-12-03 00:00:00,266500.0,267500.0,263000.0,266500.0,483994.0,265335.21875,005380,True,
2025-12-04 00:00:00,273000.0,284500.0,270000.0,283500.0,1994134.0,282260.9375,005380,True,
2025-12-05 00:00:00,282000.0,316500.0,280000.0,315000.0,3892799.0,313623.25,005380,True,
2025-12-08 00:00:00,321000.0,321000.0,308500.0,315500.0,1913789.0,314121.0625,005380,True,
2025-12-09 00:00:00,308000.0,312000.0,301500.0,307000.0,1229611.0,305658.21875,005380,True,
2025-12-10 00:00:00,304500.0,306000.0,297500.0,302500.0,1173271.0,301177.875,005380,True,
2025-12-11 00:00:00,304000.0,306500.0,295500.0,295500.0,1465528.0,294208.46875,005380,True,
2025-12-12 00:00:00,299000.0,303000.0,295500.0,301500.0,827283.0,300182.25,005380,True,
2025-12-15 00:00:00,296500.0,297500.0,293500.0,293500.0,798990.0,292217.21875,005380,True,
2025-12-16 00:00:00,296500.0,301500.0,284500.0,286000.0,1264096.0,284750.0,005380,True,
2025-12-17 00:00:00,288000.0,288500.0,284000.0,286000.0,686802.0,284750.0,005380,True,
2025-12-18 00:00:00,280500.0,285000.0,280000.0,282500.0,705877.0,281265.3125,005380,True,
2025-12-19 00:00:00,285500.0,288500.0,278500.0,288500.0,1210816.0,287239.0625,005380,True,
2025-12-22 00:00:00,290500.0,290500.0,285000.0,289000.0,676748.0,287736.875,005380,True,
2025-12-23 00:00:00,290500.0,292500.0,285500.0,287000.0,699584.0,285745.625,005380,True,
2025-12-24 00:00:00,289000.0,300000.0,287000.0,289000.0,1295368.0,287736.875,005380,True,
2025-12-26 00:00:00,292000.0,292000.0,285000.0,286000.0,847245.0,284750.0,005380,True,
2025-12-29 00:00:00,284500.0,294000.0,282500.0,293500.0,697450.0,292217.21875,005380,True,
2025-12-30 00:00:00,291000.0,297500.0,289500.0,296500.0,628188.0,295204.09375,005380,True,
2026-04-22 09:05:00,546000.0,546000.0,546000.0,546000.0,0.0,,005380,,
2026-04-22 09:10:00,546000.0,546000.0,546000.0,546000.0,0.0,,005380,,
2026-04-22 09:15:00,546000.0,546000.0,546000.0,546000.0,0.0,,005380,,
2026-04-22 09:20:00,546000.0,546000.0,546000.0,546000.0,0.0,,005380,,
2026-04-22 09:25:00,546000.0,546000.0,546000.0,546000.0,0.0,,005380,,
2026-04-22 09:30:00,546000.0,546000.0,546000.0,546000.0,0.0,,005380,,
2026-04-22 11:35:00,546000.0,546000.0,546000.0,546000.0,0.0,,005380,,
2026-04-22 11:40:00,546000.0,546000.0,546000.0,546000.0,0.0,,005380,,
2026-04-22 11:45:00,546000.0,546000.0,546000.0,546000.0,0.0,,005380,,
2026-04-22 11:50:00,546000.0,546000.0,546000.0,546000.0,0.0,,005380,,
2026-04-22 11:55:00,546000.0,546000.0,546000.0,546000.0,0.0,,005380,,
2026-04-22 12:00:00,546000.0,546000.0,546000.0,546000.0,0.0,,005380,,
2026-04-22 15:05:00,546000.0,546000.0,546000.0,546000.0,0.0,,005380,,
2026-04-22 15:10:00,546000.0,546000.0,546000.0,546000.0,0.0,,005380,,
2026-04-22 15:15:00,546000.0,546000.0,546000.0,546000.0,0.0,,005380,,
2026-04-22 15:20:00,546000.0,546000.0,546000.0,546000.0,0.0,,005380,,
2026-04-22 15:25:00,546000.0,546000.0,546000.0,546000.0,0.0,,005380,,
2026-04-22 15:30:00,546000.0,546000.0,546000.0,546000.0,0.0,,005380,,
2025-01-02 00:00:00,254500.0,255000.0,248500.0,250000.0,272261.0,239721.75,005490,True,
2025-01-03 00:00:00,249000.0,262000.0,249000.0,259000.0,350244.0,248351.71875,005490,True,
2025-01-06 00:00:00,260000.0,263500.0,258000.0,262000.0,255736.0,251228.40625,005490,True,
2025-01-07 00:00:00,264500.0,267000.0,262000.0,262500.0,279604.0,251707.84375,005490,True,
2025-01-08 00:00:00,260000.0,266000.0,258500.0,263500.0,416860.0,252666.71875,005490,True,
2025-01-09 00:00:00,263000.0,264500.0,258000.0,261000.0,508533.0,250269.515625,005490,True,
2025-01-10 00:00:00,259500.0,263500.0,257500.0,262000.0,315902.0,251228.40625,005490,True,
2025-01-13 00:00:00,259500.0,261500.0,256000.0,257000.0,242769.0,246433.953125,005490,True,
2025-01-14 00:00:00,258500.0,262000.0,255000.0,259500.0,302202.0,248831.171875,005490,True,
2025-01-15 00:00:00,261000.0,265000.0,257000.0,257000.0,231931.0,246433.953125,005490,True,
2025-01-16 00:00:00,261500.0,265000.0,261000.0,262000.0,217450.0,251228.40625,005490,True,
2025-01-17 00:00:00,262000.0,263000.0,259000.0,260000.0,154275.0,249310.609375,005490,True,
2025-01-20 00:00:00,262500.0,272500.0,262000.0,271000.0,440938.0,259858.375,005490,True,
2025-01-21 00:00:00,270000.0,272000.0,257000.0,258000.0,407749.0,247392.84375,005490,True,
2025-01-22 00:00:00,260500.0,266500.0,260500.0,264000.0,242748.0,253146.15625,005490,True,
2025-01-23 00:00:00,262500.0,263000.0,257000.0,259500.0,189906.0,248831.171875,005490,True,
2025-01-24 00:00:00,259500.0,263000.0,257000.0,261500.0,182584.0,250748.9375,005490,True,
2025-01-31 00:00:00,266000.0,266500.0,258000.0,260500.0,210802.0,249790.0625,005490,True,
2025-02-03 00:00:00,256500.0,256500.0,247000.0,248500.0,402340.0,238283.421875,005490,True,
2025-02-04 00:00:00,250000.0,252000.0,236000.0,236500.0,839230.0,226776.765625,005490,True,
2025-02-05 00:00:00,238000.0,243500.0,238000.0,242000.0,370345.0,232050.625,005490,True,
2025-02-06 00:00:00,242500.0,243000.0,239000.0,242500.0,243074.0,232530.09375,005490,True,
2025-02-07 00:00:00,240500.0,244500.0,239000.0,239000.0,219950.0,229173.96875,005490,True,
2025-02-10 00:00:00,233500.0,237500.0,227500.0,237000.0,455071.0,227256.21875,005490,True,
2025-02-11 00:00:00,234500.0,238500.0,233000.0,235000.0,310281.0,225338.453125,005490,True,
2025-02-12 00:00:00,233000.0,234000.0,229500.0,230500.0,345800.0,221023.453125,005490,True,
2025-02-13 00:00:00,232500.0,246500.0,232000.0,246500.0,823835.0,236365.625,005490,True,
2025-02-14 00:00:00,246500.0,249500.0,242500.0,247000.0,267360.0,236845.078125,005490,True,
2025-02-17 00:00:00,247000.0,252000.0,246000.0,250000.0,268640.0,239721.75,005490,True,
2025-02-18 00:00:00,250500.0,251000.0,246500.0,248500.0,179534.0,238283.421875,005490,True,
2025-02-19 00:00:00,248500.0,262000.0,248500.0,258500.0,530138.0,247872.3125,005490,True,
2025-02-20 00:00:00,260500.0,271000.0,258500.0,268500.0,596260.0,257461.15625,005490,True,
2025-02-21 00:00:00,276000.0,290000.0,273500.0,282000.0,1048438.0,270406.125,005490,True,
2025-02-24 00:00:00,281000.0,284500.0,278500.0,281000.0,420927.0,269447.28125,005490,True,
2025-02-25 00:00:00,283000.0,284000.0,274000.0,274500.0,350848.0,263214.46875,005490,True,
2025-02-26 00:00:00,272500.0,285000.0,272000.0,282000.0,465225.0,270406.125,005490,True,
2025-02-27 00:00:00,282000.0,284000.0,277000.0,281000.0,289593.0,271857.34375,005490,True,
2025-02-28 00:00:00,275500.0,279000.0,271000.0,272500.0,462786.0,263633.875,005490,True,
2025-03-04 00:00:00,274500.0,276500.0,266000.0,268000.0,397751.0,259280.296875,005490,True,
2025-03-05 00:00:00,266000.0,280000.0,266000.0,276500.0,334927.0,267503.75,005490,True,
2025-03-06 00:00:00,283500.0,303500.0,282000.0,295500.0,1097274.0,285885.5625,005490,True,
2025-03-07 00:00:00,295500.0,322500.0,292500.0,317000.0,1586405.0,306686.0,005490,True,
2025-03-10 00:00:00,314000.0,314500.0,302500.0,310500.0,701440.0,300397.5,005490,True,
2025-03-11 00:00:00,298500.0,301000.0,294000.0,296500.0,624586.0,286853.0,005490,True,
2025-03-12 00:00:00,296500.0,320000.0,296000.0,314000.0,742490.0,303783.59375,005490,True,
2025-03-13 00:00:00,319500.0,319500.0,309500.0,312500.0,596974.0,302332.4375,005490,True,
2025-03-14 00:00:00,311000.0,314500.0,304500.0,304500.0,366199.0,294592.71875,005490,True,
2025-03-17 00:00:00,304500.0,314000.0,304500.0,307000.0,328872.0,297011.375,005490,True,
2025-03-18 00:00:00,309000.0,314000.0,305000.0,305000.0,278184.0,295076.46875,005490,True,
2025-03-19 00:00:00,305000.0,318000.0,305000.0,312500.0,436098.0,302332.4375,005490,True,
2025-03-20 00:00:00,318000.0,337000.0,318000.0,332000.0,1087678.0,321197.96875,005490,True,
2025-03-21 00:00:00,327500.0,329000.0,318500.0,326000.0,665836.0,315393.1875,005490,True,
2025-03-24 00:00:00,318500.0,319000.0,307000.0,308500.0,480012.0,298462.5625,005490,True,
2025-03-25 00:00:00,311000.0,313000.0,307000.0,307500.0,268530.0,297495.0625,005490,True,
2025-03-26 00:00:00,309500.0,310000.0,303000.0,307000.0,254049.0,297011.375,005490,True,
2025-03-27 00:00:00,303000.0,303000.0,297000.0,300500.0,208639.0,290722.875,005490,True,
2025-03-28 00:00:00,299000.0,299000.0,289500.0,292000.0,275386.0,282499.46875,005490,True,
2025-03-31 00:00:00,282500.0,284000.0,278000.0,278500.0,441844.0,269438.65625,005490,True,
2025-04-01 00:00:00,281000.0,284500.0,276500.0,279500.0,247534.0,270406.125,005490,True,
2025-04-02 00:00:00,280000.0,282000.0,270500.0,272000.0,447622.0,263150.125,005490,True,
2025-04-03 00:00:00,263000.0,272500.0,261500.0,271000.0,368358.0,262182.65625,005490,True,
2025-04-04 00:00:00,267000.0,278000.0,265500.0,273000.0,461911.0,264117.625,005490,True,
2025-04-07 00:00:00,260000.0,261500.0,253500.0,255000.0,510440.0,246703.265625,005490,True,
2025-04-08 00:00:00,260000.0,263000.0,250500.0,251500.0,532973.0,243317.140625,005490,True,
2025-04-09 00:00:00,249500.0,259000.0,246000.0,249500.0,498399.0,241382.203125,005490,True,
2025-04-10 00:00:00,264000.0,264000.0,255500.0,261000.0,638992.0,252508.03125,005490,True,
2025-04-11 00:00:00,255500.0,257000.0,251000.0,255000.0,305372.0,246703.265625,005490,True,
2025-04-14 00:00:00,257500.0,261000.0,254000.0,254500.0,230139.0,246219.53125,005490,True,
2025-04-15 00:00:00,256500.0,261000.0,254500.0,257500.0,207908.0,249121.921875,005490,True,
2025-04-16 00:00:00,258000.0,261000.0,252500.0,253500.0,155188.0,245252.078125,005490,True,
2025-04-17 00:00:00,253000.0,256500.0,251500.0,254000.0,164400.0,245735.8125,005490,True,
2025-04-18 00:00:00,254000.0,255000.0,250500.0,253000.0,135988.0,244768.34375,005490,True,
2025-04-21 00:00:00,252500.0,255000.0,250000.0,251000.0,129392.0,242833.40625,005490,True,
2025-04-22 00:00:00,251000.0,256000.0,250500.0,252000.0,185959.0,243800.859375,005490,True,
2025-04-23 00:00:00,256500.0,261500.0,253500.0,260000.0,284877.0,251540.59375,005490,True,
2025-04-24 00:00:00,262000.0,262500.0,254000.0,257000.0,209451.0,248638.203125,005490,True,
2025-04-25 00:00:00,260000.0,262500.0,257250.0,260000.0,195750.0,251540.59375,005490,True,
2025-04-28 00:00:00,261500.0,265000.0,260000.0,262500.0,187829.0,253959.25,005490,True,
2025-04-29 00:00:00,262500.0,265000.0,261000.0,262500.0,200752.0,253959.25,005490,True,
2025-04-30 00:00:00,261500.0,263000.0,258000.0,260500.0,195336.0,252024.3125,005490,True,
2025-05-02 00:00:00,258000.0,259500.0,255500.0,255500.0,173041.0,247186.984375,005490,True,
2025-05-07 00:00:00,259000.0,266000.0,259000.0,261500.0,282409.0,252991.78125,005490,True,
2025-05-08 00:00:00,263500.0,264500.0,260000.0,261500.0,298053.0,252991.78125,005490,True,
2025-05-09 00:00:00,262500.0,265000.0,258000.0,258500.0,216958.0,250089.375,005490,True,
2025-05-12 00:00:00,260500.0,263000.0,258000.0,263000.0,175917.0,254442.984375,005490,True,
2025-05-13 00:00:00,265000.0,266000.0,256000.0,257500.0,259035.0,249121.921875,005490,True,
2025-05-14 00:00:00,252000.0,253500.0,247000.0,252000.0,419327.0,243800.859375,005490,True,
2025-05-15 00:00:00,250500.0,253500.0,250000.0,250000.0,132121.0,241865.9375,005490,True,
2025-05-16 00:00:00,250000.0,251500.0,245000.0,247500.0,213669.0,239447.296875,005490,True,
2025-05-19 00:00:00,243500.0,246500.0,243500.0,245500.0,155028.0,237512.359375,005490,True,
2025-05-20 00:00:00,247000.0,248500.0,240500.0,241000.0,221250.0,233158.78125,005490,True,
2025-05-21 00:00:00,240000.0,244000.0,240000.0,240500.0,155222.0,232675.03125,005490,True,
2025-05-22 00:00:00,239000.0,240000.0,235000.0,238000.0,196315.0,230256.375,005490,True,
2025-05-23 00:00:00,237500.0,239000.0,233000.0,233500.0,180700.0,225902.796875,005490,True,
2025-05-26 00:00:00,230500.0,243500.0,230000.0,241500.0,203755.0,233642.5,005490,True,
2025-05-27 00:00:00,239000.0,242500.0,235500.0,237000.0,163682.0,231687.328125,005490,True,
2025-05-28 00:00:00,238500.0,251000.0,238500.0,249500.0,384914.0,243907.125,005490,True,
2025-05-29 00:00:00,252000.0,258000.0,249000.0,254500.0,326031.0,248795.046875,005490,True,
2025-05-30 00:00:00,255000.0,257000.0,250000.0,250000.0,441162.0,244395.90625,005490,True,
2025-06-02 00:00:00,245500.0,249500.0,240500.0,244000.0,329321.0,238530.421875,005490,True,
2025-06-04 00:00:00,246500.0,251000.0,242500.0,245500.0,331807.0,239996.796875,005490,True,
2025-06-05 00:00:00,246500.0,259000.0,246500.0,257000.0,380896.0,251239.015625,005490,True,
2025-06-09 00:00:00,260500.0,263500.0,255000.0,258000.0,451792.0,252216.59375,005490,True,
2025-06-10 00:00:00,261000.0,266500.0,259000.0,262000.0,454259.0,256126.921875,005490,True,
2025-06-11 00:00:00,266000.0,271500.0,263000.0,266500.0,261082.0,260526.046875,005490,True,
2025-06-12 00:00:00,264000.0,268500.0,262500.0,265500.0,424600.0,259548.46875,005490,True,
2025-06-13 00:00:00,265000.0,265500.0,259000.0,264000.0,418295.0,258082.078125,005490,True,
2025-06-16 00:00:00,260500.0,261000.0,254000.0,259000.0,262336.0,253194.171875,005490,True,
2025-06-17 00:00:00,258500.0,262000.0,255000.0,257500.0,248424.0,251727.796875,005490,True,
2025-06-18 00:00:00,254500.0,259500.0,254000.0,259000.0,225385.0,253194.171875,005490,True,
2025-06-19 00:00:00,259500.0,263000.0,256500.0,260000.0,271456.0,254171.765625,005490,True,
2025-06-20 00:00:00,260000.0,265000.0,256500.0,262500.0,495939.0,256615.71875,005490,True,
2025-06-23 00:00:00,257500.0,258000.0,249500.0,253500.0,371107.0,247817.46875,005490,True,
2025-06-24 00:00:00,258000.0,263500.0,257000.0,263000.0,305296.0,257104.515625,005490,True,
2025-06-25 00:00:00,267000.0,271500.0,262500.0,269500.0,383736.0,263458.78125,005490,True,
2025-06-26 00:00:00,272000.0,272500.0,264000.0,267500.0,241117.0,261503.65625,005490,True,
2025-06-27 00:00:00,268000.0,269000.0,258500.0,260000.0,264091.0,254171.765625,005490,True,
2025-06-30 00:00:00,261500.0,267000.0,260000.0,261000.0,207861.0,255149.328125,005490,True,
2025-07-01 00:00:00,264000.0,284000.0,263000.0,276000.0,651594.0,269813.09375,005490,True,
2025-07-02 00:00:00,278500.0,289000.0,274000.0,288000.0,588727.0,281544.09375,005490,True,
2025-07-03 00:00:00,294000.0,318500.0,291000.0,312000.0,1420531.0,305006.09375,005490,True,
2025-07-04 00:00:00,310000.0,325000.0,307500.0,316500.0,1007067.0,309405.21875,005490,True,
2025-07-07 00:00:00,320000.0,322000.0,309500.0,313500.0,497135.0,306472.46875,005490,True,
2025-07-08 00:00:00,306500.0,314000.0,305500.0,311000.0,388969.0,304028.53125,005490,True,
2025-07-09 00:00:00,314000.0,320000.0,309500.0,312000.0,345470.0,305006.09375,005490,True,
2025-07-10 00:00:00,315500.0,318000.0,309500.0,314500.0,515384.0,307450.0625,005490,True,
2025-07-11 00:00:00,318000.0,330000.0,316000.0,321000.0,638710.0,313804.375,005490,True,
2025-07-14 00:00:00,323000.0,323000.0,314500.0,321500.0,323036.0,314293.15625,005490,True,
2025-07-15 00:00:00,319000.0,323000.0,315500.0,321000.0,276462.0,313804.375,005490,True,
2025-07-16 00:00:00,317500.0,319500.0,304000.0,305500.0,516090.0,298651.8125,005490,True,
2025-07-17 00:00:00,307000.0,309500.0,301500.0,307500.0,327730.0,300606.9375,005490,True,
2025-07-18 00:00:00,312000.0,319000.0,306000.0,311000.0,557426.0,304028.53125,005490,True,
2025-07-21 00:00:00,310000.0,329500.0,308500.0,327000.0,569061.0,319669.875,005490,True,
2025-07-22 00:00:00,332000.0,333000.0,318000.0,323000.0,412371.0,315759.5,005490,True,
2025-07-23 00:00:00,330000.0,342000.0,329000.0,335000.0,768304.0,327490.53125,005490,True,
2025-07-24 00:00:00,333000.0,337000.0,330500.0,334000.0,361085.0,326512.9375,005490,True,
2025-07-25 00:00:00,332000.0,335500.0,327500.0,332500.0,275438.0,325046.5625,005490,True,
2025-07-28 00:00:00,330000.0,335000.0,317500.0,323000.0,419489.0,315759.5,005490,True,
2025-07-29 00:00:00,315000.0,317500.0,308500.0,316500.0,345233.0,309405.21875,005490,True,
2025-07-30 00:00:00,315000.0,316500.0,310500.0,313000.0,367521.0,305983.6875,005490,True,
2025-07-31 00:00:00,320000.0,323500.0,305000.0,308500.0,330485.0,301584.5625,005490,True,
2025-08-01 00:00:00,302500.0,306000.0,290000.0,290500.0,502029.0,283988.03125,005490,True,
2025-08-04 00:00:00,290500.0,293000.0,286500.0,290000.0,259649.0,283499.28125,005490,True,
2025-08-05 00:00:00,294500.0,299000.0,293000.0,298000.0,294181.0,291319.9375,005490,True,
2025-08-06 00:00:00,294500.0,301000.0,294500.0,298500.0,201338.0,291808.75,005490,True,
2025-08-07 00:00:00,299000.0,299000.0,294000.0,297500.0,213210.0,290831.125,005490,True,
2025-08-08 00:00:00,296500.0,298000.0,293000.0,295500.0,283862.0,288876.0,005490,True,
2025-08-11 00:00:00,298000.0,309500.0,298000.0,306500.0,424075.0,299629.40625,005490,True,
2025-08-12 00:00:00,305000.0,309500.0,302500.0,306000.0,179650.0,299140.59375,005490,True,
2025-08-13 00:00:00,310000.0,310000.0,302000.0,309000.0,201181.0,302073.375,005490,True,
2025-08-14 00:00:00,309500.0,310500.0,304500.0,307500.0,217001.0,300606.9375,005490,True,
2025-08-18 00:00:00,307500.0,311750.0,300500.0,301500.0,254583.0,294741.5,005490,True,
2025-08-19 00:00:00,304000.0,306000.0,296000.0,302000.0,166160.0,295230.28125,005490,True,
2025-08-20 00:00:00,302000.0,303000.0,296000.0,299000.0,209981.0,292297.5,005490,True,
2025-08-21 00:00:00,300000.0,308500.0,298500.0,302500.0,227934.0,295719.0625,005490,True,
2025-08-22 00:00:00,305500.0,309500.0,299500.0,300000.0,122562.0,293275.09375,005490,True,
2025-08-25 00:00:00,303500.0,306500.0,302000.0,306000.0,127589.0,299140.59375,005490,True,
2025-08-26 00:00:00,302500.0,307500.0,298500.0,298500.0,220444.0,294212.4375,005490,True,
2025-08-27 00:00:00,301000.0,301000.0,293000.0,294000.0,191484.0,289777.0625,005490,True,
2025-08-28 00:00:00,293500.0,296000.0,288000.0,288000.0,216620.0,283863.25,005490,True,
2025-08-29 00:00:00,290000.0,292000.0,283500.0,285500.0,213502.0,281399.15625,005490,True,
2025-09-01 00:00:00,283500.0,283500.0,279000.0,281000.0,185318.0,276963.8125,005490,True,
2025-09-02 00:00:00,281000.0,281500.0,275500.0,280000.0,189256.0,275978.15625,005490,True,
2025-09-03 00:00:00,278000.0,282000.0,277000.0,280000.0,152221.0,275978.15625,005490,True,
2025-09-04 00:00:00,282500.0,285500.0,281500.0,284000.0,179969.0,279920.6875,005490,True,
2025-09-05 00:00:00,286000.0,286000.0,271500.0,276500.0,535992.0,272528.4375,005490,True,
2025-09-08 00:00:00,276500.0,281500.0,276000.0,279500.0,232900.0,275485.3125,005490,True,
2025-09-09 00:00:00,282000.0,288000.0,280500.0,284000.0,276809.0,279920.6875,005490,True,
2025-09-10 00:00:00,281500.0,286000.0,278000.0,284000.0,248568.0,279920.6875,005490,True,
2025-09-11 00:00:00,284500.0,286000.0,280000.0,281500.0,328227.0,277456.625,005490,True,
2025-09-12 00:00:00,285000.0,288500.0,283500.0,285000.0,226701.0,280906.34375,005490,True,
2025-09-15 00:00:00,285000.0,287000.0,283500.0,285000.0,201886.0,280906.34375,005490,True,
2025-09-16 00:00:00,285500.0,288000.0,282000.0,282000.0,260808.0,277949.40625,005490,True,
2025-09-17 00:00:00,283000.0,286000.0,281500.0,283500.0,206125.0,279427.90625,005490,True,
2025-09-18 00:00:00,283000.0,285000.0,281500.0,283500.0,235997.0,279427.90625,005490,True,
2025-09-22 00:00:00,283000.0,283000.0,278500.0,280500.0,244009.0,276470.96875,005490,True,
2025-09-23 00:00:00,278000.0,279000.0,276000.0,278500.0,202247.0,274499.71875,005490,True,
2025-09-24 00:00:00,281500.0,283000.0,275000.0,276500.0,191904.0,272528.4375,005490,True,
2025-09-25 00:00:00,278000.0,281000.0,276000.0,281000.0,181883.0,276963.8125,005490,True,
2025-09-26 00:00:00,279000.0,279000.0,274000.0,275000.0,199295.0,271050.0,005490,True,
2025-09-29 00:00:00,277500.0,279500.0,276500.0,278500.0,135460.0,274499.71875,005490,True,
2025-09-30 00:00:00,276000.0,278000.0,275500.0,276000.0,131328.0,272035.625,005490,True,
2025-10-01 00:00:00,277000.0,278000.0,272000.0,275000.0,140598.0,271050.0,005490,True,
2025-10-02 00:00:00,275000.0,276500.0,272000.0,274500.0,397676.0,270557.15625,005490,True,
2025-10-10 00:00:00,265500.0,266000.0,258500.0,263000.0,471227.0,259222.34375,005490,True,
2025-10-13 00:00:00,259500.0,273000.0,259500.0,272500.0,366246.0,268585.90625,005490,True,
2025-10-14 00:00:00,268500.0,278500.0,267500.0,278000.0,441085.0,274006.875,005490,True,
2025-10-15 00:00:00,278500.0,279500.0,275000.0,278500.0,247347.0,274499.71875,005490,True,
2025-10-16 00:00:00,279000.0,286500.0,278500.0,286500.0,380930.0,282384.78125,005490,True,
2025-10-17 00:00:00,285500.0,300000.0,283000.0,293000.0,710893.0,288791.4375,005490,True,
2025-10-20 00:00:00,295000.0,295500.0,288000.0,294500.0,332374.0,290269.90625,005490,True,
2025-10-21 00:00:00,298000.0,302500.0,293500.0,295000.0,410033.0,290762.6875,005490,True,
2025-10-22 00:00:00,296500.0,308500.0,295000.0,307500.0,579749.0,303083.125,005490,True,
2025-10-23 00:00:00,315000.0,315500.0,305000.0,308000.0,558442.0,303575.96875,005490,True,
2025-10-24 00:00:00,311500.0,327500.0,310000.0,325500.0,644465.0,320824.59375,005490,True,
2025-10-27 00:00:00,329000.0,329500.0,313000.0,320000.0,644501.0,315403.625,005490,True,
2025-10-28 00:00:00,319000.0,323000.0,314000.0,322000.0,395168.0,317374.875,005490,True,
2025-10-29 00:00:00,324000.0,331500.0,321000.0,327000.0,496320.0,322303.0625,005490,True,
2025-10-30 00:00:00,326000.0,330000.0,316000.0,319500.0,579001.0,314910.78125,005490,True,
2025-10-31 00:00:00,312500.0,318000.0,310000.0,310500.0,461320.0,306040.0625,005490,True,
2025-11-03 00:00:00,312000.0,313000.0,306000.0,311500.0,402595.0,307025.71875,005490,True,
2025-11-04 00:00:00,317000.0,321000.0,312000.0,312500.0,304202.0,308011.34375,005490,True,
2025-11-05 00:00:00,310000.0,311000.0,295000.0,305500.0,439853.0,301111.875,005490,True,
2025-11-06 00:00:00,307000.0,310000.0,301000.0,305000.0,233668.0,300619.0625,005490,True,
2025-11-07 00:00:00,301000.0,306000.0,295000.0,299000.0,234778.0,294705.21875,005490,True,
2025-11-10 00:00:00,300000.0,305500.0,298250.0,303500.0,202099.0,299140.59375,005490,True,
2025-11-11 00:00:00,304000.0,310500.0,300000.0,303000.0,271548.0,298647.8125,005490,True,
2025-11-12 00:00:00,305000.0,323000.0,304500.0,318500.0,705541.0,313925.15625,005490,True,
2025-11-13 00:00:00,320000.0,328000.0,318000.0,321500.0,633041.0,316882.0625,005490,True,
2025-11-14 00:00:00,317000.0,325500.0,313000.0,314000.0,295472.0,309489.78125,005490,True,
2025-11-17 00:00:00,317500.0,317500.0,311000.0,314500.0,189795.0,309982.59375,005490,True,
2025-11-18 00:00:00,319000.0,321000.0,312500.0,312500.0,324033.0,308011.34375,005490,True,
2025-11-19 00:00:00,316000.0,322500.0,309500.0,313500.0,359507.0,308996.96875,005490,True,
2025-11-20 00:00:00,318500.0,329500.0,314500.0,321500.0,480880.0,316882.0625,005490,True,
2025-11-21 00:00:00,311000.0,313500.0,308000.0,310500.0,283020.0,306040.0625,005490,True,
2025-11-24 00:00:00,312500.0,312500.0,300500.0,302500.0,478060.0,298154.96875,005490,True,
2025-11-25 00:00:00,305500.0,307000.0,299500.0,301000.0,167675.0,299148.84375,005490,True,
2025-11-26 00:00:00,305500.0,318500.0,304000.0,317500.0,382573.0,315547.34375,005490,True,
2025-11-27 00:00:00,315500.0,318000.0,311000.0,313000.0,188214.0,311075.03125,005490,True,
2025-11-28 00:00:00,314500.0,315000.0,307000.0,309500.0,210535.0,307596.5625,005490,True,
2025-12-01 00:00:00,311000.0,314500.0,307000.0,309000.0,145980.0,307099.625,005490,True,
2025-12-02 00:00:00,310000.0,311500.0,307000.0,309000.0,143921.0,307099.625,005490,True,
2025-12-03 00:00:00,310000.0,310500.0,307000.0,308500.0,164280.0,306602.71875,005490,True,
2025-12-04 00:00:00,308500.0,308500.0,304000.0,306500.0,169991.0,304615.0,005490,True,
2025-12-05 00:00:00,305000.0,311500.0,304000.0,311000.0,227109.0,309087.34375,005490,True,
2025-12-08 00:00:00,312000.0,320000.0,310000.0,319000.0,305182.0,317038.125,005490,True,
2025-12-09 00:00:00,316000.0,318000.0,311000.0,315000.0,237887.0,313062.71875,005490,True,
2025-12-10 00:00:00,318000.0,321000.0,313000.0,314500.0,230831.0,312565.8125,005490,True,
2025-12-11 00:00:00,316500.0,317500.0,308000.0,308000.0,343074.0,306105.78125,005490,True,
2025-12-12 00:00:00,311000.0,323000.0,310500.0,319500.0,426172.0,317535.0625,005490,True,
2025-12-15 00:00:00,315500.0,322000.0,314500.0,318000.0,253999.0,316044.28125,005490,True,
2025-12-16 00:00:00,319000.0,319000.0,306500.0,308000.0,356962.0,306105.78125,005490,True,
2025-12-17 00:00:00,311000.0,318500.0,308000.0,313500.0,246186.0,311571.96875,005490,True,
2025-12-18 00:00:00,307500.0,307500.0,302500.0,303000.0,265777.0,301136.53125,005490,True,
2025-12-19 00:00:00,306000.0,307000.0,295000.0,302500.0,390116.0,300639.59375,005490,True,
2025-12-22 00:00:00,304500.0,307000.0,302000.0,305000.0,177734.0,303124.21875,005490,True,
2025-12-23 00:00:00,305500.0,306500.0,303000.0,304000.0,151323.0,302130.375,005490,True,
2025-12-24 00:00:00,306000.0,319500.0,305000.0,314000.0,431239.0,312068.875,005490,True,
2025-12-26 00:00:00,314000.0,315000.0,307000.0,308000.0,247203.0,306105.78125,005490,True,
2025-12-29 00:00:00,306000.0,315500.0,304000.0,314000.0,252272.0,312068.875,005490,True,
2025-12-30 00:00:00,309500.0,310500.0,303500.0,305000.0,263531.0,303124.21875,005490,True,
2026-04-22 09:05:00,421500.0,421500.0,421500.0,421500.0,0.0,,005490,,
2026-04-22 09:10:00,421500.0,421500.0,421500.0,421500.0,0.0,,005490,,
2026-04-22 09:15:00,421500.0,421500.0,421500.0,421500.0,0.0,,005490,,
2026-04-22 09:20:00,421500.0,421500.0,421500.0,421500.0,0.0,,005490,,
2026-04-22 09:25:00,421500.0,421500.0,421500.0,421500.0,0.0,,005490,,
2026-04-22 09:30:00,421500.0,421500.0,421500.0,421500.0,0.0,,005490,,
2026-04-22 11:35:00,421500.0,421500.0,421500.0,421500.0,0.0,,005490,,
2026-04-22 11:40:00,421500.0,421500.0,421500.0,421500.0,0.0,,005490,,
2026-04-22 11:45:00,421500.0,421500.0,421500.0,421500.0,0.0,,005490,,
2026-04-22 11:50:00,421500.0,421500.0,421500.0,421500.0,0.0,,005490,,
2026-04-22 11:55:00,421500.0,421500.0,421500.0,421500.0,0.0,,005490,,
2026-04-22 12:00:00,421500.0,421500.0,421500.0,421500.0,0.0,,005490,,
2026-04-22 15:05:00,421500.0,421500.0,421500.0,421500.0,0.0,,005490,,
2026-04-22 15:10:00,421500.0,421500.0,421500.0,421500.0,0.0,,005490,,
2026-04-22 15:15:00,421500.0,421500.0,421500.0,421500.0,0.0,,005490,,
2026-04-22 15:20:00,421500.0,421500.0,421500.0,421500.0,0.0,,005490,,
2026-04-22 15:25:00,421500.0,421500.0,421500.0,421500.0,0.0,,005490,,
2026-04-22 15:30:00,421500.0,421500.0,421500.0,421500.0,0.0,,005490,,
2025-01-02 00:00:00,52700.0,53600.0,52300.0,53400.0,16630538.0,52272.52734375,005930,True,False
2025-01-03 00:00:00,52800.0,55100.0,52800.0,54400.0,19318046.0,53251.41796875,005930,True,False
2025-01-06 00:00:00,54400.0,56199.99999999999,54300.0,55900.0,19034284.0,54719.74609375,005930,True,False
2025-01-07 00:00:00,56799.99999999999,57300.0,55400.0,55400.0,17030235.0,54230.30078125,005930,True,False
2025-01-08 00:00:00,54800.0,57500.0,54700.0,57300.0,26593553.0,56090.18359375,005930,True,False
2025-01-09 00:00:00,57600.00000000001,57700.0,56100.0,56100.0,24490592.0,54915.5234375,005930,True,False
2025-01-10 00:00:00,56100.00000000001,56500.0,55200.0,55300.0,16059223.0,54132.41015625,005930,True,False
2025-01-13 00:00:00,54599.99999999999,55000.0,54100.0,54100.0,16868600.0,52957.75,005930,True,False
2025-01-14 00:00:00,54200.0,54599.99999999999,53700.0,53900.0,17465926.0,52761.96875,005930,True,False
2025-01-15 00:00:00,54100.0,54700.00000000001,53500.0,53700.0,18625025.0,52566.1953125,005930,True,False
2025-01-16 00:00:00,54200.0,55000.00000000001,54100.0,54300.0,18627298.0,53153.5234375,005930,True,False
2025-01-17 00:00:00,53800.0,54100.0,53200.0,53700.0,18805344.0,52566.1953125,005930,True,False
2025-01-20 00:00:00,53600.0,53899.99999999999,53300.0,53400.0,11822531.0,52272.52734375,005930,True,False
2025-01-21 00:00:00,53700.0,54300.0,53300.0,53500.0,13535702.0,52370.41796875,005930,True,False
2025-01-22 00:00:00,53400.0,54400.00000000001,53100.0,54300.0,18341991.0,53153.5234375,005930,True,False
2025-01-23 00:00:00,53700.0,54100.0,53500.0,53700.0,15588067.0,52566.1953125,005930,True,False
2025-01-24 00:00:00,53600.0,53800.0,53200.0,53700.0,11867631.0,52566.1953125,005930,True,False
2025-01-31 00:00:00,52200.0,53000.00000000001,51700.0,52400.0,42186279.0,51293.64453125,005930,True,False
2025-02-03 00:00:00,51100.0,51400.0,50800.0,51000.0,32344897.0,49923.20703125,005930,True,False
2025-02-04 00:00:00,51600.0,53600.0,51500.0,52700.0,27214851.0,51587.30859375,005930,True,False
2025-02-05 00:00:00,53599.99999999999,53800.0,52800.0,52900.0,15974885.0,51783.0859375,005930,True,False
2025-02-06 00:00:00,53400.0,54000.0,53200.0,54000.0,16466025.0,52859.86328125,005930,True,False
2025-02-07 00:00:00,53900.00000000001,54200.0,53600.0,53700.0,14476866.0,52566.1953125,005930,True,False
2025-02-10 00:00:00,53000.0,55900.0,52900.0,55600.0,27577591.0,54426.078125,005930,True,False
2025-02-11 00:00:00,55500.0,56299.99999999999,55000.0,55700.0,24596196.0,54523.96875,005930,True,False
2025-02-12 00:00:00,55100.0,55900.00000000001,54500.0,55800.0,26428596.0,54621.85546875,005930,True,False
2025-02-13 00:00:00,56100.0,56400.0,55600.0,55800.0,22448377.0,54621.85546875,005930,True,False
2025-02-14 00:00:00,56000.0,57299.99999999999,56000.0,56000.0,23979779.0,54817.6328125,005930,True,False
2025-02-17 00:00:00,56100.0,56500.0,55700.0,56000.0,11916027.0,54817.6328125,005930,True,False
2025-02-18 00:00:00,56200.0,57200.00000000001,55900.0,56900.0,22131007.0,55698.6328125,005930,True,False
2025-02-19 00:00:00,57400.0,58900.0,57300.0,58700.0,25395151.0,57460.625,005930,True,False
2025-02-20 00:00:00,59100.00000000001,59100.00000000001,58100.0,58400.0,21589059.0,57166.9609375,005930,True,False
2025-02-21 00:00:00,58400.0,58500.0,57100.0,58200.0,22198428.0,56971.18359375,005930,True,False
2025-02-24 00:00:00,57300.0,57699.99999999999,57200.0,57300.0,14138471.0,56090.18359375,005930,True,False
2025-02-25 00:00:00,56600.0,57799.99999999999,56500.0,57200.0,14625181.0,55992.30078125,005930,True,False
2025-02-26 00:00:00,57000.0,57100.0,56100.0,56600.0,18117091.0,55404.96484375,005930,True,False
2025-02-27 00:00:00,56499.99999999999,57100.0,56200.0,56300.0,14975356.0,55111.30078125,005930,True,False
2025-02-28 00:00:00,55400.0,55700.0,54500.0,54500.0,28036698.0,53349.3046875,005930,True,False
2025-03-04 00:00:00,53900.0,55000.0,53800.0,54500.0,18553933.0,53349.3046875,005930,True,False
2025-03-05 00:00:00,55100.0,55400.0,54000.0,54000.0,16578817.0,52859.86328125,005930,True,False
2025-03-06 00:00:00,54100.0,54500.0,54000.0,54300.0,12258101.0,53153.5234375,005930,True,False
2025-03-07 00:00:00,53500.0,54200.0,53400.0,53700.0,14274992.0,52566.1953125,005930,True,False
2025-03-10 00:00:00,53500.0,54800.0,53500.0,53700.0,12921670.0,52566.1953125,005930,True,False
2025-03-11 00:00:00,52500.0,54100.0,52500.0,53600.0,17740891.0,52468.3046875,005930,True,False
2025-03-12 00:00:00,53800.0,55300.0,53600.0,54900.0,17973221.0,53740.859375,005930,True,False
2025-03-13 00:00:00,55799.99999999999,55900.00000000001,54200.0,54700.0,24132151.0,53545.08203125,005930,True,False
2025-03-14 00:00:00,54500.0,55100.0,54400.0,54700.0,10845154.0,53545.08203125,005930,True,False
2025-03-17 00:00:00,55500.0,57800.00000000001,55400.0,57600.0,35559021.0,56383.8515625,005930,True,False
2025-03-18 00:00:00,58799.99999999999,59000.0,57300.0,57600.0,28138594.0,56383.8515625,005930,True,False
2025-03-19 00:00:00,57400.0,59200.0,57400.0,58500.0,29421759.0,57264.84765625,005930,True,False
2025-03-20 00:00:00,59200.0,60300.00000000001,58500.0,60200.0,34989004.0,58928.95703125,005930,True,False
2025-03-21 00:00:00,60900.0,61700.0,60400.0,61700.0,40155612.0,60397.28515625,005930,True,False
2025-03-24 00:00:00,61200.00000000001,61599.99999999999,60500.0,60500.0,14088094.0,59222.62109375,005930,True,False
2025-03-25 00:00:00,60900.00000000001,61100.00000000001,59500.0,59800.0,17259455.0,58537.3984375,005930,True,False
2025-03-26 00:00:00,59800.0,61400.0,59700.0,61400.0,16431645.0,60103.62109375,005930,True,False
2025-03-27 00:00:00,60900.0,62000.00000000001,60800.0,61800.0,20389790.0,60495.17578125,005930,True,False
2025-03-28 00:00:00,60700.00000000001,61099.99999999999,60000.0,60200.0,16282514.0,59279.0703125,005930,True,False
2025-03-31 00:00:00,59499.99999999999,59700.0,57800.0,57800.0,17633494.0,56915.78125,005930,True,False
2025-04-01 00:00:00,58700.0,59600.0,57900.0,58800.0,13841706.0,57900.48828125,005930,True,False
2025-04-02 00:00:00,58800.0,59399.99999999999,58300.0,58800.0,14402297.0,57900.48828125,005930,True,False
2025-04-03 00:00:00,56900.0,57800.00000000001,56900.0,57600.0,19508076.0,56718.84375,005930,True,False
2025-04-04 00:00:00,56199.99999999999,58199.99999999999,55700.0,56100.0,23527139.0,55241.7890625,005930,True,False
2025-04-07 00:00:00,53300.0,54100.00000000001,53100.0,53200.0,31998883.0,52386.15234375,005930,True,False
2025-04-08 00:00:00,54999.99999999999,55300.0,53300.0,53500.0,25532845.0,52681.5625,005930,True,False
2025-04-09 00:00:00,53300.00000000001,54300.00000000001,52900.0,53000.0,20576960.0,52189.21484375,005930,True,False
2025-04-10 00:00:00,56600.0,56699.99999999999,55000.0,56400.0,22948172.0,55537.203125,005930,True,False
2025-04-11 00:00:00,55600.0,55699.99999999999,54800.0,55200.0,13930480.0,54355.55859375,005930,True,False
2025-04-14 00:00:00,56300.0,56700.0,55800.0,56200.0,12852613.0,55340.2578125,005930,True,False
2025-04-15 00:00:00,56300.0,57100.0,56200.0,56600.0,8998640.0,55734.140625,005930,True,False
2025-04-16 00:00:00,56000.0,56200.0,54500.0,54700.0,14437025.0,53863.2109375,005930,True,False
2025-04-17 00:00:00,54700.0,55300.0,54500.0,55100.0,10867069.0,54257.0859375,005930,True,False
2025-04-18 00:00:00,55300.0,55599.99999999999,54900.0,55300.0,5848342.0,54454.02734375,005930,True,False
2025-04-21 00:00:00,55200.0,55999.99999999999,55100.0,55400.0,5941847.0,54552.5,005930,True,False
2025-04-22 00:00:00,54900.0,55500.0,54700.0,55000.0,9532469.0,54158.6171875,005930,True,False
2025-04-23 00:00:00,56000.0,56100.0,55500.0,55700.0,11148692.0,54847.9140625,005930,True,False
2025-04-24 00:00:00,55600.0,55800.0,55200.0,55700.0,10580377.0,54847.9140625,005930,True,False
2025-04-25 00:00:00,56399.99999999999,56399.99999999999,55600.0,55700.0,12183303.0,54847.9140625,005930,True,False
2025-04-28 00:00:00,55800.0,55900.00000000001,55500.0,55800.0,9341518.0,54946.37890625,005930,True,False
2025-04-29 00:00:00,55700.0,56500.0,55600.0,55800.0,10295518.0,54946.37890625,005930,True,False
2025-04-30 00:00:00,55899.99999999999,55999.99999999999,55300.0,55500.0,13014189.0,54650.96875,005930,True,False
2025-05-02 00:00:00,55000.00000000001,55500.0,54200.0,54300.0,22454204.0,53469.32421875,005930,True,False
2025-05-07 00:00:00,54500.0,55000.0,54300.0,54600.0,17136991.0,53764.734375,005930,True,False
2025-05-08 00:00:00,55100.0,55500.0,54500.0,54600.0,16320532.0,53764.734375,005930,True,False
2025-05-09 00:00:00,54700.0,55000.0,54400.0,54800.0,7814322.0,53961.67578125,005930,True,False
2025-05-12 00:00:00,55200.0,57600.0,55000.0,57600.0,15414702.0,56718.84375,005930,True,False
2025-05-13 00:00:00,57699.99999999999,58200.0,56800.0,56900.0,16842801.0,56029.55078125,005930,True,False
2025-05-14 00:00:00,57500.00000000001,57900.0,57000.0,57400.0,12468089.0,56521.90234375,005930,True,False
2025-05-15 00:00:00,57400.0,58600.0,57100.0,57300.0,13139736.0,56423.43359375,005930,True,False
2025-05-16 00:00:00,57400.00000000001,57499.99999999999,56700.0,56800.0,10385352.0,55931.08203125,005930,True,False
2025-05-19 00:00:00,56400.0,56400.0,55500.0,55800.0,9802105.0,54946.37890625,005930,True,False
2025-05-20 00:00:00,56199.99999999999,56700.00000000001,55700.0,55900.0,9080577.0,55044.84765625,005930,True,False
2025-05-21 00:00:00,56199.99999999999,56600.00000000001,55700.0,55700.0,7794181.0,54847.9140625,005930,True,False
2025-05-22 00:00:00,55300.0,55500.0,54500.0,54700.0,15254278.0,53863.2109375,005930,True,False
2025-05-23 00:00:00,55000.0,55200.0,54100.0,54200.0,11247115.0,53370.85546875,005930,True,False
2025-05-26 00:00:00,53900.0,55000.00000000001,53700.0,54700.0,10901337.0,53863.2109375,005930,True,False
2025-05-27 00:00:00,54200.0,54500.0,53800.0,53900.0,13439520.0,53075.4453125,005930,True,False
2025-05-28 00:00:00,54300.0,56100.0,54200.0,55900.0,17516283.0,55044.84765625,005930,True,False
2025-05-29 00:00:00,56199.99999999999,56400.0,55600.0,56100.0,12936810.0,55241.7890625,005930,True,False
2025-05-30 00:00:00,56200.0,57200.0,55800.0,56200.0,26219683.0,55340.2578125,005930,True,False
2025-06-02 00:00:00,56300.0,57300.0,56200.0,56800.0,12870515.0,55931.08203125,005930,True,False
2025-06-04 00:00:00,57200.0,57899.99999999999,56800.0,57800.0,19649983.0,56915.78125,005930,True,False
2025-06-05 00:00:00,58100.0,59900.0,57900.0,59100.0,23266027.0,58195.89453125,005930,True,False
2025-06-09 00:00:00,60400.0,60400.0,59500.0,59800.0,19609659.0,58885.1875,005930,True,False
2025-06-10 00:00:00,60000.00000000001,60099.99999999999,58800.0,59200.0,15305760.0,58294.3671875,005930,True,False
2025-06-11 00:00:00,59500.0,60100.0,59400.0,59900.0,13610734.0,58983.65625,005930,True,False
2025-06-12 00:00:00,59700.0,60000.0,59300.0,59500.0,17755115.0,58589.77734375,005930,True,False
2025-06-13 00:00:00,60200.0,60200.0,57700.0,58300.0,20705979.0,57408.1328125,005930,True,False
2025-06-16 00:00:00,58000.0,58100.00000000001,56900.0,57200.0,22200872.0,56324.9609375,005930,True,False
2025-06-17 00:00:00,57800.0,59800.00000000001,57400.0,58100.0,28637003.0,57211.1953125,005930,True,False
2025-06-18 00:00:00,58000.0,59800.0,57900.0,59800.0,17620705.0,58885.1875,005930,True,False
2025-06-19 00:00:00,60500.0,60600.0,59000.0,59200.0,16876278.0,58294.3671875,005930,True,False
2025-06-20 00:00:00,59400.0,59800.0,59100.0,59500.0,18072251.0,58589.77734375,005930,True,False
2025-06-23 00:00:00,58400.0,58500.0,57600.0,58000.0,16551694.0,57112.72265625,005930,True,False
2025-06-24 00:00:00,59400.0,60600.0,59300.0,60500.0,23737899.0,59574.48046875,005930,True,False
2025-06-25 00:00:00,61500.0,61599.99999999999,60300.0,61300.0,23933612.0,60362.2421875,005930,True,False
2025-06-26 00:00:00,61300.00000000001,61300.00000000001,59900.0,60200.0,19402300.0,59279.0703125,005930,True,False
2025-06-27 00:00:00,60100.0,61599.99999999999,60000.0,60800.0,17340470.0,60237.1171875,005930,True,False
2025-06-30 00:00:00,61200.0,61200.0,59800.0,59800.0,17110294.0,59246.375,005930,True,False
2025-07-01 00:00:00,60399.99999999999,61099.99999999999,60200.0,60200.0,13650991.0,59642.671875,005930,True,False
2025-07-02 00:00:00,60200.0,60900.0,59800.0,60800.0,15047951.0,60237.1171875,005930,True,False
2025-07-03 00:00:00,61300.0,63800.0,61100.0,63800.0,32040639.0,63209.34375,005930,True,False
2025-07-04 00:00:00,64700.00000000001,64700.00000000001,63000.0,63300.0,23748959.0,62713.97265625,005930,True,False
2025-07-07 00:00:00,62900.0,63300.00000000001,61700.0,61700.0,17164708.0,61128.78515625,005930,True,False
2025-07-08 00:00:00,61600.0,62400.0,61000.0,61400.0,20213724.0,60831.5625,005930,True,False
2025-07-09 00:00:00,61400.0,61400.0,60200.0,60400.0,17533415.0,59840.8203125,005930,True,False
2025-07-10 00:00:00,60600.0,61200.0,60400.0,61000.0,14768473.0,60435.265625,005930,True,False
2025-07-11 00:00:00,61300.0,62799.99999999999,61200.0,62600.0,19140650.0,62020.453125,005930,True,False
2025-07-14 00:00:00,62300.0,62600.0,61800.0,62500.0,13563846.0,61921.37890625,005930,True,False
2025-07-15 00:00:00,62300.0,63799.99999999999,62000.0,63700.0,18442202.0,63110.26953125,005930,True,False
2025-07-16 00:00:00,63700.0,64700.0,63100.0,64700.0,23042660.0,64101.01171875,005930,True,False
2025-07-17 00:00:00,65900.0,66800.0,64400.0,66700.0,39448683.0,66082.5,005930,True,False
2025-07-18 00:00:00,67000.0,67800.0,66300.0,67100.0,23951531.0,66478.7890625,005930,True,False
2025-07-21 00:00:00,67400.0,68800.0,67200.0,67800.0,17723148.0,67172.3125,005930,True,False
2025-07-22 00:00:00,68100.0,68500.0,65600.0,66000.0,20829006.0,65388.9765625,005930,True,False
2025-07-23 00:00:00,66200.0,66500.0,64900.0,66400.0,15687058.0,65785.2734375,005930,True,False
2025-07-24 00:00:00,66500.0,66800.0,65900.0,66000.0,12660193.0,65388.9765625,005930,True,False
2025-07-25 00:00:00,65700.0,66300.0,65500.0,65900.0,8080910.0,65289.90625,005930,True,False
2025-07-28 00:00:00,68200.0,70400.0,67200.0,70400.0,35332500.0,69748.2421875,005930,True,False
2025-07-29 00:00:00,70800.0,70800.0,68800.0,70600.0,28190940.0,69946.3828125,005930,True,False
2025-07-30 00:00:00,71000.0,73700.0,70600.0,72600.0,34761444.0,71927.875,005930,True,False
2025-07-31 00:00:00,73000.0,74000.0,71000.0,71400.0,26568072.0,70738.984375,005930,True,False
2025-08-01 00:00:00,70200.0,72000.0,68800.0,68900.0,24038534.0,68262.125,005930,True,False
2025-08-04 00:00:00,69500.0,70200.0,68700.0,69700.0,14780072.0,69054.71875,005930,True,False
2025-08-05 00:00:00,71000.0,71500.0,69700.0,69900.0,14392903.0,69252.8671875,005930,True,False
2025-08-06 00:00:00,69200.0,69400.0,68300.0,68800.0,12542415.0,68163.0546875,005930,True,False
2025-08-07 00:00:00,70799.99999999999,71000.0,69700.0,70500.0,15008213.0,69847.3125,005930,True,False
2025-08-08 00:00:00,71000.0,72400.0,70700.0,71800.0,22241128.0,71135.28125,005930,True,False
2025-08-11 00:00:00,72000.0,72100.0,70800.0,71000.0,11354253.0,70342.6875,005930,True,False
2025-08-12 00:00:00,71100.0,72400.0,71100.0,71100.0,15797656.0,70441.7578125,005930,True,False
2025-08-13 00:00:00,71900.0,72100.0,71400.0,71900.0,12305742.0,71234.3515625,005930,True,False
2025-08-14 00:00:00,71900.0,71900.0,71200.0,71600.0,11946122.0,70937.1328125,005930,True,False
2025-08-18 00:00:00,71100.0,71200.0,70000.0,70000.0,13595591.0,69351.9375,005930,True,False
2025-08-19 00:00:00,70400.0,70700.0,69700.0,70000.0,10533082.0,69351.9375,005930,True,False
2025-08-20 00:00:00,70100.0,70700.0,69400.0,70500.0,17445516.0,69847.3125,005930,True,False
2025-08-21 00:00:00,71500.0,71900.0,70600.0,70600.0,18843833.0,69946.3828125,005930,True,False
2025-08-22 00:00:00,71700.0,71800.0,70800.0,71400.0,9277432.0,70738.984375,005930,True,False
2025-08-25 00:00:00,71700.0,71800.0,71000.0,71500.0,10345178.0,70838.0625,005930,True,False
2025-08-26 00:00:00,70800.0,71100.0,70300.0,70300.0,14712519.0,69649.1640625,005930,True,False
2025-08-27 00:00:00,70100.0,70900.0,69800.0,70600.0,10523405.0,69946.3828125,005930,True,False
2025-08-28 00:00:00,70100.0,70400.0,69600.0,69600.0,11578024.0,68955.6484375,005930,True,False
2025-08-29 00:00:00,70100.00000000001,70500.0,69700.0,69700.0,11682267.0,69054.71875,005930,True,False
2025-09-01 00:00:00,68400.0,68600.0,67500.0,67600.0,12002343.0,66974.1640625,005930,True,False
2025-09-02 00:00:00,67800.0,69500.0,67800.0,69100.0,10604028.0,68460.2734375,005930,True,False
2025-09-03 00:00:00,69200.0,69800.0,68800.0,69800.0,10283009.0,69153.796875,005930,True,False
2025-09-04 00:00:00,69500.0,70100.0,69300.0,70100.0,12284414.0,69451.0234375,005930,True,False
2025-09-05 00:00:00,70300.00000000001,70400.0,69500.0,69500.0,11526724.0,68856.578125,005930,True,False
2025-09-08 00:00:00,69800.0,70499.99999999999,69600.0,70100.0,9263135.0,69451.0234375,005930,True,False
2025-09-09 00:00:00,70100.0,71500.0,70000.0,71500.0,14870245.0,70838.0625,005930,True,False
2025-09-10 00:00:00,71800.0,72800.0,71600.0,72600.0,21928565.0,71927.875,005930,True,False
2025-09-11 00:00:00,73200.0,73600.0,72100.0,73400.0,20793501.0,72720.4609375,005930,True,False
2025-09-12 00:00:00,74600.0,75600.0,74200.0,75400.0,28219678.0,74701.9453125,005930,True,False
2025-09-15 00:00:00,77200.0,77600.0,75900.0,76500.0,19908805.0,75791.765625,005930,True,False
2025-09-16 00:00:00,76900.0,79500.0,76700.0,79400.0,28218265.0,78664.921875,005930,True,False
2025-09-17 00:00:00,79100.0,79100.0,77100.0,78200.0,20856317.0,77476.0234375,005930,True,False
2025-09-18 00:00:00,79100.0,80500.0,78600.0,80300.0,25619035.0,79556.5859375,005930,True,False
2025-09-22 00:00:00,81500.0,84000.0,81100.0,83500.0,27529656.0,82726.9609375,005930,True,False
2025-09-23 00:00:00,85799.99999999999,85900.0,83600.0,84700.0,23610263.0,83915.8515625,005930,True,False
2025-09-24 00:00:00,84200.0,85499.99999999999,83700.0,85400.0,18300997.0,84609.375,005930,True,False
2025-09-25 00:00:00,84400.0,86200.0,84100.0,86100.0,19665151.0,85302.890625,005930,True,False
2025-09-26 00:00:00,85000.0,85300.00000000001,82400.0,83300.0,24071193.0,82528.8125,005930,True,False
2025-09-29 00:00:00,83300.0,85000.0,83200.0,84200.0,13069094.0,83792.671875,005930,True,False
2025-09-30 00:00:00,84600.00000000001,84900.0,83400.0,83900.0,16319061.0,83494.125,005930,True,False
2025-10-01 00:00:00,84900.0,86200.0,84700.0,86000.0,22039361.0,85583.9609375,005930,True,False
2025-10-02 00:00:00,89300.0,90300.0,88700.0,89750.0,49883028.0,89315.8203125,005930,True,False
2025-10-10 00:00:00,94000.0,94500.0,92700.0,94400.0,35269748.0,93943.328125,005930,True,False
2025-10-13 00:00:00,91300.0,93400.0,90700.0,93300.0,23883308.0,92848.6484375,005930,True,False
2025-10-14 00:00:00,95300.0,96000.0,90200.0,91600.0,35545235.0,91156.875,005930,True,False
2025-10-15 00:00:00,92300.0,95299.99999999999,92100.0,95000.0,21050111.0,94540.421875,005930,True,False
2025-10-16 00:00:00,95300.0,97700.0,95000.0,97700.0,28141060.0,97227.3671875,005930,True,False
2025-10-17 00:00:00,97200.0,99100.0,96700.0,97900.0,22730809.0,97426.3984375,005930,True,False
2025-10-20 00:00:00,97900.0,98300.00000000001,96000.0,98100.0,17589756.0,97625.4296875,005930,True,False
2025-10-21 00:00:00,98500.0,99900.00000000001,97300.0,97500.0,22803830.0,97028.328125,005930,True,False
2025-10-22 00:00:00,97100.0,98600.0,95500.0,98600.0,15937611.0,98123.0078125,005930,True,False
2025-10-23 00:00:00,96799.99999999999,98500.0,96300.0,96500.0,18488581.0,96033.171875,005930,True,False
2025-10-24 00:00:00,97900.0,99000.00000000001,97700.0,98800.0,18801925.0,98322.0390625,005930,True,False
2025-10-27 00:00:00,101300.0,102000.0,100600.0,102000.0,22169970.0,101506.5625,005930,True,False
2025-10-28 00:00:00,100900.0,101000.0,99100.0,99500.0,20002282.0,99018.65625,005930,True,False
2025-10-29 00:00:00,100200.0,101000.00000000001,99100.0,100500.0,20899788.0,100013.8203125,005930,True,False
2025-10-30 00:00:00,102400.0,105799.99999999999,102000.0,104100.0,34570017.0,103596.40625,005930,True,False
2025-10-31 00:00:00,105000.0,108600.0,103300.0,107500.0,54824564.0,106979.953125,005930,True,False
2025-11-03 00:00:00,106900.0,111499.99999999999,106500.0,111100.0,30110066.0,110562.5390625,005930,True,False
2025-11-04 00:00:00,111800.00000000001,112400.00000000001,104900.0,104900.0,30450281.0,104392.53125,005930,True,False
2025-11-05 00:00:00,101000.0,102000.0,96700.0,100600.0,44843020.0,100113.3359375,005930,True,False
2025-11-06 00:00:00,103700.0,103800.0,98800.0,99200.0,28655689.0,98720.109375,005930,True,False
2025-11-07 00:00:00,96400.0,100299.99999999999,96300.0,97900.0,22908083.0,97426.3984375,005930,True,False
2025-11-10 00:00:00,98600.0,101000.0,97900.0,100600.0,23842327.0,100113.3359375,005930,True,False
2025-11-11 00:00:00,103700.0,106000.00000000001,102000.0,103500.0,27742542.0,102999.3046875,005930,True,False
2025-11-12 00:00:00,103000.0,103899.99999999999,101600.0,103100.0,19413497.0,102601.2421875,005930,True,False
2025-11-13 00:00:00,102500.0,104200.0,102300.0,102800.0,20838741.0,102302.6953125,005930,True,False
2025-11-14 00:00:00,99000.00000000001,99600.00000000001,97200.0,97200.0,21806342.0,96729.78125,005930,True,False
2025-11-17 00:00:00,99800.0,101000.0,99500.0,100600.0,17192584.0,100113.3359375,005930,True,False
2025-11-18 00:00:00,99800.0,100900.0,97500.0,97800.0,18684068.0,97326.8828125,005930,True,False
2025-11-19 00:00:00,97100.0,97500.0,94600.0,96500.0,18993346.0,96033.171875,005930,True,False
2025-11-20 00:00:00,100900.00000000001,102899.99999999999,99500.0,100600.0,25360435.0,100113.3359375,005930,True,False
2025-11-21 00:00:00,95599.99999999999,96800.0,94500.0,94800.0,23103574.0,94341.390625,005930,True,False
2025-11-24 00:00:00,97800.0,99000.0,96200.0,96700.0,29831172.0,96232.203125,005930,True,False
2025-11-25 00:00:00,101400.0,101400.0,97800.0,99300.0,16110054.0,98819.625,005930,True,False
2025-11-26 00:00:00,100500.0,102900.0,99300.0,102800.0,21314975.0,102302.6953125,005930,True,False
2025-11-27 00:00:00,104099.99999999999,105500.00000000001,102700.0,103500.0,16453004.0,102999.3046875,005930,True,False
2025-11-28 00:00:00,103800.0,103800.0,100500.0,100500.0,15292277.0,100013.8203125,005930,True,False
2025-12-01 00:00:00,102000.0,102800.0,99900.0,100800.0,10905526.0,100312.3671875,005930,True,False
2025-12-02 00:00:00,101200.0,103500.0,101000.0,103400.0,13649487.0,102899.7890625,005930,True,False
2025-12-03 00:00:00,104700.0,105500.0,104000.0,104500.0,14697927.0,103994.46875,005930,True,False
2025-12-04 00:00:00,103900.0,105100.0,103200.0,105100.0,11931145.0,104591.5625,005930,True,False
2025-12-05 00:00:00,105300.0,108400.0,104600.0,108400.0,19755571.0,107875.6015625,005930,True,False
2025-12-08 00:00:00,109700.00000000001,110000.0,108000.0,109500.0,15527762.0,108970.28125,005930,True,False
2025-12-09 00:00:00,108900.00000000001,109400.0,107300.0,108400.0,13671800.0,107875.6015625,005930,True,False
2025-12-10 00:00:00,108300.0,109800.0,107400.0,108000.0,12365092.0,107477.5390625,005930,True,False
2025-12-11 00:00:00,109199.99999999999,110500.0,107300.0,107300.0,22994507.0,106780.921875,005930,True,False
2025-12-12 00:00:00,107100.0,108900.0,106800.0,108900.0,14210314.0,108373.1796875,005930,True,False
2025-12-15 00:00:00,105300.00000000001,105800.0,104600.0,104800.0,20594654.0,104293.015625,005930,True,False
2025-12-16 00:00:00,104899.99999999999,105599.99999999999,102700.0,102800.0,18852079.0,102302.6953125,005930,True,False
2025-12-17 00:00:00,103500.0,108100.00000000001,103400.0,107900.0,22297611.0,107378.015625,005930,True,False
2025-12-18 00:00:00,106400.0,108200.00000000001,105700.0,107600.0,20445631.0,107079.46875,005930,True,False
2025-12-19 00:00:00,109700.00000000001,109700.00000000001,106200.0,106300.0,25917098.0,105785.7578125,005930,True,False
2025-12-22 00:00:00,109700.0,110500.0,109300.0,110500.0,24859171.0,109965.4453125,005930,True,False
2025-12-23 00:00:00,110900.0,112500.0,110400.0,111500.0,20419187.0,110960.6015625,005930,True,False
2025-12-24 00:00:00,112400.00000000001,112400.00000000001,110900.0,111100.0,12492939.0,110562.5390625,005930,True,False
2025-12-26 00:00:00,112400.0,117000.0,112400.0,117000.0,34018174.0,116434.0,005930,True,False
2025-12-29 00:00:00,119400.0,119700.0,118200.0,119500.0,19676004.0,119500.0,005930,True,False
2025-12-30 00:00:00,119100.0,121199.99999999999,118700.0,119900.0,19746349.0,119900.0,005930,True,False
2025-01-02 00:00:00,52700.0,53600.0,52300.0,53400.0,16630538.0,52272.52734375,005930,True,
2025-01-03 00:00:00,52800.0,55100.0,52800.0,54400.0,19318046.0,53251.41796875,005930,True,
2025-01-06 00:00:00,54400.0,56200.0,54300.0,55900.0,19034284.0,54719.74609375,005930,True,
2025-01-07 00:00:00,56800.0,57300.0,55400.0,55400.0,17030235.0,54230.30078125,005930,True,
2025-01-08 00:00:00,54800.0,57500.0,54700.0,57300.0,26593553.0,56090.18359375,005930,True,
2025-01-09 00:00:00,57600.0,57700.0,56100.0,56100.0,24490592.0,54915.5234375,005930,True,
2025-01-10 00:00:00,56100.0,56500.0,55200.0,55300.0,16059223.0,54132.41015625,005930,True,
2025-01-13 00:00:00,54600.0,55000.0,54100.0,54100.0,16868600.0,52957.75,005930,True,
2025-01-14 00:00:00,54200.0,54600.0,53700.0,53900.0,17465926.0,52761.96875,005930,True,
2025-01-15 00:00:00,54100.0,54700.0,53500.0,53700.0,18625025.0,52566.1953125,005930,True,
2025-01-16 00:00:00,54200.0,55000.0,54100.0,54300.0,18627298.0,53153.5234375,005930,True,
2025-01-17 00:00:00,53800.0,54100.0,53200.0,53700.0,18805344.0,52566.1953125,005930,True,
2025-01-20 00:00:00,53600.0,53900.0,53300.0,53400.0,11822531.0,52272.52734375,005930,True,
2025-01-21 00:00:00,53700.0,54300.0,53300.0,53500.0,13535702.0,52370.41796875,005930,True,
2025-01-22 00:00:00,53400.0,54400.0,53100.0,54300.0,18341991.0,53153.5234375,005930,True,
2025-01-23 00:00:00,53700.0,54100.0,53500.0,53700.0,15588067.0,52566.1953125,005930,True,
2025-01-24 00:00:00,53600.0,53800.0,53200.0,53700.0,11867631.0,52566.1953125,005930,True,
2025-01-31 00:00:00,52200.0,53000.0,51700.0,52400.0,42186279.0,51293.64453125,005930,True,
2025-02-03 00:00:00,51100.0,51400.0,50800.0,51000.0,32344897.0,49923.20703125,005930,True,
2025-02-04 00:00:00,51600.0,53600.0,51500.0,52700.0,27214851.0,51587.30859375,005930,True,
2025-02-05 00:00:00,53600.0,53800.0,52800.0,52900.0,15974885.0,51783.0859375,005930,True,
2025-02-06 00:00:00,53400.0,54000.0,53200.0,54000.0,16466025.0,52859.86328125,005930,True,
2025-02-07 00:00:00,53900.0,54200.0,53600.0,53700.0,14476866.0,52566.1953125,005930,True,
2025-02-10 00:00:00,53000.0,55900.0,52900.0,55600.0,27577591.0,54426.078125,005930,True,
2025-02-11 00:00:00,55500.0,56300.0,55000.0,55700.0,24596196.0,54523.96875,005930,True,
2025-02-12 00:00:00,55100.0,55900.0,54500.0,55800.0,26428596.0,54621.85546875,005930,True,
2025-02-13 00:00:00,56100.0,56400.0,55600.0,55800.0,22448377.0,54621.85546875,005930,True,
2025-02-14 00:00:00,56000.0,57300.0,56000.0,56000.0,23979779.0,54817.6328125,005930,True,
2025-02-17 00:00:00,56100.0,56500.0,55700.0,56000.0,11916027.0,54817.6328125,005930,True,
2025-02-18 00:00:00,56200.0,57200.0,55900.0,56900.0,22131007.0,55698.6328125,005930,True,
2025-02-19 00:00:00,57400.0,58900.0,57300.0,58700.0,25395151.0,57460.625,005930,True,
2025-02-20 00:00:00,59100.0,59100.0,58100.0,58400.0,21589059.0,57166.9609375,005930,True,
2025-02-21 00:00:00,58400.0,58500.0,57100.0,58200.0,22198428.0,56971.18359375,005930,True,
2025-02-24 00:00:00,57300.0,57700.0,57200.0,57300.0,14138471.0,56090.18359375,005930,True,
2025-02-25 00:00:00,56600.0,57800.0,56500.0,57200.0,14625181.0,55992.30078125,005930,True,
2025-02-26 00:00:00,57000.0,57100.0,56100.0,56600.0,18117091.0,55404.96484375,005930,True,
2025-02-27 00:00:00,56500.0,57100.0,56200.0,56300.0,14975356.0,55111.30078125,005930,True,
2025-02-28 00:00:00,55400.0,55700.0,54500.0,54500.0,28036698.0,53349.3046875,005930,True,
2025-03-04 00:00:00,53900.0,55000.0,53800.0,54500.0,18553933.0,53349.3046875,005930,True,
2025-03-05 00:00:00,55100.0,55400.0,54000.0,54000.0,16578817.0,52859.86328125,005930,True,
2025-03-06 00:00:00,54100.0,54500.0,54000.0,54300.0,12258101.0,53153.5234375,005930,True,
2025-03-07 00:00:00,53500.0,54200.0,53400.0,53700.0,14274992.0,52566.1953125,005930,True,
2025-03-10 00:00:00,53500.0,54800.0,53500.0,53700.0,12921670.0,52566.1953125,005930,True,
2025-03-11 00:00:00,52500.0,54100.0,52500.0,53600.0,17740891.0,52468.3046875,005930,True,
2025-03-12 00:00:00,53800.0,55300.0,53600.0,54900.0,17973221.0,53740.859375,005930,True,
2025-03-13 00:00:00,55800.0,55900.0,54200.0,54700.0,24132151.0,53545.08203125,005930,True,
2025-03-14 00:00:00,54500.0,55100.0,54400.0,54700.0,10845154.0,53545.08203125,005930,True,
2025-03-17 00:00:00,55500.0,57800.0,55400.0,57600.0,35559021.0,56383.8515625,005930,True,
2025-03-18 00:00:00,58800.0,59000.0,57300.0,57600.0,28138594.0,56383.8515625,005930,True,
2025-03-19 00:00:00,57400.0,59200.0,57400.0,58500.0,29421759.0,57264.84765625,005930,True,
2025-03-20 00:00:00,59200.0,60300.0,58500.0,60200.0,34989004.0,58928.95703125,005930,True,
2025-03-21 00:00:00,60900.0,61700.0,60400.0,61700.0,40155612.0,60397.28515625,005930,True,
2025-03-24 00:00:00,61200.0,61600.0,60500.0,60500.0,14088094.0,59222.62109375,005930,True,
2025-03-25 00:00:00,60900.0,61100.0,59500.0,59800.0,17259455.0,58537.3984375,005930,True,
2025-03-26 00:00:00,59800.0,61400.0,59700.0,61400.0,16431645.0,60103.62109375,005930,True,
2025-03-27 00:00:00,60900.0,62000.0,60800.0,61800.0,20389790.0,60495.17578125,005930,True,
2025-03-28 00:00:00,60700.0,61100.0,60000.0,60200.0,16282514.0,59279.0703125,005930,True,
2025-03-31 00:00:00,59500.0,59700.0,57800.0,57800.0,17633494.0,56915.78125,005930,True,
2025-04-01 00:00:00,58700.0,59600.0,57900.0,58800.0,13841706.0,57900.48828125,005930,True,
2025-04-02 00:00:00,58800.0,59400.0,58300.0,58800.0,14402297.0,57900.48828125,005930,True,
2025-04-03 00:00:00,56900.0,57800.0,56900.0,57600.0,19508076.0,56718.84375,005930,True,
2025-04-04 00:00:00,56200.0,58200.0,55700.0,56100.0,23527139.0,55241.7890625,005930,True,
2025-04-07 00:00:00,53300.0,54100.0,53100.0,53200.0,31998883.0,52386.15234375,005930,True,
2025-04-08 00:00:00,55000.0,55300.0,53300.0,53500.0,25532845.0,52681.5625,005930,True,
2025-04-09 00:00:00,53300.0,54300.0,52900.0,53000.0,20576960.0,52189.21484375,005930,True,
2025-04-10 00:00:00,56600.0,56700.0,55000.0,56400.0,22948172.0,55537.203125,005930,True,
2025-04-11 00:00:00,55600.0,55700.0,54800.0,55200.0,13930480.0,54355.55859375,005930,True,
2025-04-14 00:00:00,56300.0,56700.0,55800.0,56200.0,12852613.0,55340.2578125,005930,True,
2025-04-15 00:00:00,56300.0,57100.0,56200.0,56600.0,8998640.0,55734.140625,005930,True,
2025-04-16 00:00:00,56000.0,56200.0,54500.0,54700.0,14437025.0,53863.2109375,005930,True,
2025-04-17 00:00:00,54700.0,55300.0,54500.0,55100.0,10867069.0,54257.0859375,005930,True,
2025-04-18 00:00:00,55300.0,55600.0,54900.0,55300.0,5848342.0,54454.02734375,005930,True,
2025-04-21 00:00:00,55200.0,56000.0,55100.0,55400.0,5941847.0,54552.5,005930,True,
2025-04-22 00:00:00,54900.0,55500.0,54700.0,55000.0,9532469.0,54158.6171875,005930,True,
2025-04-23 00:00:00,56000.0,56100.0,55500.0,55700.0,11148692.0,54847.9140625,005930,True,
2025-04-24 00:00:00,55600.0,55800.0,55200.0,55700.0,10580377.0,54847.9140625,005930,True,
2025-04-25 00:00:00,56400.0,56400.0,55600.0,55700.0,12183303.0,54847.9140625,005930,True,
2025-04-28 00:00:00,55800.0,55900.0,55500.0,55800.0,9341518.0,54946.37890625,005930,True,
2025-04-29 00:00:00,55700.0,56500.0,55600.0,55800.0,10295518.0,54946.37890625,005930,True,
2025-04-30 00:00:00,55900.0,56000.0,55300.0,55500.0,13014189.0,54650.96875,005930,True,
2025-05-02 00:00:00,55000.0,55500.0,54200.0,54300.0,22454204.0,53469.32421875,005930,True,
2025-05-07 00:00:00,54500.0,55000.0,54300.0,54600.0,17136991.0,53764.734375,005930,True,
2025-05-08 00:00:00,55100.0,55500.0,54500.0,54600.0,16320532.0,53764.734375,005930,True,
2025-05-09 00:00:00,54700.0,55000.0,54400.0,54800.0,7814322.0,53961.67578125,005930,True,
2025-05-12 00:00:00,55200.0,57600.0,55000.0,57600.0,15414702.0,56718.84375,005930,True,
2025-05-13 00:00:00,57700.0,58200.0,56800.0,56900.0,16842801.0,56029.55078125,005930,True,
2025-05-14 00:00:00,57500.0,57900.0,57000.0,57400.0,12468089.0,56521.90234375,005930,True,
2025-05-15 00:00:00,57400.0,58600.0,57100.0,57300.0,13139736.0,56423.43359375,005930,True,
2025-05-16 00:00:00,57400.0,57500.0,56700.0,56800.0,10385352.0,55931.08203125,005930,True,
2025-05-19 00:00:00,56400.0,56400.0,55500.0,55800.0,9802105.0,54946.37890625,005930,True,
2025-05-20 00:00:00,56200.0,56700.0,55700.0,55900.0,9080577.0,55044.84765625,005930,True,
2025-05-21 00:00:00,56200.0,56600.0,55700.0,55700.0,7794181.0,54847.9140625,005930,True,
2025-05-22 00:00:00,55300.0,55500.0,54500.0,54700.0,15254278.0,53863.2109375,005930,True,
2025-05-23 00:00:00,55000.0,55200.0,54100.0,54200.0,11247115.0,53370.85546875,005930,True,
2025-05-26 00:00:00,53900.0,55000.0,53700.0,54700.0,10901337.0,53863.2109375,005930,True,
2025-05-27 00:00:00,54200.0,54500.0,53800.0,53900.0,13439520.0,53075.4453125,005930,True,
2025-05-28 00:00:00,54300.0,56100.0,54200.0,55900.0,17516283.0,55044.84765625,005930,True,
2025-05-29 00:00:00,56200.0,56400.0,55600.0,56100.0,12936810.0,55241.7890625,005930,True,
2025-05-30 00:00:00,56200.0,57200.0,55800.0,56200.0,26219683.0,55340.2578125,005930,True,
2025-06-02 00:00:00,56300.0,57300.0,56200.0,56800.0,12870515.0,55931.08203125,005930,True,
2025-06-04 00:00:00,57200.0,57900.0,56800.0,57800.0,19649983.0,56915.78125,005930,True,
2025-06-05 00:00:00,58100.0,59900.0,57900.0,59100.0,23266027.0,58195.89453125,005930,True,
2025-06-09 00:00:00,60400.0,60400.0,59500.0,59800.0,19609659.0,58885.1875,005930,True,
2025-06-10 00:00:00,60000.0,60100.0,58800.0,59200.0,15305760.0,58294.3671875,005930,True,
2025-06-11 00:00:00,59500.0,60100.0,59400.0,59900.0,13610734.0,58983.65625,005930,True,
2025-06-12 00:00:00,59700.0,60000.0,59300.0,59500.0,17755115.0,58589.77734375,005930,True,
2025-06-13 00:00:00,60200.0,60200.0,57700.0,58300.0,20705979.0,57408.1328125,005930,True,
2025-06-16 00:00:00,58000.0,58100.0,56900.0,57200.0,22200872.0,56324.9609375,005930,True,
2025-06-17 00:00:00,57800.0,59800.0,57400.0,58100.0,28637003.0,57211.1953125,005930,True,
2025-06-18 00:00:00,58000.0,59800.0,57900.0,59800.0,17620705.0,58885.1875,005930,True,
2025-06-19 00:00:00,60500.0,60600.0,59000.0,59200.0,16876278.0,58294.3671875,005930,True,
2025-06-20 00:00:00,59400.0,59800.0,59100.0,59500.0,18072251.0,58589.77734375,005930,True,
2025-06-23 00:00:00,58400.0,58500.0,57600.0,58000.0,16551694.0,57112.72265625,005930,True,
2025-06-24 00:00:00,59400.0,60600.0,59300.0,60500.0,23737899.0,59574.48046875,005930,True,
2025-06-25 00:00:00,61500.0,61600.0,60300.0,61300.0,23933612.0,60362.2421875,005930,True,
2025-06-26 00:00:00,61300.0,61300.0,59900.0,60200.0,19402300.0,59279.0703125,005930,True,
2025-06-27 00:00:00,60100.0,61600.0,60000.0,60800.0,17340470.0,60237.1171875,005930,True,
2025-06-30 00:00:00,61200.0,61200.0,59800.0,59800.0,17110294.0,59246.375,005930,True,
2025-07-01 00:00:00,60400.0,61100.0,60200.0,60200.0,13650991.0,59642.671875,005930,True,
2025-07-02 00:00:00,60200.0,60900.0,59800.0,60800.0,15047951.0,60237.1171875,005930,True,
2025-07-03 00:00:00,61300.0,63800.0,61100.0,63800.0,32040639.0,63209.34375,005930,True,
2025-07-04 00:00:00,64700.0,64700.0,63000.0,63300.0,23748959.0,62713.97265625,005930,True,
2025-07-07 00:00:00,62900.0,63300.0,61700.0,61700.0,17164708.0,61128.78515625,005930,True,
2025-07-08 00:00:00,61600.0,62400.0,61000.0,61400.0,20213724.0,60831.5625,005930,True,
2025-07-09 00:00:00,61400.0,61400.0,60200.0,60400.0,17533415.0,59840.8203125,005930,True,
2025-07-10 00:00:00,60600.0,61200.0,60400.0,61000.0,14768473.0,60435.265625,005930,True,
2025-07-11 00:00:00,61300.0,62800.0,61200.0,62600.0,19140650.0,62020.453125,005930,True,
2025-07-14 00:00:00,62300.0,62600.0,61800.0,62500.0,13563846.0,61921.37890625,005930,True,
2025-07-15 00:00:00,62300.0,63800.0,62000.0,63700.0,18442202.0,63110.26953125,005930,True,
2025-07-16 00:00:00,63700.0,64700.0,63100.0,64700.0,23042660.0,64101.01171875,005930,True,
2025-07-17 00:00:00,65900.0,66800.0,64400.0,66700.0,39448683.0,66082.5,005930,True,
2025-07-18 00:00:00,67000.0,67800.0,66300.0,67100.0,23951531.0,66478.7890625,005930,True,
2025-07-21 00:00:00,67400.0,68800.0,67200.0,67800.0,17723148.0,67172.3125,005930,True,
2025-07-22 00:00:00,68100.0,68500.0,65600.0,66000.0,20829006.0,65388.9765625,005930,True,
2025-07-23 00:00:00,66200.0,66500.0,64900.0,66400.0,15687058.0,65785.2734375,005930,True,
2025-07-24 00:00:00,66500.0,66800.0,65900.0,66000.0,12660193.0,65388.9765625,005930,True,
2025-07-25 00:00:00,65700.0,66300.0,65500.0,65900.0,8080910.0,65289.90625,005930,True,
2025-07-28 00:00:00,68200.0,70400.0,67200.0,70400.0,35332500.0,69748.2421875,005930,True,
2025-07-29 00:00:00,70800.0,70800.0,68800.0,70600.0,28190940.0,69946.3828125,005930,True,
2025-07-30 00:00:00,71000.0,73700.0,70600.0,72600.0,34761444.0,71927.875,005930,True,
2025-07-31 00:00:00,73000.0,74000.0,71000.0,71400.0,26568072.0,70738.984375,005930,True,
2025-08-01 00:00:00,70200.0,72000.0,68800.0,68900.0,24038534.0,68262.125,005930,True,
2025-08-04 00:00:00,69500.0,70200.0,68700.0,69700.0,14780072.0,69054.71875,005930,True,
2025-08-05 00:00:00,71000.0,71500.0,69700.0,69900.0,14392903.0,69252.8671875,005930,True,
2025-08-06 00:00:00,69200.0,69400.0,68300.0,68800.0,12542415.0,68163.0546875,005930,True,
2025-08-07 00:00:00,70800.0,71000.0,69700.0,70500.0,15008213.0,69847.3125,005930,True,
2025-08-08 00:00:00,71000.0,72400.0,70700.0,71800.0,22241128.0,71135.28125,005930,True,
2025-08-11 00:00:00,72000.0,72100.0,70800.0,71000.0,11354253.0,70342.6875,005930,True,
2025-08-12 00:00:00,71100.0,72400.0,71100.0,71100.0,15797656.0,70441.7578125,005930,True,
2025-08-13 00:00:00,71900.0,72100.0,71400.0,71900.0,12305742.0,71234.3515625,005930,True,
2025-08-14 00:00:00,71900.0,71900.0,71200.0,71600.0,11946122.0,70937.1328125,005930,True,
2025-08-18 00:00:00,71100.0,71200.0,70000.0,70000.0,13595591.0,69351.9375,005930,True,
2025-08-19 00:00:00,70400.0,70700.0,69700.0,70000.0,10533082.0,69351.9375,005930,True,
2025-08-20 00:00:00,70100.0,70700.0,69400.0,70500.0,17445516.0,69847.3125,005930,True,
2025-08-21 00:00:00,71500.0,71900.0,70600.0,70600.0,18843833.0,69946.3828125,005930,True,
2025-08-22 00:00:00,71700.0,71800.0,70800.0,71400.0,9277432.0,70738.984375,005930,True,
2025-08-25 00:00:00,71700.0,71800.0,71000.0,71500.0,10345178.0,70838.0625,005930,True,
2025-08-26 00:00:00,70800.0,71100.0,70300.0,70300.0,14712519.0,69649.1640625,005930,True,
2025-08-27 00:00:00,70100.0,70900.0,69800.0,70600.0,10523405.0,69946.3828125,005930,True,
2025-08-28 00:00:00,70100.0,70400.0,69600.0,69600.0,11578024.0,68955.6484375,005930,True,
2025-08-29 00:00:00,70100.0,70500.0,69700.0,69700.0,11682267.0,69054.71875,005930,True,
2025-09-01 00:00:00,68400.0,68600.0,67500.0,67600.0,12002343.0,66974.1640625,005930,True,
2025-09-02 00:00:00,67800.0,69500.0,67800.0,69100.0,10604028.0,68460.2734375,005930,True,
2025-09-03 00:00:00,69200.0,69800.0,68800.0,69800.0,10283009.0,69153.796875,005930,True,
2025-09-04 00:00:00,69500.0,70100.0,69300.0,70100.0,12284414.0,69451.0234375,005930,True,
2025-09-05 00:00:00,70300.0,70400.0,69500.0,69500.0,11526724.0,68856.578125,005930,True,
2025-09-08 00:00:00,69800.0,70500.0,69600.0,70100.0,9263135.0,69451.0234375,005930,True,
2025-09-09 00:00:00,70100.0,71500.0,70000.0,71500.0,14870245.0,70838.0625,005930,True,
2025-09-10 00:00:00,71800.0,72800.0,71600.0,72600.0,21928565.0,71927.875,005930,True,
2025-09-11 00:00:00,73200.0,73600.0,72100.0,73400.0,20793501.0,72720.4609375,005930,True,
2025-09-12 00:00:00,74600.0,75600.0,74200.0,75400.0,28219678.0,74701.9453125,005930,True,
2025-09-15 00:00:00,77200.0,77600.0,75900.0,76500.0,19908805.0,75791.765625,005930,True,
2025-09-16 00:00:00,76900.0,79500.0,76700.0,79400.0,28218265.0,78664.921875,005930,True,
2025-09-17 00:00:00,79100.0,79100.0,77100.0,78200.0,20856317.0,77476.0234375,005930,True,
2025-09-18 00:00:00,79100.0,80500.0,78600.0,80300.0,25619035.0,79556.5859375,005930,True,
2025-09-22 00:00:00,81500.0,84000.0,81100.0,83500.0,27529656.0,82726.9609375,005930,True,
2025-09-23 00:00:00,85800.0,85900.0,83600.0,84700.0,23610263.0,83915.8515625,005930,True,
2025-09-24 00:00:00,84200.0,85500.0,83700.0,85400.0,18300997.0,84609.375,005930,True,
2025-09-25 00:00:00,84400.0,86200.0,84100.0,86100.0,19665151.0,85302.890625,005930,True,
2025-09-26 00:00:00,85000.0,85300.0,82400.0,83300.0,24071193.0,82528.8125,005930,True,
2025-09-29 00:00:00,83300.0,85000.0,83200.0,84200.0,13069094.0,83792.671875,005930,True,
2025-09-30 00:00:00,84600.0,84900.0,83400.0,83900.0,16319061.0,83494.125,005930,True,
2025-10-01 00:00:00,84900.0,86200.0,84700.0,86000.0,22039361.0,85583.9609375,005930,True,
2025-10-02 00:00:00,89300.0,90300.0,88700.0,89750.0,49883028.0,89315.8203125,005930,True,
2025-10-10 00:00:00,94000.0,94500.0,92700.0,94400.0,35269748.0,93943.328125,005930,True,
2025-10-13 00:00:00,91300.0,93400.0,90700.0,93300.0,23883308.0,92848.6484375,005930,True,
2025-10-14 00:00:00,95300.0,96000.0,90200.0,91600.0,35545235.0,91156.875,005930,True,
2025-10-15 00:00:00,92300.0,95300.0,92100.0,95000.0,21050111.0,94540.421875,005930,True,
2025-10-16 00:00:00,95300.0,97700.0,95000.0,97700.0,28141060.0,97227.3671875,005930,True,
2025-10-17 00:00:00,97200.0,99100.0,96700.0,97900.0,22730809.0,97426.3984375,005930,True,
2025-10-20 00:00:00,97900.0,98300.0,96000.0,98100.0,17589756.0,97625.4296875,005930,True,
2025-10-21 00:00:00,98500.0,99900.0,97300.0,97500.0,22803830.0,97028.328125,005930,True,
2025-10-22 00:00:00,97100.0,98600.0,95500.0,98600.0,15937611.0,98123.0078125,005930,True,
2025-10-23 00:00:00,96800.0,98500.0,96300.0,96500.0,18488581.0,96033.171875,005930,True,
2025-10-24 00:00:00,97900.0,99000.0,97700.0,98800.0,18801925.0,98322.0390625,005930,True,
2025-10-27 00:00:00,101300.0,102000.0,100600.0,102000.0,22169970.0,101506.5625,005930,True,
2025-10-28 00:00:00,100900.0,101000.0,99100.0,99500.0,20002282.0,99018.65625,005930,True,
2025-10-29 00:00:00,100200.0,101000.0,99100.0,100500.0,20899788.0,100013.8203125,005930,True,
2025-10-30 00:00:00,102400.0,105800.0,102000.0,104100.0,34570017.0,103596.40625,005930,True,
2025-10-31 00:00:00,105000.0,108600.0,103300.0,107500.0,54824564.0,106979.953125,005930,True,
2025-11-03 00:00:00,106900.0,111500.0,106500.0,111100.0,30110066.0,110562.5390625,005930,True,
2025-11-04 00:00:00,111800.0,112400.0,104900.0,104900.0,30450281.0,104392.53125,005930,True,
2025-11-05 00:00:00,101000.0,102000.0,96700.0,100600.0,44843020.0,100113.3359375,005930,True,
2025-11-06 00:00:00,103700.0,103800.0,98800.0,99200.0,28655689.0,98720.109375,005930,True,
2025-11-07 00:00:00,96400.0,100300.0,96300.0,97900.0,22908083.0,97426.3984375,005930,True,
2025-11-10 00:00:00,98600.0,101000.0,97900.0,100600.0,23842327.0,100113.3359375,005930,True,
2025-11-11 00:00:00,103700.0,106000.0,102000.0,103500.0,27742542.0,102999.3046875,005930,True,
2025-11-12 00:00:00,103000.0,103900.0,101600.0,103100.0,19413497.0,102601.2421875,005930,True,
2025-11-13 00:00:00,102500.0,104200.0,102300.0,102800.0,20838741.0,102302.6953125,005930,True,
2025-11-14 00:00:00,99000.0,99600.0,97200.0,97200.0,21806342.0,96729.78125,005930,True,
2025-11-17 00:00:00,99800.0,101000.0,99500.0,100600.0,17192584.0,100113.3359375,005930,True,
2025-11-18 00:00:00,99800.0,100900.0,97500.0,97800.0,18684068.0,97326.8828125,005930,True,
2025-11-19 00:00:00,97100.0,97500.0,94600.0,96500.0,18993346.0,96033.171875,005930,True,
2025-11-20 00:00:00,100900.0,102900.0,99500.0,100600.0,25360435.0,100113.3359375,005930,True,
2025-11-21 00:00:00,95600.0,96800.0,94500.0,94800.0,23103574.0,94341.390625,005930,True,
2025-11-24 00:00:00,97800.0,99000.0,96200.0,96700.0,29831172.0,96232.203125,005930,True,
2025-11-25 00:00:00,101400.0,101400.0,97800.0,99300.0,16110054.0,98819.625,005930,True,
2025-11-26 00:00:00,100500.0,102900.0,99300.0,102800.0,21314975.0,102302.6953125,005930,True,
2025-11-27 00:00:00,104100.0,105500.0,102700.0,103500.0,16453004.0,102999.3046875,005930,True,
2025-11-28 00:00:00,103800.0,103800.0,100500.0,100500.0,15292277.0,100013.8203125,005930,True,
2025-12-01 00:00:00,102000.0,102800.0,99900.0,100800.0,10905526.0,100312.3671875,005930,True,
2025-12-02 00:00:00,101200.0,103500.0,101000.0,103400.0,13649487.0,102899.7890625,005930,True,
2025-12-03 00:00:00,104700.0,105500.0,104000.0,104500.0,14697927.0,103994.46875,005930,True,
2025-12-04 00:00:00,103900.0,105100.0,103200.0,105100.0,11931145.0,104591.5625,005930,True,
2025-12-05 00:00:00,105300.0,108400.0,104600.0,108400.0,19755571.0,107875.6015625,005930,True,
2025-12-08 00:00:00,109700.0,110000.0,108000.0,109500.0,15527762.0,108970.28125,005930,True,
2025-12-09 00:00:00,108900.0,109400.0,107300.0,108400.0,13671800.0,107875.6015625,005930,True,
2025-12-10 00:00:00,108300.0,109800.0,107400.0,108000.0,12365092.0,107477.5390625,005930,True,
2025-12-11 00:00:00,109200.0,110500.0,107300.0,107300.0,22994507.0,106780.921875,005930,True,
2025-12-12 00:00:00,107100.0,108900.0,106800.0,108900.0,14210314.0,108373.1796875,005930,True,
2025-12-15 00:00:00,105300.0,105800.0,104600.0,104800.0,20594654.0,104293.015625,005930,True,
2025-12-16 00:00:00,104900.0,105600.0,102700.0,102800.0,18852079.0,102302.6953125,005930,True,
2025-12-17 00:00:00,103500.0,108100.0,103400.0,107900.0,22297611.0,107378.015625,005930,True,
2025-12-18 00:00:00,106400.0,108200.0,105700.0,107600.0,20445631.0,107079.46875,005930,True,
2025-12-19 00:00:00,109700.0,109700.0,106200.0,106300.0,25917098.0,105785.7578125,005930,True,
2025-12-22 00:00:00,109700.0,110500.0,109300.0,110500.0,24859171.0,109965.4453125,005930,True,
2025-12-23 00:00:00,110900.0,112500.0,110400.0,111500.0,20419187.0,110960.6015625,005930,True,
2025-12-24 00:00:00,112400.0,112400.0,110900.0,111100.0,12492939.0,110562.5390625,005930,True,
2025-12-26 00:00:00,112400.0,117000.0,112400.0,117000.0,34018174.0,116434.0,005930,True,
2025-12-29 00:00:00,119400.0,119700.0,118200.0,119500.0,19676004.0,119500.0,005930,True,
2025-12-30 00:00:00,119100.0,121200.0,118700.0,119900.0,19746349.0,119900.0,005930,True,
2026-04-22 09:05:00,219000.0,219000.0,219000.0,219000.0,0.0,,005930,,
2026-04-22 09:10:00,219000.0,219000.0,219000.0,219000.0,0.0,,005930,,
2026-04-22 09:15:00,219000.0,219000.0,219000.0,219000.0,0.0,,005930,,
2026-04-22 09:20:00,219000.0,219000.0,219000.0,219000.0,0.0,,005930,,
2026-04-22 09:25:00,219000.0,219000.0,219000.0,219000.0,0.0,,005930,,
2026-04-22 09:30:00,219000.0,219000.0,219000.0,219000.0,0.0,,005930,,
2026-04-22 11:35:00,219000.0,219000.0,219000.0,219000.0,0.0,,005930,,
2026-04-22 11:40:00,219000.0,219000.0,219000.0,219000.0,0.0,,005930,,
2026-04-22 11:45:00,219000.0,219000.0,219000.0,219000.0,0.0,,005930,,
2026-04-22 11:50:00,219000.0,219000.0,219000.0,219000.0,0.0,,005930,,
2026-04-22 11:55:00,219000.0,219000.0,219000.0,219000.0,0.0,,005930,,
2026-04-22 12:00:00,219000.0,219000.0,219000.0,219000.0,0.0,,005930,,
2026-04-22 15:05:00,219000.0,219000.0,219000.0,219000.0,0.0,,005930,,
2026-04-22 15:10:00,219000.0,219000.0,219000.0,219000.0,0.0,,005930,,
2026-04-22 15:15:00,219000.0,219000.0,219000.0,219000.0,0.0,,005930,,
2026-04-22 15:20:00,219000.0,219000.0,219000.0,219000.0,0.0,,005930,,
2026-04-22 15:25:00,219000.0,219000.0,219000.0,219000.0,0.0,,005930,,
2026-04-22 15:30:00,219000.0,219000.0,219000.0,219000.0,0.0,,005930,,
2025-01-02 00:00:00,199500.0,202000.0,191700.0,193800.0,698458.0,190849.25,035420,True,
2025-01-03 00:00:00,193200.0,202000.0,193200.0,200500.0,798480.0,197447.25,035420,True,
2025-01-06 00:00:00,200500.0,208500.0,200500.0,208500.0,770359.0,205325.4375,035420,True,
2025-01-07 00:00:00,210000.0,213000.0,207000.0,208000.0,603701.0,204833.046875,035420,True,
2025-01-08 00:00:00,206500.0,210000.0,206000.0,207000.0,523637.0,203848.28125,035420,True,
2025-01-09 00:00:00,208500.0,210000.0,201000.0,202500.0,777551.0,199416.796875,035420,True,
2025-01-10 00:00:00,203000.0,204500.0,201000.0,202000.0,441863.0,198924.40625,035420,True,
2025-01-13 00:00:00,201000.0,205000.0,200000.0,204000.0,543782.0,200893.953125,035420,True,
2025-01-14 00:00:00,204000.0,205500.0,202000.0,202000.0,499095.0,198924.40625,035420,True,
2025-01-15 00:00:00,203000.0,207000.0,202000.0,206500.0,678808.0,203355.890625,035420,True,
2025-01-16 00:00:00,210000.0,211000.0,205000.0,206500.0,642605.0,203355.890625,035420,True,
2025-01-17 00:00:00,206000.0,210000.0,203500.0,209000.0,701799.0,205817.828125,035420,True,
2025-01-20 00:00:00,209000.0,209500.0,204500.0,205000.0,398841.0,201878.734375,035420,True,
2025-01-21 00:00:00,205000.0,208000.0,203000.0,204500.0,357682.0,201386.34375,035420,True,
2025-01-22 00:00:00,207000.0,211500.0,204000.0,204000.0,555170.0,200893.953125,035420,True,
2025-01-23 00:00:00,206000.0,207500.0,204000.0,204500.0,487301.0,201386.34375,035420,True,
2025-01-24 00:00:00,205500.0,209000.0,203500.0,204000.0,419464.0,200893.953125,035420,True,
2025-01-31 00:00:00,208500.0,218500.0,208500.0,216500.0,1964710.0,213203.640625,035420,True,
2025-02-03 00:00:00,217500.0,219500.0,213500.0,217000.0,1410072.0,213696.03125,035420,True,
2025-02-04 00:00:00,220000.0,224000.0,217000.0,218500.0,1432688.0,215173.1875,035420,True,
2025-02-05 00:00:00,222500.0,232000.0,219000.0,229000.0,2336982.0,225513.3125,035420,True,
2025-02-06 00:00:00,229500.0,232000.0,223500.0,232000.0,1718369.0,228467.640625,035420,True,
2025-02-07 00:00:00,235500.0,235500.0,223000.0,225500.0,1908836.0,222066.59375,035420,True,
2025-02-10 00:00:00,229500.0,232000.0,227000.0,227500.0,1234703.0,224036.15625,035420,True,
2025-02-11 00:00:00,227500.0,231500.0,225500.0,228500.0,808905.0,225020.921875,035420,True,
2025-02-12 00:00:00,230000.0,230500.0,222500.0,225000.0,945298.0,221574.21875,035420,True,
2025-02-13 00:00:00,225000.0,226000.0,218000.0,220000.0,1028493.0,216650.359375,035420,True,
2025-02-14 00:00:00,222000.0,224500.0,220000.0,221000.0,574538.0,217635.125,035420,True,
2025-02-17 00:00:00,221500.0,224000.0,219500.0,221000.0,615576.0,217635.125,035420,True,
2025-02-18 00:00:00,221500.0,223000.0,218000.0,222500.0,630070.0,219112.28125,035420,True,
2025-02-19 00:00:00,222500.0,224000.0,220000.0,222000.0,569222.0,218619.90625,035420,True,
2025-02-20 00:00:00,221000.0,225500.0,218500.0,221500.0,614258.0,218127.515625,035420,True,
2025-02-21 00:00:00,222500.0,228000.0,222000.0,226500.0,821558.0,223051.375,035420,True,
2025-02-24 00:00:00,224000.0,228000.0,224000.0,228000.0,526842.0,224528.53125,035420,True,
2025-02-25 00:00:00,226000.0,230000.0,224500.0,228500.0,622624.0,225020.921875,035420,True,
2025-02-26 00:00:00,228500.0,232000.0,227500.0,231500.0,708250.0,227975.25,035420,True,
2025-02-27 00:00:00,230500.0,230500.0,218000.0,219000.0,1125911.0,216723.4375,035420,True,
2025-02-28 00:00:00,214500.0,217000.0,206500.0,207000.0,1660981.0,204848.1875,035420,True,
2025-03-04 00:00:00,205000.0,210000.0,204500.0,205500.0,673266.0,203363.78125,035420,True,
2025-03-05 00:00:00,210500.0,212000.0,205500.0,207500.0,761832.0,205342.984375,035420,True,
2025-03-06 00:00:00,208500.0,220000.0,207500.0,219000.0,998317.0,216723.4375,035420,True,
2025-03-07 00:00:00,216000.0,216500.0,213000.0,213000.0,630434.0,210785.8125,035420,True,
2025-03-10 00:00:00,211500.0,217000.0,210500.0,215000.0,542653.0,212765.03125,035420,True,
2025-03-11 00:00:00,205500.0,214500.0,205000.0,212500.0,586599.0,210291.015625,035420,True,
2025-03-12 00:00:00,212500.0,215500.0,211000.0,214000.0,409913.0,211775.421875,035420,True,
2025-03-13 00:00:00,217500.0,219500.0,213000.0,216000.0,622944.0,213754.625,035420,True,
2025-03-14 00:00:00,215500.0,216500.0,208000.0,208000.0,519114.0,205837.796875,035420,True,
2025-03-17 00:00:00,210000.0,211000.0,207500.0,211000.0,481843.0,208806.609375,035420,True,
2025-03-18 00:00:00,211000.0,214000.0,208000.0,209000.0,669726.0,206827.390625,035420,True,
2025-03-19 00:00:00,208000.0,211500.0,207500.0,208000.0,710932.0,205837.796875,035420,True,
2025-03-20 00:00:00,210000.0,210000.0,207500.0,208000.0,593445.0,205837.796875,035420,True,
2025-03-21 00:00:00,209500.0,210500.0,206000.0,209500.0,685909.0,207322.203125,035420,True,
2025-03-24 00:00:00,209500.0,210500.0,206000.0,207000.0,354434.0,204848.1875,035420,True,
2025-03-25 00:00:00,208500.0,209000.0,206500.0,207500.0,365297.0,205342.984375,035420,True,
2025-03-26 00:00:00,207500.0,208500.0,203000.0,204000.0,790441.0,201879.375,035420,True,
2025-03-27 00:00:00,201000.0,203000.0,196500.0,197800.0,1501086.0,195743.828125,035420,True,
2025-03-28 00:00:00,197600.0,197700.0,193900.0,194700.0,700564.0,192676.046875,035420,True,
2025-03-31 00:00:00,191400.0,192100.0,189200.0,191000.0,668750.0,189014.515625,035420,True,
2025-04-01 00:00:00,191600.0,198000.0,191600.0,196700.0,485068.0,194655.265625,035420,True,
2025-04-02 00:00:00,197600.0,197800.0,194200.0,195600.0,461848.0,193566.6875,035420,True,
2025-04-03 00:00:00,190900.0,199600.0,190800.0,198600.0,577896.0,196535.5,035420,True,
2025-04-04 00:00:00,196700.0,202500.0,194100.0,197800.0,672143.0,195743.828125,035420,True,
2025-04-07 00:00:00,192400.0,195200.0,189300.0,191800.0,597627.0,189806.1875,035420,True,
2025-04-08 00:00:00,192100.0,193000.0,179200.0,179600.0,1366603.0,177733.015625,035420,True,
2025-04-09 00:00:00,179000.0,181300.0,176200.0,176900.0,621304.0,175061.078125,035420,True,
2025-04-10 00:00:00,184200.0,184600.0,179800.0,183900.0,656557.0,181988.3125,035420,True,
2025-04-11 00:00:00,180200.0,184100.0,180100.0,183000.0,569473.0,181097.671875,035420,True,
2025-04-14 00:00:00,183000.0,185100.0,182500.0,182700.0,391419.0,180800.796875,035420,True,
2025-04-15 00:00:00,184800.0,186400.0,183700.0,183900.0,345595.0,181988.3125,035420,True,
2025-04-16 00:00:00,183900.0,186300.0,183000.0,184400.0,427131.0,182483.125,035420,True,
2025-04-17 00:00:00,184800.0,185400.0,182100.0,183600.0,237641.0,181691.4375,035420,True,
2025-04-18 00:00:00,184700.0,187900.0,184000.0,187500.0,287707.0,185550.890625,035420,True,
2025-04-21 00:00:00,189100.0,190800.0,187200.0,187500.0,246628.0,185550.890625,035420,True,
2025-04-22 00:00:00,187200.0,195700.0,186000.0,193700.0,645159.0,191686.4375,035420,True,
2025-04-23 00:00:00,196000.0,196300.0,192600.0,192900.0,391879.0,190894.765625,035420,True,
2025-04-24 00:00:00,192600.0,193800.0,190400.0,191500.0,417055.0,189509.3125,035420,True,
2025-04-25 00:00:00,193400.0,195100.0,192200.0,193500.0,391764.0,191488.515625,035420,True,
2025-04-28 00:00:00,194300.0,196500.0,192700.0,195500.0,313415.0,193467.734375,035420,True,
2025-04-29 00:00:00,195500.0,197400.0,193700.0,196500.0,325432.0,194457.34375,035420,True,
2025-04-30 00:00:00,196200.0,200500.0,195800.0,200500.0,523186.0,198415.75,035420,True,
2025-05-02 00:00:00,199800.0,200500.0,197300.0,197400.0,280801.0,195347.984375,035420,True,
2025-05-07 00:00:00,200000.0,202000.0,198200.0,199100.0,622014.0,197030.3125,035420,True,
2025-05-08 00:00:00,195100.0,196600.0,188500.0,188700.0,1199556.0,186738.421875,035420,True,
2025-05-09 00:00:00,190000.0,192100.0,189500.0,191000.0,558440.0,189014.515625,035420,True,
2025-05-12 00:00:00,192800.0,194300.0,189700.0,190200.0,437578.0,188222.828125,035420,True,
2025-05-13 00:00:00,190000.0,191000.0,187600.0,188200.0,680047.0,186243.625,035420,True,
2025-05-14 00:00:00,189900.0,191400.0,188900.0,191200.0,363846.0,189212.4375,035420,True,
2025-05-15 00:00:00,189800.0,190300.0,188200.0,189200.0,355097.0,187233.21875,035420,True,
2025-05-16 00:00:00,189100.0,189700.0,187500.0,187800.0,285272.0,185847.78125,035420,True,
2025-05-19 00:00:00,187600.0,188200.0,184500.0,185400.0,262018.0,183472.71875,035420,True,
2025-05-20 00:00:00,185800.0,186500.0,184000.0,185000.0,293512.0,183076.875,035420,True,
2025-05-21 00:00:00,185900.0,186500.0,184600.0,184800.0,382117.0,182878.96875,035420,True,
2025-05-22 00:00:00,183200.0,184500.0,181100.0,183200.0,469433.0,181295.59375,035420,True,
2025-05-23 00:00:00,184100.0,185300.0,182800.0,183100.0,257074.0,181196.640625,035420,True,
2025-05-26 00:00:00,183100.0,188000.0,181800.0,188000.0,472314.0,186045.703125,035420,True,
2025-05-27 00:00:00,186200.0,186900.0,183000.0,183800.0,668670.0,181889.359375,035420,True,
2025-05-28 00:00:00,184600.0,189000.0,184100.0,187700.0,727369.0,185748.8125,035420,True,
2025-05-29 00:00:00,189300.0,190600.0,187700.0,189300.0,649059.0,187332.1875,035420,True,
2025-05-30 00:00:00,188700.0,188800.0,186100.0,187500.0,989028.0,185550.890625,035420,True,
2025-06-02 00:00:00,185800.0,188300.0,185700.0,186500.0,408085.0,184561.296875,035420,True,
2025-06-04 00:00:00,189000.0,189100.0,185500.0,185500.0,817069.0,183571.6875,035420,True,
2025-06-05 00:00:00,186300.0,192000.0,186300.0,191200.0,911249.0,189212.4375,035420,True,
2025-06-09 00:00:00,195400.0,202500.0,192300.0,198500.0,1407038.0,196436.546875,035420,True,
2025-06-10 00:00:00,204000.0,204000.0,196800.0,200000.0,911907.0,197920.953125,035420,True,
2025-06-11 00:00:00,200500.0,202000.0,198900.0,201000.0,512085.0,198910.5625,035420,True,
2025-06-12 00:00:00,199500.0,201500.0,198900.0,198900.0,624703.0,196832.390625,035420,True,
2025-06-13 00:00:00,203500.0,206000.0,197400.0,200500.0,1050533.0,198415.75,035420,True,
2025-06-16 00:00:00,211000.0,211500.0,202000.0,209500.0,1159906.0,207322.203125,035420,True,
2025-06-17 00:00:00,212000.0,213000.0,204000.0,206500.0,837169.0,204353.390625,035420,True,
2025-06-18 00:00:00,204500.0,244500.0,204000.0,243500.0,5706879.0,240968.765625,035420,True,
2025-06-19 00:00:00,254500.0,259000.0,248500.0,252000.0,3810468.0,249380.40625,035420,True,
2025-06-20 00:00:00,249000.0,269500.0,245000.0,269500.0,4889308.0,266698.5,035420,True,
2025-06-23 00:00:00,276500.0,295000.0,270000.0,290000.0,5050411.0,286985.375,035420,True,
2025-06-24 00:00:00,288500.0,292500.0,277500.0,290500.0,4326501.0,287480.1875,035420,True,
2025-06-25 00:00:00,282500.0,286500.0,276000.0,283500.0,2862461.0,280552.9375,035420,True,
2025-06-26 00:00:00,270000.0,275000.0,254000.0,261000.0,4314779.0,258286.84375,035420,True,
2025-06-27 00:00:00,263500.0,265000.0,252000.0,257500.0,2316733.0,254823.234375,035420,True,
2025-06-30 00:00:00,257000.0,268000.0,255500.0,262500.0,2219752.0,259771.25,035420,True,
2025-07-01 00:00:00,264000.0,269000.0,260000.0,262000.0,1791173.0,259276.453125,035420,True,
2025-07-02 00:00:00,263000.0,263500.0,250000.0,252000.0,1870730.0,249380.40625,035420,True,
2025-07-03 00:00:00,250500.0,260000.0,249500.0,253000.0,1207730.0,250370.0,035420,True,
2025-07-04 00:00:00,252500.0,254500.0,247500.0,249000.0,874760.0,246411.59375,035420,True,
2025-07-07 00:00:00,248500.0,260500.0,248500.0,256000.0,1175356.0,253338.828125,035420,True,
2025-07-08 00:00:00,261500.0,263000.0,255000.0,258000.0,903743.0,255318.03125,035420,True,
2025-07-09 00:00:00,258500.0,258500.0,251000.0,254000.0,952460.0,251359.609375,035420,True,
2025-07-10 00:00:00,255500.0,265000.0,251000.0,259500.0,1754234.0,256802.4375,035420,True,
2025-07-11 00:00:00,261000.0,261500.0,253000.0,253000.0,1249355.0,250370.0,035420,True,
2025-07-14 00:00:00,252000.0,252500.0,244000.0,249000.0,1205192.0,246411.59375,035420,True,
2025-07-15 00:00:00,247500.0,253000.0,247000.0,249500.0,791762.0,246906.390625,035420,True,
2025-07-16 00:00:00,251000.0,255500.0,249000.0,250000.0,785410.0,247401.1875,035420,True,
2025-07-17 00:00:00,254000.0,255000.0,242500.0,243500.0,1262077.0,240968.765625,035420,True,
2025-07-18 00:00:00,243500.0,245000.0,240000.0,242000.0,703602.0,239484.359375,035420,True,
2025-07-21 00:00:00,241500.0,245500.0,240000.0,240000.0,674282.0,237505.140625,035420,True,
2025-07-22 00:00:00,241500.0,242000.0,234500.0,235000.0,930384.0,232557.125,035420,True,
2025-07-23 00:00:00,236000.0,237500.0,229500.0,231500.0,719824.0,229093.5,035420,True,
2025-07-24 00:00:00,233000.0,234500.0,225000.0,227000.0,1177878.0,224640.28125,035420,True,
2025-07-25 00:00:00,226500.0,236000.0,225000.0,234500.0,1202489.0,232062.3125,035420,True,
2025-07-28 00:00:00,236000.0,237000.0,232000.0,235500.0,600063.0,233051.921875,035420,True,
2025-07-29 00:00:00,235500.0,240000.0,232000.0,233000.0,928345.0,230577.90625,035420,True,
2025-07-30 00:00:00,233500.0,240000.0,233500.0,234000.0,768748.0,231567.515625,035420,True,
2025-07-31 00:00:00,235000.0,236500.0,232500.0,235000.0,521064.0,232557.125,035420,True,
2025-08-01 00:00:00,232500.0,233000.0,224000.0,225000.0,827729.0,222661.078125,035420,True,
2025-08-04 00:00:00,225500.0,239500.0,225000.0,232500.0,1276649.0,230083.109375,035420,True,
2025-08-05 00:00:00,236000.0,236500.0,229000.0,232000.0,683813.0,229588.3125,035420,True,
2025-08-06 00:00:00,236500.0,236500.0,226000.0,228500.0,1076418.0,226124.6875,035420,True,
2025-08-07 00:00:00,230000.0,235500.0,228000.0,235500.0,1019496.0,233051.921875,035420,True,
2025-08-08 00:00:00,241000.0,241500.0,228500.0,229500.0,1638049.0,227114.296875,035420,True,
2025-08-11 00:00:00,229500.0,230000.0,222500.0,223000.0,1264837.0,220681.859375,035420,True,
2025-08-12 00:00:00,223500.0,228000.0,223000.0,223000.0,743541.0,220681.859375,035420,True,
2025-08-13 00:00:00,225500.0,226000.0,221500.0,225000.0,1017399.0,222661.078125,035420,True,
2025-08-14 00:00:00,228500.0,233500.0,224000.0,224500.0,1165222.0,222166.265625,035420,True,
2025-08-18 00:00:00,224500.0,228500.0,223500.0,226000.0,479724.0,223650.671875,035420,True,
2025-08-19 00:00:00,228000.0,228500.0,223000.0,225500.0,419214.0,223155.875,035420,True,
2025-08-20 00:00:00,221500.0,224000.0,219500.0,221500.0,507825.0,219197.453125,035420,True,
2025-08-21 00:00:00,222000.0,226500.0,222000.0,223000.0,463923.0,220681.859375,035420,True,
2025-08-22 00:00:00,224000.0,227000.0,221000.0,222000.0,543978.0,219692.265625,035420,True,
2025-08-25 00:00:00,224500.0,225500.0,221500.0,225500.0,564999.0,223155.875,035420,True,
2025-08-26 00:00:00,224000.0,224500.0,221000.0,221000.0,685341.0,218702.65625,035420,True,
2025-08-27 00:00:00,222000.0,222000.0,216500.0,218000.0,691579.0,215733.84375,035420,True,
2025-08-28 00:00:00,217500.0,218500.0,215000.0,217500.0,663919.0,215239.03125,035420,True,
2025-08-29 00:00:00,217500.0,218000.0,214000.0,214500.0,750586.0,212270.21875,035420,True,
2025-09-01 00:00:00,211500.0,216500.0,210500.0,215500.0,634984.0,213259.828125,035420,True,
2025-09-02 00:00:00,216000.0,229000.0,216000.0,225000.0,1790972.0,222661.078125,035420,True,
2025-09-03 00:00:00,224500.0,225000.0,220000.0,221000.0,711207.0,218702.65625,035420,True,
2025-09-04 00:00:00,221500.0,229500.0,221500.0,227000.0,971838.0,224640.28125,035420,True,
2025-09-05 00:00:00,227500.0,230500.0,225500.0,229000.0,941824.0,226619.5,035420,True,
2025-09-08 00:00:00,228500.0,229500.0,226000.0,228000.0,716688.0,225629.890625,035420,True,
2025-09-09 00:00:00,228500.0,233000.0,226000.0,231000.0,929473.0,228598.703125,035420,True,
2025-09-10 00:00:00,232000.0,234500.0,230500.0,233500.0,915806.0,231072.71875,035420,True,
2025-09-11 00:00:00,234500.0,236000.0,231500.0,233000.0,808213.0,230577.90625,035420,True,
2025-09-12 00:00:00,234500.0,239000.0,232500.0,236000.0,1191699.0,233546.71875,035420,True,
2025-09-15 00:00:00,236000.0,236000.0,231500.0,234000.0,710904.0,231567.515625,035420,True,
2025-09-16 00:00:00,239500.0,241000.0,234500.0,235000.0,923864.0,232557.125,035420,True,
2025-09-17 00:00:00,233500.0,235000.0,229500.0,233500.0,2083776.0,231072.71875,035420,True,
2025-09-18 00:00:00,235000.0,238500.0,233500.0,236750.0,1004507.0,234288.921875,035420,True,
2025-09-22 00:00:00,234000.0,235000.0,229000.0,232000.0,1004689.0,229588.3125,035420,True,
2025-09-23 00:00:00,232000.0,235500.0,230000.0,231000.0,735957.0,228598.703125,035420,True,
2025-09-24 00:00:00,231000.0,233500.0,224500.0,228000.0,982181.0,225629.890625,035420,True,
2025-09-25 00:00:00,226500.0,257000.0,225500.0,254000.0,8314576.0,251359.609375,035420,True,
2025-09-26 00:00:00,251500.0,262000.0,250000.0,256500.0,4597910.0,253833.625,035420,True,
2025-09-29 00:00:00,268500.0,278500.0,266000.0,274500.0,3486022.0,271646.5,035420,True,
2025-09-30 00:00:00,279000.0,279500.0,265500.0,268500.0,2764865.0,265708.875,035420,True,
2025-10-01 00:00:00,267000.0,268500.0,253000.0,254500.0,3385774.0,251854.421875,035420,True,
2025-10-02 00:00:00,255500.0,258000.0,250500.0,253000.0,2205648.0,250370.0,035420,True,
2025-10-10 00:00:00,256500.0,275000.0,255500.0,267500.0,3490894.0,264719.28125,035420,True,
2025-10-13 00:00:00,258000.0,266500.0,258000.0,262500.0,1454859.0,259771.25,035420,True,
2025-10-14 00:00:00,262000.0,270500.0,257000.0,258000.0,2072061.0,255318.03125,035420,True,
2025-10-15 00:00:00,260500.0,261000.0,255000.0,258500.0,1438737.0,255812.828125,035420,True,
2025-10-16 00:00:00,257500.0,270000.0,255500.0,260500.0,2154638.0,257792.046875,035420,True,
2025-10-17 00:00:00,260000.0,260500.0,254000.0,255500.0,1478832.0,252844.015625,035420,True,
2025-10-20 00:00:00,255000.0,262500.0,250000.0,258000.0,1527621.0,255318.03125,035420,True,
2025-10-21 00:00:00,260000.0,260500.0,254000.0,254500.0,1321294.0,251854.421875,035420,True,
2025-10-22 00:00:00,254000.0,256500.0,247000.0,255500.0,1076507.0,252844.015625,035420,True,
2025-10-23 00:00:00,251500.0,251500.0,242000.0,242500.0,2033710.0,239979.15625,035420,True,
2025-10-24 00:00:00,245000.0,248500.0,242500.0,247000.0,1005395.0,244432.375,035420,True,
2025-10-27 00:00:00,245000.0,251500.0,242000.0,251000.0,1317125.0,248390.796875,035420,True,
2025-10-28 00:00:00,250500.0,255000.0,248000.0,253000.0,908952.0,250370.0,035420,True,
2025-10-29 00:00:00,255000.0,268500.0,253500.0,265000.0,2466385.0,262245.25,035420,True,
2025-10-30 00:00:00,267000.0,267000.0,254500.0,255500.0,1393179.0,252844.015625,035420,True,
2025-10-31 00:00:00,263000.0,273500.0,261000.0,267500.0,2861914.0,264719.28125,035420,True,
2025-11-03 00:00:00,283500.0,287500.0,271500.0,274500.0,2760215.0,271646.5,035420,True,
2025-11-04 00:00:00,272500.0,274000.0,267000.0,267000.0,1325780.0,264224.46875,035420,True,
2025-11-05 00:00:00,269000.0,280000.0,256500.0,278500.0,3470467.0,275604.9375,035420,True,
2025-11-06 00:00:00,281500.0,282000.0,264000.0,264000.0,2287056.0,261255.65625,035420,True,
2025-11-07 00:00:00,256000.0,267000.0,256000.0,260000.0,1648859.0,257297.234375,035420,True,
2025-11-10 00:00:00,263500.0,264000.0,258000.0,260000.0,974635.0,257297.234375,035420,True,
2025-11-11 00:00:00,261500.0,270500.0,261000.0,263000.0,1341337.0,260266.0625,035420,True,
2025-11-12 00:00:00,265500.0,265500.0,262000.0,263500.0,600486.0,260760.859375,035420,True,
2025-11-13 00:00:00,262500.0,266000.0,258500.0,265500.0,724253.0,262740.0625,035420,True,
2025-11-14 00:00:00,258000.0,260000.0,253000.0,253500.0,923411.0,250864.8125,035420,True,
2025-11-17 00:00:00,256500.0,257000.0,254000.0,255000.0,507818.0,252349.21875,035420,True,
2025-11-18 00:00:00,251500.0,260500.0,248500.0,249000.0,959645.0,246411.59375,035420,True,
2025-11-19 00:00:00,250500.0,251000.0,243000.0,248500.0,570754.0,245916.78125,035420,True,
2025-11-20 00:00:00,260000.0,263000.0,254500.0,257000.0,970537.0,254328.421875,035420,True,
2025-11-21 00:00:00,251000.0,265000.0,249500.0,262500.0,1278706.0,259771.25,035420,True,
2025-11-24 00:00:00,267500.0,269500.0,259000.0,261000.0,1673646.0,258286.84375,035420,True,
2025-11-25 00:00:00,262500.0,262500.0,250500.0,253000.0,1218659.0,250370.0,035420,True,
2025-11-26 00:00:00,255000.0,264500.0,252000.0,263500.0,944519.0,260760.859375,035420,True,
2025-11-27 00:00:00,259500.0,261500.0,250500.0,251500.0,2028550.0,248885.59375,035420,True,
2025-11-28 00:00:00,253500.0,254000.0,243500.0,244000.0,1580887.0,241463.5625,035420,True,
2025-12-01 00:00:00,246500.0,247500.0,242500.0,243000.0,666662.0,240473.953125,035420,True,
2025-12-02 00:00:00,243000.0,245000.0,241500.0,243000.0,618439.0,240473.953125,035420,True,
2025-12-03 00:00:00,246500.0,248500.0,245500.0,246500.0,630018.0,243937.578125,035420,True,
2025-12-04 00:00:00,245500.0,248500.0,244500.0,247000.0,487370.0,244432.375,035420,True,
2025-12-05 00:00:00,247500.0,250000.0,246000.0,249500.0,575298.0,246906.390625,035420,True,
2025-12-08 00:00:00,250500.0,250500.0,247000.0,249000.0,466382.0,246411.59375,035420,True,
2025-12-09 00:00:00,248000.0,248500.0,246000.0,248000.0,497708.0,245421.984375,035420,True,
2025-12-10 00:00:00,248000.0,248000.0,244000.0,244500.0,654772.0,241958.359375,035420,True,
2025-12-11 00:00:00,245500.0,246000.0,241000.0,243500.0,1056918.0,240968.765625,035420,True,
2025-12-12 00:00:00,243000.0,245000.0,241500.0,244500.0,485052.0,241958.359375,035420,True,
2025-12-15 00:00:00,241500.0,244000.0,240000.0,240500.0,522965.0,237999.953125,035420,True,
2025-12-16 00:00:00,240500.0,240500.0,231000.0,231500.0,1520556.0,229093.5,035420,True,
2025-12-17 00:00:00,233000.0,233000.0,229500.0,231000.0,769339.0,228598.703125,035420,True,
2025-12-18 00:00:00,227500.0,233250.0,226500.0,230500.0,744015.0,228103.90625,035420,True,
2025-12-19 00:00:00,232500.0,235500.0,231500.0,235500.0,1487738.0,233051.921875,035420,True,
2025-12-22 00:00:00,238500.0,239000.0,236500.0,238000.0,610805.0,235525.9375,035420,True,
2025-12-23 00:00:00,238000.0,238500.0,235500.0,237000.0,689469.0,234536.328125,035420,True,
2025-12-24 00:00:00,237000.0,238000.0,234500.0,236500.0,640875.0,234041.53125,035420,True,
2025-12-26 00:00:00,236500.0,237500.0,231000.0,231500.0,738058.0,229093.5,035420,True,
2025-12-29 00:00:00,231500.0,242500.0,231500.0,242000.0,1067392.0,239484.359375,035420,True,
2025-12-30 00:00:00,241000.0,244500.0,239000.0,242500.0,652269.0,239979.15625,035420,True,
2026-04-22 09:05:00,214000.0,214000.0,214000.0,214000.0,0.0,,035420,,
2026-04-22 09:10:00,214000.0,214000.0,214000.0,214000.0,0.0,,035420,,
2026-04-22 09:15:00,214000.0,214000.0,214000.0,214000.0,0.0,,035420,,
2026-04-22 09:20:00,214000.0,214000.0,214000.0,214000.0,0.0,,035420,,
2026-04-22 09:25:00,214000.0,214000.0,214000.0,214000.0,0.0,,035420,,
2026-04-22 09:30:00,214000.0,214000.0,214000.0,214000.0,0.0,,035420,,
2026-04-22 11:35:00,214000.0,214000.0,214000.0,214000.0,0.0,,035420,,
2026-04-22 11:40:00,214000.0,214000.0,214000.0,214000.0,0.0,,035420,,
2026-04-22 11:45:00,214000.0,214000.0,214000.0,214000.0,0.0,,035420,,
2026-04-22 11:50:00,214000.0,214000.0,214000.0,214000.0,0.0,,035420,,
2026-04-22 11:55:00,214000.0,214000.0,214000.0,214000.0,0.0,,035420,,
2026-04-22 12:00:00,214000.0,214000.0,214000.0,214000.0,0.0,,035420,,
2026-04-22 15:05:00,214000.0,214000.0,214000.0,214000.0,0.0,,035420,,
2026-04-22 15:10:00,214000.0,214000.0,214000.0,214000.0,0.0,,035420,,
2026-04-22 15:15:00,214000.0,214000.0,214000.0,214000.0,0.0,,035420,,
2026-04-22 15:20:00,214000.0,214000.0,214000.0,214000.0,0.0,,035420,,
2026-04-22 15:25:00,214000.0,214000.0,214000.0,214000.0,0.0,,035420,,
2026-04-22 15:30:00,214000.0,214000.0,214000.0,214000.0,0.0,,035420,,
2025-01-02 00:00:00,180288.46875,181057.6875,173173.078125,173365.390625,600986.0,172643.03125,068270,True,
2025-01-03 00:00:00,173653.84375,175192.3125,173365.390625,173942.3125,374870.0,173217.546875,068270,True,
2025-01-06 00:00:00,174038.46875,177596.15625,172788.46875,176634.609375,478057.0,175898.625,068270,True,
2025-01-07 00:00:00,176923.078125,180288.46875,176153.84375,176826.921875,516910.0,176090.140625,068270,True,
2025-01-08 00:00:00,176057.6875,179615.390625,176057.6875,177403.84375,454629.0,176664.65625,068270,True,
2025-01-09 00:00:00,177884.609375,179134.609375,176057.6875,178365.390625,451508.0,177622.203125,068270,True,
2025-01-10 00:00:00,178461.53125,179519.234375,177211.53125,177980.765625,388185.0,177239.1875,068270,True,
2025-01-13 00:00:00,177500.0,179711.53125,175480.765625,176730.765625,462459.0,175994.390625,068270,True,
2025-01-14 00:00:00,177884.609375,180576.921875,176538.46875,177403.84375,389451.0,176664.65625,068270,True,
2025-01-15 00:00:00,177692.3125,178365.390625,173173.078125,173750.0,583132.0,173026.046875,068270,True,
2025-01-16 00:00:00,175000.0,176634.609375,174903.84375,175000.0,408640.0,174270.828125,068270,True,
2025-01-17 00:00:00,174230.765625,174903.84375,171634.609375,173076.921875,520340.0,172355.765625,068270,True,
2025-01-20 00:00:00,172307.6875,174423.078125,170384.609375,173750.0,475616.0,173026.046875,068270,True,
2025-01-21 00:00:00,173653.84375,175769.234375,171826.921875,172788.46875,405315.0,172068.515625,068270,True,
2025-01-22 00:00:00,173173.078125,174903.84375,172403.84375,173557.6875,450820.0,172834.53125,068270,True,
2025-01-23 00:00:00,173750.0,175384.609375,172115.390625,172211.53125,450740.0,171493.984375,068270,True,
2025-01-24 00:00:00,172692.3125,174326.921875,172500.0,173269.234375,378632.0,172547.28125,068270,True,
2025-01-31 00:00:00,175865.390625,176923.078125,171346.15625,172788.46875,539928.0,172068.515625,068270,True,
2025-02-03 00:00:00,170000.0,170192.3125,166153.84375,169230.765625,725325.0,168525.640625,068270,True,
2025-02-04 00:00:00,169423.078125,172596.15625,169423.078125,170576.921875,474454.0,169866.1875,068270,True,
2025-02-05 00:00:00,170673.078125,172403.84375,169423.078125,171442.3125,403347.0,170727.96875,068270,True,
2025-02-06 00:00:00,172596.15625,174711.53125,172211.53125,174038.46875,405691.0,173313.3125,068270,True,
2025-02-07 00:00:00,172884.609375,174230.765625,172403.84375,172692.3125,318995.0,171972.765625,068270,True,
2025-02-10 00:00:00,171346.15625,173365.390625,169038.46875,172115.390625,514684.0,171398.25,068270,True,
2025-02-11 00:00:00,172884.609375,174711.53125,172211.53125,172788.46875,431872.0,172068.515625,068270,True,
2025-02-12 00:00:00,172692.3125,173461.53125,170576.921875,171826.921875,375932.0,171110.984375,068270,True,
2025-02-13 00:00:00,172596.15625,172788.46875,170769.234375,171057.6875,618549.0,170344.953125,068270,True,
2025-02-14 00:00:00,171346.15625,175673.078125,170961.53125,173846.15625,652086.0,173121.796875,068270,True,
2025-02-17 00:00:00,174038.46875,174519.234375,172307.6875,174519.234375,373090.0,173792.078125,068270,True,
2025-02-18 00:00:00,174038.46875,174134.609375,172211.53125,173365.390625,394048.0,172643.03125,068270,True,
2025-02-19 00:00:00,173365.390625,175480.765625,172692.3125,173653.84375,536141.0,172930.28125,068270,True,
2025-02-20 00:00:00,173173.078125,174423.078125,172115.390625,173461.53125,443293.0,172738.78125,068270,True,
2025-02-21 00:00:00,173461.53125,173750.0,171346.15625,171346.15625,398798.0,170632.21875,068270,True,
2025-02-24 00:00:00,171442.3125,171826.921875,169711.53125,171153.84375,320964.0,170440.703125,068270,True,
2025-02-25 00:00:00,170384.609375,172307.6875,167307.6875,167403.84375,648368.0,166706.328125,068270,True,
2025-02-26 00:00:00,169423.078125,183557.6875,169230.765625,182019.234375,2256060.0,181260.828125,068270,True,
2025-02-27 00:00:00,180384.609375,181730.765625,174519.234375,175673.078125,963207.0,174941.109375,068270,True,
2025-02-28 00:00:00,174134.609375,179711.53125,174038.46875,176923.078125,1223026.0,176185.90625,068270,True,
2025-03-04 00:00:00,176923.078125,185480.765625,176057.6875,176442.3125,1064095.0,175707.140625,068270,True,
2025-03-05 00:00:00,176538.46875,180000.0,176538.46875,177596.15625,537931.0,176856.171875,068270,True,
2025-03-06 00:00:00,178365.390625,181538.46875,175192.3125,180865.390625,784035.0,180111.78125,068270,True,
2025-03-07 00:00:00,179903.84375,181250.0,176923.078125,176923.078125,507564.0,176185.90625,068270,True,
2025-03-10 00:00:00,176442.3125,177788.46875,175384.609375,176153.84375,304071.0,175419.875,068270,True,
2025-03-11 00:00:00,173557.6875,177788.46875,173365.390625,176346.15625,479254.0,175611.375,068270,True,
2025-03-12 00:00:00,176634.609375,180000.0,176634.609375,179711.53125,477472.0,178962.734375,068270,True,
2025-03-13 00:00:00,179615.390625,180192.3125,176442.3125,177500.0,570327.0,176760.421875,068270,True,
2025-03-14 00:00:00,179423.078125,181442.3125,178173.078125,178942.3125,542443.0,178196.71875,068270,True,
2025-03-17 00:00:00,180673.078125,180961.53125,177115.390625,180576.921875,431148.0,179824.515625,068270,True,
2025-03-18 00:00:00,181250.0,183365.390625,180000.0,180192.3125,466289.0,179441.515625,068270,True,
2025-03-19 00:00:00,180096.15625,181730.765625,179711.53125,180000.0,330157.0,179250.0,068270,True,
2025-03-20 00:00:00,180096.15625,180865.390625,178076.921875,179134.609375,378046.0,178388.21875,068270,True,
2025-03-21 00:00:00,178076.921875,181826.921875,177596.15625,179519.234375,601412.0,178771.234375,068270,True,
2025-03-24 00:00:00,177980.765625,179230.765625,177403.84375,177980.765625,281748.0,177239.1875,068270,True,
2025-03-25 00:00:00,177788.46875,180096.15625,177115.390625,178846.15625,373146.0,178100.96875,068270,True,
2025-03-26 00:00:00,179807.6875,179807.6875,176730.765625,178269.234375,270811.0,177526.453125,068270,True,
2025-03-27 00:00:00,176923.078125,177211.53125,173846.15625,174230.765625,296033.0,173504.8125,068270,True,
2025-03-28 00:00:00,174038.46875,174326.921875,170288.46875,170288.46875,306252.0,169578.9375,068270,True,
2025-03-31 00:00:00,168173.078125,169038.46875,162211.53125,162500.0,642151.0,161822.921875,068270,True,
2025-04-01 00:00:00,163557.6875,170480.765625,163557.6875,168076.921875,450347.0,167376.609375,068270,True,
2025-04-02 00:00:00,168846.15625,169326.921875,160865.390625,163173.078125,648317.0,162493.1875,068270,True,
2025-04-03 00:00:00,159423.078125,167307.6875,159326.921875,166826.921875,618079.0,166131.8125,068270,True,
2025-04-04 00:00:00,166250.0,167884.609375,163942.3125,167211.53125,468846.0,166514.8125,068270,True,
2025-04-07 00:00:00,161153.84375,161346.15625,155673.078125,158076.921875,760037.0,157418.265625,068270,True,
2025-04-08 00:00:00,160000.0,160480.765625,156634.609375,156826.921875,618136.0,156173.484375,068270,True,
2025-04-09 00:00:00,155288.46875,156730.765625,147019.234375,148557.6875,938509.0,147938.703125,068270,True,
2025-04-10 00:00:00,157307.6875,159615.390625,153846.15625,157884.609375,708328.0,157226.75,068270,True,
2025-04-11 00:00:00,154903.84375,155673.078125,151538.46875,154903.84375,466656.0,154258.40625,068270,True,
2025-04-14 00:00:00,156442.3125,158365.390625,155865.390625,157211.53125,296934.0,156556.484375,068270,True,
2025-04-15 00:00:00,156442.3125,156826.921875,153557.6875,153653.84375,597650.0,153013.625,068270,True,
2025-04-16 00:00:00,153653.84375,154615.390625,152211.53125,152980.765625,395935.0,152343.34375,068270,True,
2025-04-17 00:00:00,154711.53125,155576.921875,152403.84375,153076.921875,517858.0,152439.109375,068270,True,
2025-04-18 00:00:00,152596.15625,153076.921875,150384.609375,151346.15625,428101.0,150715.546875,068270,True,
2025-04-21 00:00:00,151730.765625,153365.390625,150576.921875,151346.15625,302106.0,150715.546875,068270,True,
2025-04-22 00:00:00,151442.3125,153076.921875,150961.53125,151538.46875,314091.0,150907.0625,068270,True,
2025-04-23 00:00:00,153269.234375,153846.15625,151730.765625,153750.0,335564.0,153109.375,068270,True,
2025-04-24 00:00:00,154423.078125,154567.3125,152019.234375,152500.0,338371.0,151864.578125,068270,True,
2025-04-25 00:00:00,152980.765625,153365.390625,152211.53125,152211.53125,285211.0,151577.3125,068270,True,
2025-04-28 00:00:00,152307.6875,154038.46875,151057.6875,151923.078125,415305.0,151290.0625,068270,True,
2025-04-29 00:00:00,152980.765625,157884.609375,152884.609375,157692.3125,605560.0,157035.265625,068270,True,
2025-04-30 00:00:00,156826.921875,157788.46875,153846.15625,155096.15625,454055.0,154449.921875,068270,True,
2025-05-02 00:00:00,153557.6875,156826.921875,153461.53125,156153.84375,348694.0,155503.203125,068270,True,
2025-05-07 00:00:00,154230.765625,154326.921875,150288.46875,154134.609375,609523.0,153492.375,068270,True,
2025-05-08 00:00:00,153846.15625,154807.6875,153269.234375,153269.234375,384431.0,152630.609375,068270,True,
2025-05-09 00:00:00,153750.0,154519.234375,151442.3125,151923.078125,458992.0,151290.0625,068270,True,
2025-05-12 00:00:00,151346.15625,151634.609375,145384.609375,145961.53125,1492474.0,145353.359375,068270,True,
2025-05-13 00:00:00,146442.3125,150288.46875,146442.3125,148365.390625,820411.0,147747.203125,068270,True,
2025-05-14 00:00:00,147596.15625,148653.84375,146057.6875,148365.390625,550234.0,147747.203125,068270,True,
2025-05-15 00:00:00,146923.078125,147884.609375,146346.15625,147596.15625,562028.0,146981.171875,068270,True,
2025-05-16 00:00:00,147788.46875,148076.921875,146153.84375,148076.921875,433302.0,147459.9375,068270,True,
2025-05-19 00:00:00,146442.3125,148365.390625,146346.15625,148076.921875,465622.0,147459.9375,068270,True,
2025-05-20 00:00:00,149038.46875,150576.921875,148173.078125,149326.921875,484694.0,148704.734375,068270,True,
2025-05-21 00:00:00,149807.6875,150961.53125,149134.609375,150576.921875,461856.0,149949.515625,068270,True,
2025-05-22 00:00:00,148653.84375,149519.234375,147019.234375,147596.15625,475018.0,146981.171875,068270,True,
2025-05-23 00:00:00,147692.3125,148173.078125,145673.078125,146826.921875,414077.0,146215.140625,068270,True,
2025-05-26 00:00:00,145769.234375,147115.390625,144615.390625,147115.390625,411892.0,146502.40625,068270,True,
2025-05-27 00:00:00,150000.0,150480.765625,148076.921875,149615.390625,561541.0,148992.0,068270,True,
2025-05-28 00:00:00,148557.6875,150288.46875,147307.6875,150000.0,562462.0,149375.0,068270,True,
2025-05-29 00:00:00,150192.3125,152596.15625,150000.0,152596.15625,482170.0,151960.34375,068270,True,
2025-05-30 00:00:00,151442.3125,155576.921875,151442.3125,154807.6875,903032.0,154162.65625,068270,True,
2025-06-02 00:00:00,154038.46875,155480.765625,153461.53125,154807.6875,427198.0,154162.65625,068270,True,
2025-06-04 00:00:00,155192.3125,156250.0,153846.15625,154326.921875,487152.0,153683.890625,068270,True,
2025-06-05 00:00:00,154038.46875,157115.390625,154038.46875,156826.921875,550558.0,156173.484375,068270,True,
2025-06-09 00:00:00,159100.0,161000.0,158200.0,160200.0,381749.0,159532.5,068270,True,
2025-06-10 00:00:00,160500.0,162200.0,158100.0,162200.0,352701.0,161524.171875,068270,True,
2025-06-11 00:00:00,161800.0,162300.0,160400.0,162200.0,459952.0,161524.171875,068270,True,
2025-06-12 00:00:00,160800.0,165500.0,160800.0,163900.0,747962.0,163217.078125,068270,True,
2025-06-13 00:00:00,162300.0,163700.0,159200.0,160800.0,561974.0,160130.0,068270,True,
2025-06-16 00:00:00,160500.0,162400.0,160300.0,161800.0,352758.0,161125.828125,068270,True,
2025-06-17 00:00:00,161200.0,163000.0,160500.0,161800.0,369837.0,161125.828125,068270,True,
2025-06-18 00:00:00,160600.0,163200.0,160400.0,162300.0,411730.0,161623.75,068270,True,
2025-06-19 00:00:00,162300.0,162300.0,159600.0,160200.0,387741.0,159532.5,068270,True,
2025-06-20 00:00:00,160500.0,163900.0,160100.0,162200.0,958664.0,161524.171875,068270,True,
2025-06-23 00:00:00,160400.0,160800.0,158400.0,159000.0,427725.0,158337.5,068270,True,
2025-06-24 00:00:00,160600.0,162800.0,160600.0,161200.0,476025.0,160528.328125,068270,True,
2025-06-25 00:00:00,161300.0,162400.0,159700.0,160500.0,380643.0,159831.25,068270,True,
2025-06-26 00:00:00,161500.0,161600.0,159000.0,160200.0,351561.0,159532.5,068270,True,
2025-06-27 00:00:00,160400.0,160500.0,158800.0,159900.0,298661.0,159233.75,068270,True,
2025-06-30 00:00:00,160200.0,160500.0,159100.0,159600.0,313849.0,158935.0,068270,True,
2025-07-01 00:00:00,159700.0,160900.0,159700.0,160400.0,348932.0,159731.671875,068270,True,
2025-07-02 00:00:00,160800.0,170400.0,160800.0,168900.0,1490285.0,168196.25,068270,True,
2025-07-03 00:00:00,167800.0,172800.0,167000.0,172300.0,700001.0,171582.078125,068270,True,
2025-07-04 00:00:00,171700.0,179000.0,168800.0,178000.0,1096909.0,177258.328125,068270,True,
2025-07-07 00:00:00,178100.0,180500.0,176200.0,178800.0,549788.0,178055.0,068270,True,
2025-07-08 00:00:00,178000.0,179000.0,174000.0,175500.0,531821.0,174768.75,068270,True,
2025-07-09 00:00:00,174200.0,176300.0,172800.0,176100.0,421919.0,175366.25,068270,True,
2025-07-10 00:00:00,175500.0,178700.0,174600.0,178600.0,493869.0,177855.828125,068270,True,
2025-07-11 00:00:00,178600.0,180000.0,176300.0,178600.0,371533.0,177855.828125,068270,True,
2025-07-14 00:00:00,177400.0,178900.0,174700.0,177000.0,353485.0,176262.5,068270,True,
2025-07-15 00:00:00,175300.0,178900.0,175300.0,178600.0,307806.0,177855.828125,068270,True,
2025-07-16 00:00:00,177400.0,178300.0,176000.0,176800.0,264941.0,176063.328125,068270,True,
2025-07-17 00:00:00,177400.0,182000.0,177100.0,180400.0,648817.0,179648.328125,068270,True,
2025-07-18 00:00:00,181000.0,181500.0,179500.0,180300.0,257912.0,179548.75,068270,True,
2025-07-21 00:00:00,187300.0,188800.0,180900.0,181200.0,889998.0,180445.0,068270,True,
2025-07-22 00:00:00,180600.0,183000.0,179000.0,180900.0,417645.0,180146.25,068270,True,
2025-07-23 00:00:00,181600.0,182300.0,179500.0,179800.0,374434.0,179050.828125,068270,True,
2025-07-24 00:00:00,180100.0,184100.0,179700.0,180400.0,532157.0,179648.328125,068270,True,
2025-07-25 00:00:00,178500.0,178800.0,176700.0,178000.0,361096.0,177258.328125,068270,True,
2025-07-28 00:00:00,177800.0,178900.0,175000.0,177500.0,361174.0,176760.421875,068270,True,
2025-07-29 00:00:00,176300.0,182000.0,174200.0,178700.0,547815.0,177955.421875,068270,True,
2025-07-30 00:00:00,178800.0,181200.0,178400.0,180100.0,398563.0,179349.578125,068270,True,
2025-07-31 00:00:00,180100.0,180600.0,177100.0,178900.0,335969.0,178154.578125,068270,True,
2025-08-01 00:00:00,176000.0,176300.0,171100.0,171300.0,493253.0,170586.25,068270,True,
2025-08-04 00:00:00,172300.0,174800.0,171200.0,173900.0,295410.0,173175.421875,068270,True,
2025-08-05 00:00:00,175000.0,178300.0,174600.0,177800.0,436002.0,177059.171875,068270,True,
2025-08-06 00:00:00,176100.0,179000.0,175300.0,178500.0,283520.0,177756.25,068270,True,
2025-08-07 00:00:00,177700.0,177700.0,171400.0,172500.0,789658.0,171781.25,068270,True,
2025-08-08 00:00:00,173000.0,174500.0,171700.0,174100.0,345483.0,173374.578125,068270,True,
2025-08-11 00:00:00,173900.0,174300.0,172400.0,173000.0,256081.0,172279.171875,068270,True,
2025-08-12 00:00:00,173100.0,174950.0,172400.0,172400.0,396554.0,171681.671875,068270,True,
2025-08-13 00:00:00,173100.0,176000.0,172000.0,176000.0,380741.0,175266.671875,068270,True,
2025-08-14 00:00:00,175500.0,176600.0,174000.0,175000.0,411572.0,174270.828125,068270,True,
2025-08-18 00:00:00,173800.0,174500.0,172100.0,172900.0,265297.0,172179.578125,068270,True,
2025-08-19 00:00:00,173400.0,173400.0,170700.0,172900.0,273237.0,172179.578125,068270,True,
2025-08-20 00:00:00,172800.0,172900.0,169600.0,172000.0,349091.0,171283.328125,068270,True,
2025-08-21 00:00:00,172000.0,172800.0,171300.0,171300.0,234491.0,170586.25,068270,True,
2025-08-22 00:00:00,171200.0,174200.0,171100.0,173800.0,263421.0,173075.828125,068270,True,
2025-08-25 00:00:00,175300.0,176400.0,173500.0,174300.0,256934.0,173573.75,068270,True,
2025-08-26 00:00:00,172700.0,174300.0,172100.0,172900.0,371583.0,172179.578125,068270,True,
2025-08-27 00:00:00,172900.0,172900.0,170300.0,170800.0,280190.0,170088.328125,068270,True,
2025-08-28 00:00:00,171000.0,172900.0,170800.0,172400.0,311284.0,171681.671875,068270,True,
2025-08-29 00:00:00,172400.0,172700.0,167600.0,167600.0,519650.0,166901.671875,068270,True,
2025-09-01 00:00:00,168200.0,170100.0,167000.0,169800.0,284322.0,169092.5,068270,True,
2025-09-02 00:00:00,168400.0,172000.0,168400.0,171200.0,283757.0,170486.671875,068270,True,
2025-09-03 00:00:00,170100.0,171900.0,170100.0,171500.0,197103.0,170785.421875,068270,True,
2025-09-04 00:00:00,170500.0,171600.0,169400.0,170200.0,231914.0,169490.828125,068270,True,
2025-09-05 00:00:00,169600.0,170200.0,168500.0,169000.0,203398.0,168295.828125,068270,True,
2025-09-08 00:00:00,169900.0,171200.0,169200.0,170000.0,244197.0,169291.671875,068270,True,
2025-09-09 00:00:00,170800.0,171200.0,168400.0,169500.0,256580.0,168793.75,068270,True,
2025-09-10 00:00:00,168200.0,170700.0,168200.0,169700.0,251627.0,168992.921875,068270,True,
2025-09-11 00:00:00,170000.0,172000.0,169200.0,172000.0,414687.0,171283.328125,068270,True,
2025-09-12 00:00:00,172000.0,172500.0,170400.0,171700.0,292998.0,170984.578125,068270,True,
2025-09-15 00:00:00,171500.0,171900.0,169800.0,170000.0,276179.0,169291.671875,068270,True,
2025-09-16 00:00:00,170000.0,170100.0,168700.0,168700.0,302390.0,167997.078125,068270,True,
2025-09-17 00:00:00,169500.0,169600.0,167600.0,168400.0,241463.0,167698.328125,068270,True,
2025-09-18 00:00:00,169000.0,169800.0,168000.0,168500.0,274407.0,167797.921875,068270,True,
2025-09-22 00:00:00,170500.0,170600.0,169000.0,169100.0,278594.0,168395.421875,068270,True,
2025-09-23 00:00:00,168700.0,185400.0,168600.0,184200.0,2543427.0,183432.5,068270,True,
2025-09-24 00:00:00,184200.0,184200.0,174200.0,176900.0,1061295.0,176162.921875,068270,True,
2025-09-25 00:00:00,177000.0,179400.0,176400.0,177900.0,540443.0,177158.75,068270,True,
2025-09-26 00:00:00,180700.0,181500.0,176000.0,178000.0,887114.0,177258.328125,068270,True,
2025-09-29 00:00:00,180000.0,181600.0,178050.0,178600.0,440827.0,177855.828125,068270,True,
2025-09-30 00:00:00,177500.0,177500.0,173100.0,173400.0,565425.0,172677.5,068270,True,
2025-10-01 00:00:00,175000.0,176700.0,174100.0,175100.0,327878.0,174370.421875,068270,True,
2025-10-02 00:00:00,175400.0,177000.0,174300.0,175800.0,558334.0,175067.5,068270,True,
2025-10-10 00:00:00,175800.0,177800.0,173000.0,173600.0,645084.0,172876.671875,068270,True,
2025-10-13 00:00:00,171400.0,172000.0,170000.0,170900.0,461175.0,170187.921875,068270,True,
2025-10-14 00:00:00,170100.0,172100.0,168500.0,169700.0,570287.0,168992.921875,068270,True,
2025-10-15 00:00:00,169800.0,172500.0,169700.0,171200.0,391762.0,170486.671875,068270,True,
2025-10-16 00:00:00,171100.0,176200.0,170900.0,176000.0,645219.0,175266.671875,068270,True,
2025-10-17 00:00:00,174200.0,176500.0,173050.0,175000.0,463695.0,174270.828125,068270,True,
2025-10-20 00:00:00,175700.0,177300.0,174100.0,177100.0,467438.0,176362.078125,068270,True,
2025-10-21 00:00:00,180700.0,181600.0,177100.0,178700.0,723300.0,177955.421875,068270,True,
2025-10-22 00:00:00,178800.0,180200.0,177200.0,178300.0,426270.0,177557.078125,068270,True,
2025-10-23 00:00:00,177100.0,177300.0,172600.0,172600.0,578246.0,171880.828125,068270,True,
2025-10-24 00:00:00,173500.0,173900.0,171500.0,172900.0,560476.0,172179.578125,068270,True,
2025-10-27 00:00:00,173200.0,178700.0,172100.0,178400.0,778941.0,177656.671875,068270,True,
2025-10-28 00:00:00,182200.0,183000.0,178400.0,179300.0,675451.0,178552.921875,068270,True,
2025-10-29 00:00:00,181000.0,181000.0,176100.0,176600.0,589487.0,175864.171875,068270,True,
2025-10-30 00:00:00,179800.0,182400.0,175100.0,175100.0,730871.0,174370.421875,068270,True,
2025-10-31 00:00:00,176500.0,177300.0,175000.0,175600.0,510222.0,174868.328125,068270,True,
2025-11-03 00:00:00,176000.0,176100.0,173700.0,174600.0,545199.0,173872.5,068270,True,
2025-11-04 00:00:00,174000.0,178400.0,173200.0,176300.0,885536.0,175565.421875,068270,True,
2025-11-05 00:00:00,180000.0,180000.0,172500.0,174900.0,992167.0,174171.25,068270,True,
2025-11-06 00:00:00,176100.0,178800.0,173800.0,174700.0,692969.0,173972.078125,068270,True,
2025-11-07 00:00:00,174700.0,174700.0,171100.0,172900.0,525561.0,172179.578125,068270,True,
2025-11-10 00:00:00,174000.0,175500.0,173100.0,173600.0,385613.0,172876.671875,068270,True,
2025-11-11 00:00:00,173800.0,175800.0,172700.0,172800.0,391585.0,172080.0,068270,True,
2025-11-12 00:00:00,174300.0,184300.0,174100.0,182900.0,2426134.0,182137.921875,068270,True,
2025-11-13 00:00:00,183600.0,198100.0,181500.0,195100.0,3385539.0,194287.078125,068270,True,
2025-11-14 00:00:00,193900.0,203500.0,192500.0,196100.0,2152881.0,195282.921875,068270,True,
2025-11-17 00:00:00,199100.0,199100.0,188800.0,189900.0,1219444.0,189108.75,068270,True,
2025-11-18 00:00:00,191000.0,191600.0,183300.0,183800.0,881020.0,183034.171875,068270,True,
2025-11-19 00:00:00,185800.0,186100.0,180000.0,185100.0,830993.0,184328.75,068270,True,
2025-11-20 00:00:00,187100.0,189500.0,184600.0,186800.0,620451.0,186021.671875,068270,True,
2025-11-21 00:00:00,183100.0,190800.0,183000.0,187400.0,636980.0,186619.171875,068270,True,
2025-11-24 00:00:00,189300.0,189500.0,182100.0,182100.0,1959458.0,181341.25,068270,True,
2025-11-25 00:00:00,183600.0,187600.0,182300.0,182500.0,466759.0,181739.578125,068270,True,
2025-11-26 00:00:00,185100.0,189500.0,184700.0,187400.0,687332.0,186619.171875,068270,True,
2025-11-27 00:00:00,188200.0,188800.0,185000.0,185200.0,379089.0,184428.328125,068270,True,
2025-11-28 00:00:00,186300.0,187200.0,184200.0,185600.0,462815.0,184826.671875,068270,True,
2025-12-01 00:00:00,186900.0,189350.0,184500.0,185800.0,399280.0,185025.828125,068270,True,
2025-12-02 00:00:00,185900.0,186200.0,183500.0,184200.0,376417.0,183432.5,068270,True,
2025-12-03 00:00:00,184600.0,185000.0,183100.0,183300.0,393784.0,182536.25,068270,True,
2025-12-04 00:00:00,183800.0,184900.0,181400.0,182600.0,467290.0,181839.171875,068270,True,
2025-12-05 00:00:00,182400.0,184800.0,181000.0,183300.0,476038.0,182536.25,068270,True,
2025-12-08 00:00:00,184900.0,188800.0,183900.0,187100.0,630756.0,186320.421875,068270,True,
2025-12-09 00:00:00,186600.0,187300.0,185400.0,187300.0,348992.0,186519.578125,068270,True,
2025-12-10 00:00:00,186900.0,187900.0,185700.0,185700.0,307749.0,184926.25,068270,True,
2025-12-11 00:00:00,187300.0,192100.0,185700.0,186700.0,940315.0,185922.078125,068270,True,
2025-12-12 00:00:00,187700.0,187700.0,184100.0,186800.0,462458.0,186021.671875,068270,True,
2025-12-15 00:00:00,185500.0,188900.0,184400.0,187800.0,517365.0,187017.5,068270,True,
2025-12-16 00:00:00,188300.0,188800.0,184700.0,185600.0,416828.0,184826.671875,068270,True,
2025-12-17 00:00:00,186800.0,187100.0,184500.0,185000.0,401918.0,184229.171875,068270,True,
2025-12-18 00:00:00,182400.0,184100.0,181500.0,182100.0,349265.0,181341.25,068270,True,
2025-12-19 00:00:00,183300.0,184600.0,181000.0,184500.0,462140.0,183731.25,068270,True,
2025-12-22 00:00:00,185800.0,185900.0,183100.0,184600.0,375622.0,183830.828125,068270,True,
2025-12-23 00:00:00,184100.0,185000.0,182100.0,182800.0,327510.0,182038.328125,068270,True,
2025-12-24 00:00:00,182400.0,182700.0,181600.0,182000.0,303584.0,181241.671875,068270,True,
2025-12-26 00:00:00,181700.0,182300.0,180000.0,180000.0,462609.0,179250.0,068270,True,
2025-12-29 00:00:00,178800.0,181300.0,178200.0,181300.0,380878.0,181300.0,068270,True,
2025-12-30 00:00:00,180500.0,181400.0,179300.0,181000.0,329042.0,181000.0,068270,True,
2026-04-22 09:05:00,203000.0,203000.0,203000.0,203000.0,0.0,,068270,,
2026-04-22 09:10:00,203000.0,203000.0,203000.0,203000.0,0.0,,068270,,
2026-04-22 09:15:00,203000.0,203000.0,203000.0,203000.0,0.0,,068270,,
2026-04-22 09:20:00,203000.0,203000.0,203000.0,203000.0,0.0,,068270,,
2026-04-22 09:25:00,203000.0,203000.0,203000.0,203000.0,0.0,,068270,,
2026-04-22 09:30:00,203000.0,203000.0,203000.0,203000.0,0.0,,068270,,
2026-04-22 11:35:00,203000.0,203000.0,203000.0,203000.0,0.0,,068270,,
2026-04-22 11:40:00,203000.0,203000.0,203000.0,203000.0,0.0,,068270,,
2026-04-22 11:45:00,203000.0,203000.0,203000.0,203000.0,0.0,,068270,,
2026-04-22 11:50:00,203000.0,203000.0,203000.0,203000.0,0.0,,068270,,
2026-04-22 11:55:00,203000.0,203000.0,203000.0,203000.0,0.0,,068270,,
2026-04-22 12:00:00,203000.0,203000.0,203000.0,203000.0,0.0,,068270,,
2026-04-22 15:05:00,203000.0,203000.0,203000.0,203000.0,0.0,,068270,,
2026-04-22 15:10:00,203000.0,203000.0,203000.0,203000.0,0.0,,068270,,
2026-04-22 15:15:00,203000.0,203000.0,203000.0,203000.0,0.0,,068270,,
2026-04-22 15:20:00,203000.0,203000.0,203000.0,203000.0,0.0,,068270,,
2026-04-22 15:25:00,203000.0,203000.0,203000.0,203000.0,0.0,,068270,,
2026-04-22 15:30:00,203000.0,203000.0,203000.0,203000.0,0.0,,068270,,
2025-01-02 00:00:00,82900.0,85400.0,82900.0,83400.0,622880.0,79794.8984375,105560,True,
2025-01-03 00:00:00,85000.0,85700.0,83500.0,83800.0,846012.0,80177.6015625,105560,True,
2025-01-06 00:00:00,85000.0,85800.0,84000.0,85500.0,638318.0,81804.1171875,105560,True,
2025-01-07 00:00:00,85700.0,86700.0,85100.0,85600.0,656321.0,81899.8046875,105560,True,
2025-01-08 00:00:00,84900.0,86200.0,84800.0,85600.0,732168.0,81899.8046875,105560,True,
2025-01-09 00:00:00,85100.0,87300.0,85000.0,86700.0,906121.0,82952.2421875,105560,True,
2025-01-10 00:00:00,86100.0,88400.0,86100.0,87800.0,1245510.0,84004.6953125,105560,True,
2025-01-13 00:00:00,87800.0,90500.0,87600.0,89300.0,1407611.0,85439.859375,105560,True,
2025-01-14 00:00:00,89000.0,89800.0,87800.0,88800.0,918143.0,84961.4765625,105560,True,
2025-01-15 00:00:00,88700.0,90700.0,88700.0,89900.0,937623.0,86013.921875,105560,True,
2025-01-16 00:00:00,91500.0,91700.0,89800.0,90400.0,791640.0,86492.3125,105560,True,
2025-01-17 00:00:00,89500.0,90400.0,88400.0,88600.0,926849.0,84770.109375,105560,True,
2025-01-20 00:00:00,88300.0,89500.0,87900.0,88800.0,380114.0,84961.4765625,105560,True,
2025-01-21 00:00:00,89600.0,90100.0,88100.0,88900.0,478811.0,85057.140625,105560,True,
2025-01-22 00:00:00,89900.0,90000.0,88900.0,89400.0,764445.0,85535.5234375,105560,True,
2025-01-23 00:00:00,89800.0,91000.0,88600.0,88600.0,771073.0,84770.109375,105560,True,
2025-01-24 00:00:00,88600.0,89100.0,87800.0,88900.0,1024781.0,85057.140625,105560,True,
2025-01-31 00:00:00,89700.0,91900.0,89700.0,91700.0,2113398.0,87736.1171875,105560,True,
2025-02-03 00:00:00,91600.0,92000.0,88100.0,88800.0,970789.0,84961.4765625,105560,True,
2025-02-04 00:00:00,90000.0,92000.0,89700.0,91300.0,1272273.0,87353.40625,105560,True,
2025-02-05 00:00:00,92300.0,93300.0,90400.0,91000.0,898948.0,87066.375,105560,True,
2025-02-06 00:00:00,87900.0,88000.0,83100.0,84900.0,3473264.0,81230.0546875,105560,True,
2025-02-07 00:00:00,85900.0,86300.0,84900.0,86000.0,2067392.0,82282.5078125,105560,True,
2025-02-10 00:00:00,85900.0,86900.0,84900.0,84900.0,1409776.0,81230.0546875,105560,True,
2025-02-11 00:00:00,85100.0,85600.0,83800.0,84200.0,1278762.0,80560.3125,105560,True,
2025-02-12 00:00:00,83200.0,85000.0,81900.0,82000.0,1948739.0,78455.4140625,105560,True,
2025-02-13 00:00:00,82000.0,82100.0,79100.0,79400.0,3880882.0,75967.8046875,105560,True,
2025-02-14 00:00:00,79100.0,80200.0,78700.0,79700.0,2655434.0,76254.8359375,105560,True,
2025-02-17 00:00:00,79200.0,81100.0,77600.0,81000.0,2650482.0,77498.640625,105560,True,
2025-02-18 00:00:00,81000.0,82300.0,80600.0,82100.0,1279204.0,78551.0859375,105560,True,
2025-02-19 00:00:00,82400.0,82600.0,81800.0,82200.0,1334119.0,78646.765625,105560,True,
2025-02-20 00:00:00,83000.0,83400.0,81300.0,82700.0,1698239.0,79125.1484375,105560,True,
2025-02-21 00:00:00,82600.0,83500.0,82300.0,82700.0,1662225.0,79125.1484375,105560,True,
2025-02-24 00:00:00,82700.0,83300.0,81700.0,82000.0,1001661.0,78455.4140625,105560,True,
2025-02-25 00:00:00,81400.0,82200.0,81300.0,81400.0,798719.0,77881.34375,105560,True,
2025-02-26 00:00:00,82000.0,82100.0,80700.0,81500.0,1264119.0,77977.015625,105560,True,
2025-02-27 00:00:00,81500.0,81500.0,79900.0,80800.0,1512909.0,78077.5234375,105560,True,
2025-02-28 00:00:00,80100.0,80700.0,78300.0,78300.0,1490037.0,75661.75,105560,True,
2025-03-04 00:00:00,78500.0,79200.0,77100.0,77900.0,1154886.0,75275.234375,105560,True,
2025-03-05 00:00:00,79200.0,79600.0,76400.0,76600.0,1562477.0,74019.03125,105560,True,
2025-03-06 00:00:00,77800.0,79200.0,77500.0,78600.0,1559898.0,75951.6484375,105560,True,
2025-03-07 00:00:00,78600.0,79200.0,77700.0,77700.0,1168545.0,75081.9765625,105560,True,
2025-03-10 00:00:00,77000.0,79000.0,76600.0,78500.0,961703.0,75855.015625,105560,True,
2025-03-11 00:00:00,78000.0,78300.0,76500.0,77400.0,1259132.0,74792.078125,105560,True,
2025-03-12 00:00:00,77800.0,78100.0,76400.0,76900.0,1425883.0,74308.9296875,105560,True,
2025-03-13 00:00:00,77400.0,79800.0,77300.0,78600.0,2826631.0,75951.6484375,105560,True,
2025-03-14 00:00:00,77500.0,80000.0,77100.0,78300.0,1596060.0,75661.75,105560,True,
2025-03-17 00:00:00,79100.0,79900.0,78400.0,78900.0,804423.0,76241.5390625,105560,True,
2025-03-18 00:00:00,79900.0,81100.0,79800.0,80200.0,1164823.0,77497.7421875,105560,True,
2025-03-19 00:00:00,80800.0,81700.0,80400.0,81200.0,907656.0,78464.0390625,105560,True,
2025-03-20 00:00:00,82200.0,82700.0,81600.0,82300.0,1260292.0,79526.9765625,105560,True,
2025-03-21 00:00:00,81100.0,83300.0,80500.0,81300.0,2609924.0,78560.6796875,105560,True,
2025-03-24 00:00:00,81100.0,82100.0,80700.0,81800.0,808002.0,79043.828125,105560,True,
2025-03-25 00:00:00,81000.0,82000.0,80100.0,81900.0,1311376.0,79140.453125,105560,True,
2025-03-26 00:00:00,81700.0,82700.0,81700.0,81800.0,970252.0,79043.828125,105560,True,
2025-03-27 00:00:00,81500.0,82000.0,79900.0,80200.0,1149285.0,77497.7421875,105560,True,
2025-03-28 00:00:00,80700.0,80700.0,78500.0,78700.0,1041894.0,76048.2734375,105560,True,
2025-03-31 00:00:00,78200.0,79800.0,77800.0,79000.0,1578278.0,76338.171875,105560,True,
2025-04-01 00:00:00,80100.0,81200.0,79000.0,79600.0,727852.0,76917.953125,105560,True,
2025-04-02 00:00:00,80700.0,81100.0,80000.0,80500.0,867214.0,77787.6328125,105560,True,
2025-04-03 00:00:00,77300.0,78300.0,76800.0,77100.0,1550963.0,74502.1875,105560,True,
2025-04-04 00:00:00,75700.0,78300.0,75700.0,77700.0,1379580.0,75081.9765625,105560,True,
2025-04-07 00:00:00,74300.0,74400.0,71800.0,72300.0,1936293.0,69863.9140625,105560,True,
2025-04-08 00:00:00,71700.0,72500.0,69500.0,70500.0,2165054.0,68124.5703125,105560,True,
2025-04-09 00:00:00,70500.0,71200.0,69300.0,70900.0,1189462.0,68511.1015625,105560,True,
2025-04-10 00:00:00,74900.0,75900.0,72500.0,75900.0,1781664.0,73342.625,105560,True,
2025-04-11 00:00:00,73200.0,75600.0,73000.0,75200.0,1080402.0,72666.21875,105560,True,
2025-04-14 00:00:00,75600.0,77000.0,75000.0,76100.0,751964.0,73535.8828125,105560,True,
2025-04-15 00:00:00,76700.0,78200.0,76100.0,78000.0,653537.0,75371.859375,105560,True,
2025-04-16 00:00:00,78500.0,80000.0,77800.0,80000.0,997030.0,77304.4765625,105560,True,
2025-04-17 00:00:00,80000.0,80400.0,79100.0,80300.0,976299.0,77594.3671875,105560,True,
2025-04-18 00:00:00,79900.0,82600.0,79700.0,82400.0,1199689.0,79623.6171875,105560,True,
2025-04-21 00:00:00,82400.0,83000.0,81400.0,82800.0,508614.0,80010.1328125,105560,True,
2025-04-22 00:00:00,82900.0,83700.0,82100.0,83400.0,1003736.0,80589.921875,105560,True,
2025-04-23 00:00:00,84400.0,85000.0,83800.0,85000.0,942291.0,82136.0078125,105560,True,
2025-04-24 00:00:00,85500.0,85500.0,83900.0,84600.0,1093828.0,81749.484375,105560,True,
2025-04-25 00:00:00,86300.0,87300.0,85300.0,86900.0,1432921.0,83971.9921875,105560,True,
2025-04-28 00:00:00,87200.0,87700.0,86200.0,86600.0,623326.0,83682.1015625,105560,True,
2025-04-29 00:00:00,87100.0,88000.0,86600.0,87800.0,1335130.0,84841.6640625,105560,True,
2025-04-30 00:00:00,88100.0,90200.0,87700.0,90200.0,1614509.0,87160.796875,105560,True,
2025-05-02 00:00:00,91000.0,93200.0,89900.0,93200.0,1764271.0,90059.7109375,105560,True,
2025-05-07 00:00:00,94800.0,94900.0,93500.0,93600.0,1441226.0,90446.2421875,105560,True,
2025-05-08 00:00:00,93500.0,94500.0,93200.0,94500.0,1286335.0,91315.9140625,105560,True,
2025-05-09 00:00:00,92200.0,93100.0,91500.0,92000.0,1083392.0,89766.46875,105560,True,
2025-05-12 00:00:00,91300.0,92900.0,90800.0,92200.0,894041.0,89961.609375,105560,True,
2025-05-13 00:00:00,91900.0,93100.0,91900.0,92600.0,981346.0,90351.890625,105560,True,
2025-05-14 00:00:00,92700.0,94100.0,92600.0,93400.0,715874.0,91132.4765625,105560,True,
2025-05-15 00:00:00,92700.0,94700.0,92700.0,93600.0,535502.0,91327.625,105560,True,
2025-05-16 00:00:00,92700.0,94000.0,92500.0,93600.0,652372.0,91327.625,105560,True,
2025-05-19 00:00:00,94400.0,95800.0,93500.0,95000.0,971610.0,92693.625,105560,True,
2025-05-20 00:00:00,96200.0,96300.0,94900.0,96300.0,787613.0,93962.078125,105560,True,
2025-05-21 00:00:00,96500.0,98200.0,96000.0,98000.0,1053819.0,95620.796875,105560,True,
2025-05-22 00:00:00,96100.0,97700.0,96100.0,96700.0,768775.0,94352.359375,105560,True,
2025-05-23 00:00:00,96800.0,99600.0,96700.0,99000.0,939884.0,96596.515625,105560,True,
2025-05-26 00:00:00,100000.0,102000.0,99200.0,102000.0,1282596.0,99523.6875,105560,True,
2025-05-27 00:00:00,101000.0,102000.0,100400.0,101900.0,1099027.0,99426.1171875,105560,True,
2025-05-28 00:00:00,101400.0,102400.0,99900.0,101000.0,1177541.0,98547.96875,105560,True,
2025-05-29 00:00:00,100800.0,102900.0,100200.0,102700.0,1296257.0,100206.703125,105560,True,
2025-05-30 00:00:00,102500.0,104900.0,102300.0,104300.0,3421277.0,101767.8515625,105560,True,
2025-06-02 00:00:00,103700.0,104800.0,98600.0,100000.0,1481522.0,97572.2421875,105560,True,
2025-06-04 00:00:00,100700.0,107900.0,100600.0,107900.0,2503826.0,105280.4453125,105560,True,
2025-06-05 00:00:00,107900.0,108000.0,104100.0,106300.0,2359607.0,103719.296875,105560,True,
2025-06-09 00:00:00,106100.0,110700.0,105700.0,110700.0,2084938.0,108012.4765625,105560,True,
2025-06-10 00:00:00,110800.0,114800.0,108400.0,110900.0,2263281.0,108207.625,105560,True,
2025-06-11 00:00:00,110600.0,110600.0,106400.0,107200.0,1666674.0,104597.4453125,105560,True,
2025-06-12 00:00:00,107600.0,108100.0,105000.0,105900.0,2261184.0,103329.015625,105560,True,
2025-06-13 00:00:00,105900.0,107200.0,104700.0,106000.0,1482722.0,103426.578125,105560,True,
2025-06-16 00:00:00,106200.0,108100.0,104800.0,107800.0,1036382.0,105182.875,105560,True,
2025-06-17 00:00:00,106800.0,109300.0,106200.0,107100.0,1053976.0,104499.875,105560,True,
2025-06-18 00:00:00,106100.0,107800.0,105500.0,107000.0,1083459.0,104402.296875,105560,True,
2025-06-19 00:00:00,107900.0,109000.0,105300.0,106700.0,1317751.0,104109.5859375,105560,True,
2025-06-20 00:00:00,107500.0,108500.0,106500.0,106500.0,3095365.0,103914.4375,105560,True,
2025-06-23 00:00:00,107100.0,108200.0,105600.0,107600.0,1348050.0,104987.7265625,105560,True,
2025-06-24 00:00:00,109400.0,113200.0,108700.0,112300.0,1406979.0,109573.6328125,105560,True,
2025-06-25 00:00:00,113000.0,113200.0,108800.0,109500.0,1685148.0,106841.609375,105560,True,
2025-06-26 00:00:00,111200.0,111300.0,108100.0,109900.0,824688.0,107231.8984375,105560,True,
2025-06-27 00:00:00,110000.0,112300.0,109500.0,110600.0,1045704.0,107914.90625,105560,True,
2025-06-30 00:00:00,111500.0,113200.0,109500.0,110900.0,1265461.0,108207.625,105560,True,
2025-07-01 00:00:00,109800.0,112700.0,109800.0,110800.0,1391114.0,108110.0390625,105560,True,
2025-07-02 00:00:00,111200.0,113500.0,110100.0,113500.0,1583370.0,110744.4921875,105560,True,
2025-07-03 00:00:00,115000.0,116900.0,113400.0,116900.0,1495856.0,114061.9453125,105560,True,
2025-07-04 00:00:00,116900.0,117900.0,111300.0,112100.0,1003310.0,109378.484375,105560,True,
2025-07-07 00:00:00,112100.0,114500.0,110900.0,114400.0,1096768.0,111622.6484375,105560,True,
2025-07-08 00:00:00,114100.0,122000.0,113700.0,122000.0,1777942.0,119038.1328125,105560,True,
2025-07-09 00:00:00,119600.0,120000.0,116500.0,118400.0,1947529.0,115525.5390625,105560,True,
2025-07-10 00:00:00,118000.0,118600.0,116200.0,116800.0,1638402.0,113964.3828125,105560,True,
2025-07-11 00:00:00,116800.0,118300.0,116800.0,117300.0,981697.0,114452.2421875,105560,True,
2025-07-14 00:00:00,118000.0,119200.0,117500.0,118500.0,857015.0,115623.109375,105560,True,
2025-07-15 00:00:00,116700.0,120000.0,116000.0,119600.0,986461.0,116696.3984375,105560,True,
2025-07-16 00:00:00,117500.0,117900.0,113300.0,113600.0,1684384.0,110842.0703125,105560,True,
2025-07-17 00:00:00,112800.0,115100.0,112600.0,114800.0,1249850.0,112012.9375,105560,True,
2025-07-18 00:00:00,115000.0,115500.0,112300.0,113400.0,627930.0,110646.9296875,105560,True,
2025-07-21 00:00:00,115400.0,115600.0,114100.0,115000.0,739614.0,112208.0859375,105560,True,
2025-07-22 00:00:00,114600.0,116500.0,113800.0,114600.0,895670.0,111817.7890625,105560,True,
2025-07-23 00:00:00,117500.0,117500.0,114300.0,115300.0,834382.0,112500.796875,105560,True,
2025-07-24 00:00:00,116900.0,118400.0,115800.0,117200.0,1021966.0,114354.6640625,105560,True,
2025-07-25 00:00:00,120300.0,126600.0,117300.0,118800.0,2075925.0,115915.828125,105560,True,
2025-07-28 00:00:00,117600.0,117800.0,109600.0,110500.0,1481084.0,107817.3203125,105560,True,
2025-07-29 00:00:00,109400.0,112300.0,109200.0,111300.0,1459782.0,108597.90625,105560,True,
2025-07-30 00:00:00,111400.0,113500.0,110000.0,112800.0,769200.0,110061.4921875,105560,True,
2025-07-31 00:00:00,111700.0,112700.0,110300.0,110900.0,1564300.0,108207.625,105560,True,
2025-08-01 00:00:00,107800.0,108500.0,105800.0,106000.0,1884341.0,103426.578125,105560,True,
2025-08-04 00:00:00,106700.0,108900.0,106600.0,108400.0,1262668.0,105768.3125,105560,True,
2025-08-05 00:00:00,111500.0,113500.0,109800.0,112400.0,1242108.0,109671.203125,105560,True,
2025-08-06 00:00:00,112500.0,115600.0,112100.0,115600.0,892654.0,112793.515625,105560,True,
2025-08-07 00:00:00,115100.0,115400.0,113700.0,115000.0,685853.0,112208.0859375,105560,True,
2025-08-08 00:00:00,113900.0,114600.0,112400.0,113500.0,647277.0,111637.59375,105560,True,
2025-08-11 00:00:00,113600.0,114000.0,112500.0,112700.0,676713.0,110850.7265625,105560,True,
2025-08-12 00:00:00,113200.0,116900.0,112600.0,114100.0,672113.0,112227.7578125,105560,True,
2025-08-13 00:00:00,114600.0,115700.0,113100.0,114600.0,601859.0,112719.546875,105560,True,
2025-08-14 00:00:00,115800.0,116300.0,113200.0,113200.0,786457.0,111342.515625,105560,True,
2025-08-18 00:00:00,111300.0,111900.0,107000.0,107200.0,1645279.0,105440.9765625,105560,True,
2025-08-19 00:00:00,107500.0,109400.0,106000.0,109400.0,1262756.0,107604.8671875,105560,True,
2025-08-20 00:00:00,110400.0,110500.0,106200.0,109500.0,1069376.0,107703.234375,105560,True,
2025-08-21 00:00:00,109900.0,110500.0,108900.0,109700.0,590448.0,107899.9453125,105560,True,
2025-08-22 00:00:00,110900.0,111200.0,108300.0,108400.0,601840.0,106621.28125,105560,True,
2025-08-25 00:00:00,109300.0,110400.0,109100.0,110300.0,447114.0,108490.109375,105560,True,
2025-08-26 00:00:00,109700.0,109900.0,107700.0,108300.0,1759014.0,106522.9296875,105560,True,
2025-08-27 00:00:00,108000.0,109000.0,107000.0,108500.0,532960.0,106719.640625,105560,True,
2025-08-28 00:00:00,108000.0,110700.0,107100.0,109100.0,727736.0,107309.796875,105560,True,
2025-08-29 00:00:00,109200.0,110300.0,108200.0,108200.0,690061.0,106424.5625,105560,True,
2025-09-01 00:00:00,109400.0,109400.0,107000.0,107100.0,449563.0,105342.6171875,105560,True,
2025-09-02 00:00:00,106600.0,108950.0,106600.0,108800.0,445897.0,107014.71875,105560,True,
2025-09-03 00:00:00,109800.0,110200.0,109000.0,110200.0,561813.0,108391.7421875,105560,True,
2025-09-04 00:00:00,108800.0,109900.0,108000.0,108500.0,579726.0,106719.640625,105560,True,
2025-09-05 00:00:00,108400.0,109300.0,108100.0,108600.0,473392.0,106818.0,105560,True,
2025-09-08 00:00:00,108600.0,108700.0,105800.0,106700.0,1060961.0,104949.1796875,105560,True,
2025-09-09 00:00:00,107500.0,109900.0,106900.0,109900.0,969437.0,108096.671875,105560,True,
2025-09-10 00:00:00,111200.0,118000.0,110200.0,117600.0,1549054.0,115670.3203125,105560,True,
2025-09-11 00:00:00,117000.0,117600.0,114900.0,117600.0,1307952.0,115670.3203125,105560,True,
2025-09-12 00:00:00,119400.0,119800.0,117300.0,119300.0,1088302.0,117342.421875,105560,True,
2025-09-15 00:00:00,117500.0,121500.0,117500.0,119600.0,1016593.0,117637.5,105560,True,
2025-09-16 00:00:00,119600.0,120300.0,117800.0,117800.0,961524.0,115867.0390625,105560,True,
2025-09-17 00:00:00,117600.0,118600.0,117500.0,118300.0,645617.0,116358.8359375,105560,True,
2025-09-18 00:00:00,117800.0,118300.0,115600.0,116900.0,719010.0,114981.8046875,105560,True,
2025-09-22 00:00:00,117400.0,118100.0,115600.0,116900.0,629902.0,114981.8046875,105560,True,
2025-09-23 00:00:00,116800.0,117700.0,115200.0,115400.0,824229.0,113506.421875,105560,True,
2025-09-24 00:00:00,116400.0,117400.0,114600.0,115300.0,472792.0,113408.0625,105560,True,
2025-09-25 00:00:00,114900.0,116500.0,113800.0,114300.0,621748.0,112424.46875,105560,True,
2025-09-26 00:00:00,113400.0,113950.0,111900.0,112700.0,852956.0,110850.7265625,105560,True,
2025-09-29 00:00:00,113800.0,116100.0,113500.0,115700.0,582740.0,113801.5,105560,True,
2025-09-30 00:00:00,114600.0,115500.0,114100.0,115500.0,960038.0,113604.78125,105560,True,
2025-10-01 00:00:00,114900.0,116300.0,114600.0,116300.0,714154.0,114391.65625,105560,True,
2025-10-02 00:00:00,117000.0,119300.0,115300.0,117300.0,1308296.0,115375.2421875,105560,True,
2025-10-10 00:00:00,113500.0,115000.0,111500.0,112800.0,1938571.0,110949.0859375,105560,True,
2025-10-13 00:00:00,112800.0,113100.0,110500.0,111600.0,796197.0,109768.7734375,105560,True,
2025-10-14 00:00:00,110100.0,112200.0,109200.0,110900.0,675180.0,109080.265625,105560,True,
2025-10-15 00:00:00,112200.0,115900.0,112000.0,115700.0,1145113.0,113801.5,105560,True,
2025-10-16 00:00:00,112300.0,115200.0,112200.0,113700.0,883484.0,111834.3125,105560,True,
2025-10-17 00:00:00,112500.0,115900.0,112400.0,114000.0,798346.0,112129.390625,105560,True,
2025-10-20 00:00:00,115000.0,118500.0,113000.0,118200.0,875613.0,116260.484375,105560,True,
2025-10-21 00:00:00,118500.0,120600.0,116000.0,116500.0,932529.0,114588.375,105560,True,
2025-10-22 00:00:00,116200.0,116500.0,114500.0,115800.0,850669.0,113899.859375,105560,True,
2025-10-23 00:00:00,114500.0,116500.0,113800.0,114800.0,763855.0,112916.265625,105560,True,
2025-10-24 00:00:00,115000.0,115900.0,113800.0,113800.0,773644.0,111932.671875,105560,True,
2025-10-27 00:00:00,114800.0,118600.0,114000.0,118000.0,1030435.0,116063.7578125,105560,True,
2025-10-28 00:00:00,116100.0,117200.0,115000.0,116400.0,1203541.0,114490.0078125,105560,True,
2025-10-29 00:00:00,118300.0,119600.0,114700.0,116000.0,1013640.0,114096.578125,105560,True,
2025-10-30 00:00:00,114700.0,119100.0,114600.0,115800.0,930628.0,113899.859375,105560,True,
2025-10-31 00:00:00,115300.0,118100.0,114800.0,116600.0,1236699.0,114686.734375,105560,True,
2025-11-03 00:00:00,115700.0,118300.0,115600.0,118000.0,664243.0,116063.7578125,105560,True,
2025-11-04 00:00:00,118400.0,124700.0,117200.0,121900.0,1360025.0,119899.765625,105560,True,
2025-11-05 00:00:00,124600.0,124600.0,119200.0,121600.0,1326347.0,119604.6875,105560,True,
2025-11-06 00:00:00,124000.0,128600.0,123100.0,125300.0,1719636.0,123243.9765625,105560,True,
2025-11-07 00:00:00,128000.0,128800.0,122100.0,123700.0,1513815.0,121670.2265625,105560,True,
2025-11-10 00:00:00,129000.0,132500.0,126100.0,129000.0,1910240.0,126883.2578125,105560,True,
2025-11-11 00:00:00,130000.0,133500.0,128600.0,130700.0,1515015.0,128555.3671875,105560,True,
2025-11-12 00:00:00,129300.0,135700.0,129100.0,134700.0,1202883.0,132489.734375,105560,True,
2025-11-13 00:00:00,137400.0,140000.0,132800.0,133500.0,1397564.0,132222.3125,105560,True,
2025-11-14 00:00:00,132100.0,134700.0,129500.0,129500.0,1133586.0,128260.6015625,105560,True,
2025-11-17 00:00:00,128000.0,129300.0,126500.0,126800.0,1249457.0,125586.4375,105560,True,
2025-11-18 00:00:00,125600.0,126700.0,122300.0,122500.0,838692.0,121327.59375,105560,True,
2025-11-19 00:00:00,124500.0,125000.0,120800.0,122200.0,1087277.0,121030.46875,105560,True,
2025-11-20 00:00:00,122300.0,123900.0,121200.0,121200.0,889274.0,120040.0390625,105560,True,
2025-11-21 00:00:00,115900.0,121500.0,115800.0,120500.0,714841.0,119346.734375,105560,True,
2025-11-24 00:00:00,122900.0,123700.0,120300.0,120300.0,1596964.0,119148.6484375,105560,True,
2025-11-25 00:00:00,122500.0,124300.0,120400.0,121700.0,878115.0,120535.25,105560,True,
2025-11-26 00:00:00,122800.0,125500.0,122100.0,124700.0,983365.0,123506.5390625,105560,True,
2025-11-27 00:00:00,123600.0,125700.0,123600.0,123700.0,541036.0,122516.109375,105560,True,
2025-11-28 00:00:00,124700.0,125300.0,123200.0,124800.0,685738.0,123605.578125,105560,True,
2025-12-01 00:00:00,126400.0,127500.0,124500.0,126300.0,810275.0,125091.2265625,105560,True,
2025-12-02 00:00:00,128800.0,133600.0,127000.0,132000.0,1349596.0,130736.671875,105560,True,
2025-12-03 00:00:00,132800.0,134300.0,130700.0,131700.0,1088544.0,130439.546875,105560,True,
2025-12-04 00:00:00,130600.0,131200.0,128200.0,128800.0,888091.0,127567.296875,105560,True,
2025-12-05 00:00:00,129800.0,131000.0,128100.0,130700.0,970532.0,129449.1171875,105560,True,
2025-12-08 00:00:00,130500.0,131400.0,126600.0,127900.0,918395.0,126675.9140625,105560,True,
2025-12-09 00:00:00,128300.0,128300.0,125100.0,126000.0,1023466.0,124794.09375,105560,True,
2025-12-10 00:00:00,126500.0,126500.0,124000.0,124500.0,754983.0,123308.453125,105560,True,
2025-12-11 00:00:00,125400.0,126900.0,124800.0,124800.0,979301.0,123605.578125,105560,True,
2025-12-12 00:00:00,126000.0,126900.0,124600.0,126100.0,918020.0,124893.140625,105560,True,
2025-12-15 00:00:00,126400.0,126600.0,124000.0,124900.0,674088.0,123704.625,105560,True,
2025-12-16 00:00:00,125100.0,126100.0,123300.0,123700.0,1164104.0,122516.109375,105560,True,
2025-12-17 00:00:00,123900.0,124600.0,122700.0,124300.0,814424.0,123110.3671875,105560,True,
2025-12-18 00:00:00,124500.0,124500.0,122800.0,124000.0,685456.0,122813.2421875,105560,True,
2025-12-19 00:00:00,125200.0,125800.0,123200.0,125200.0,726248.0,124001.75,105560,True,
2025-12-22 00:00:00,126400.0,126500.0,125000.0,126500.0,521087.0,125289.3125,105560,True,
2025-12-23 00:00:00,126800.0,127300.0,125300.0,126000.0,484510.0,124794.09375,105560,True,
2025-12-24 00:00:00,125700.0,126600.0,125300.0,126100.0,318252.0,124893.140625,105560,True,
2025-12-26 00:00:00,126000.0,126100.0,124300.0,124600.0,329428.0,123407.4921875,105560,True,
2025-12-29 00:00:00,122600.0,125600.0,121400.0,125600.0,462846.0,124397.921875,105560,True,
2025-12-30 00:00:00,124100.0,125700.0,123700.0,124700.0,405215.0,123506.5390625,105560,True,
2026-04-22 09:05:00,160400.0,160400.0,160400.0,160400.0,0.0,,105560,,
2026-04-22 09:10:00,160400.0,160400.0,160400.0,160400.0,0.0,,105560,,
2026-04-22 09:15:00,160400.0,160400.0,160400.0,160400.0,0.0,,105560,,
2026-04-22 09:20:00,160400.0,160400.0,160400.0,160400.0,0.0,,105560,,
2026-04-22 09:25:00,160400.0,160400.0,160400.0,160400.0,0.0,,105560,,
2026-04-22 09:30:00,160400.0,160400.0,160400.0,160400.0,0.0,,105560,,
2026-04-22 11:35:00,160400.0,160400.0,160400.0,160400.0,0.0,,105560,,
2026-04-22 11:40:00,160400.0,160400.0,160400.0,160400.0,0.0,,105560,,
2026-04-22 11:45:00,160400.0,160400.0,160400.0,160400.0,0.0,,105560,,
2026-04-22 11:50:00,160400.0,160400.0,160400.0,160400.0,0.0,,105560,,
2026-04-22 11:55:00,160400.0,160400.0,160400.0,160400.0,0.0,,105560,,
2026-04-22 12:00:00,160400.0,160400.0,160400.0,160400.0,0.0,,105560,,
2026-04-22 15:05:00,160400.0,160400.0,160400.0,160400.0,0.0,,105560,,
2026-04-22 15:10:00,160400.0,160400.0,160400.0,160400.0,0.0,,105560,,
2026-04-22 15:15:00,160400.0,160400.0,160400.0,160400.0,0.0,,105560,,
2026-04-22 15:20:00,160400.0,160400.0,160400.0,160400.0,0.0,,105560,,
2026-04-22 15:25:00,160400.0,160400.0,160400.0,160400.0,0.0,,105560,,
2026-04-22 15:30:00,160400.0,160400.0,160400.0,160400.0,0.0,,105560,,
2025-01-02 00:00:00,1460659.125,1463734.25,1420683.25,1436058.625,35714.0,1436058.625,207940,True,
2025-01-03 00:00:00,1436058.625,1462196.625,1432983.5,1445283.75,28664.0,1445283.75,207940,True,
2025-01-06 00:00:00,1445283.75,1457584.125,1432983.5,1454509.0,29158.0,1454509.0,207940,True,
2025-01-07 00:00:00,1462196.625,1545223.625,1460659.125,1511397.875,98642.0,1511397.875,207940,True,
2025-01-08 00:00:00,1523698.125,1554448.875,1520623.0,1549836.25,69690.0,1549836.25,207940,True,
2025-01-09 00:00:00,1537536.0,1559061.5,1525235.625,1546761.125,32388.0,1546761.125,207940,True,
2025-01-10 00:00:00,1539073.5,1568286.625,1535998.375,1537536.0,27528.0,1537536.0,207940,True,
2025-01-13 00:00:00,1546761.125,1605187.5,1545223.625,1555986.375,47063.0,1555986.375,207940,True,
2025-01-14 00:00:00,1612875.25,1632863.125,1565211.625,1574436.75,63716.0,1574436.75,207940,True,
2025-01-15 00:00:00,1592887.25,1608262.625,1568286.625,1568286.625,46506.0,1568286.625,207940,True,
2025-01-16 00:00:00,1579049.375,1619025.375,1579049.375,1602112.5,56042.0,1602112.5,207940,True,
2025-01-17 00:00:00,1592887.25,1595962.25,1560599.0,1560599.0,31039.0,1560599.0,207940,True,
2025-01-20 00:00:00,1571361.75,1583662.0,1557523.875,1560599.0,25263.0,1560599.0,207940,True,
2025-01-21 00:00:00,1572899.25,1579049.375,1537536.0,1539073.5,29762.0,1539073.5,207940,True,
2025-01-22 00:00:00,1554448.875,1594424.75,1545223.625,1559061.5,43429.0,1559061.5,207940,True,
2025-01-23 00:00:00,1572899.25,1657463.75,1571361.75,1619025.375,104456.0,1619025.375,207940,True,
2025-01-24 00:00:00,1648238.5,1678989.25,1634400.75,1671301.625,69477.0,1671301.625,207940,True,
2025-01-31 00:00:00,1683601.875,1691289.5,1639013.375,1662076.375,53778.0,1662076.375,207940,True,
2025-02-03 00:00:00,1640550.875,1683601.875,1592887.25,1683601.875,65788.0,1683601.875,207940,True,
2025-02-04 00:00:00,1689752.0,1691289.5,1642088.375,1648238.5,65389.0,1648238.5,207940,True,
2025-02-05 00:00:00,1649776.125,1677451.75,1632863.125,1668226.5,37991.0,1668226.5,207940,True,
2025-02-06 00:00:00,1683601.875,1683601.875,1660538.875,1674376.625,30810.0,1674376.625,207940,True,
2025-02-07 00:00:00,1675914.125,1791229.375,1671301.625,1783541.75,123718.0,1783541.75,207940,True,
2025-02-10 00:00:00,1783541.75,1788154.25,1732803.0,1737415.625,63663.0,1737415.625,207940,True,
2025-02-11 00:00:00,1737415.625,1825055.125,1737415.625,1805067.25,59391.0,1805067.25,207940,True,
2025-02-12 00:00:00,1786616.75,1797379.5,1748178.375,1778929.125,55916.0,1778929.125,207940,True,
2025-02-13 00:00:00,1789691.875,1823517.625,1769703.875,1812754.875,52024.0,1812754.875,207940,True,
2025-02-14 00:00:00,1825055.125,1858881.0,1805067.25,1814292.375,61612.0,1814292.375,207940,True,
2025-02-17 00:00:00,1823517.625,1823517.625,1791229.375,1821980.125,30120.0,1821980.125,207940,True,
2025-02-18 00:00:00,1809679.75,1826592.75,1788154.25,1806604.75,35283.0,1806604.75,207940,True,
2025-02-19 00:00:00,1788154.25,1815830.0,1768166.375,1777391.5,50609.0,1777391.5,207940,True,
2025-02-20 00:00:00,1768166.375,1777391.5,1731265.5,1766628.75,51057.0,1766628.75,207940,True,
2025-02-21 00:00:00,1748178.375,1783541.75,1743565.75,1778929.125,30277.0,1778929.125,207940,True,
2025-02-24 00:00:00,1763553.75,1777391.5,1749715.875,1769703.875,23141.0,1769703.875,207940,True,
2025-02-25 00:00:00,1755866.0,1848118.25,1752791.0,1811217.375,70784.0,1811217.375,207940,True,
2025-02-26 00:00:00,1815830.0,1825055.125,1765091.25,1795842.0,37683.0,1795842.0,207940,True,
2025-02-27 00:00:00,1792766.875,1801992.125,1769703.875,1782004.125,23490.0,1782004.125,207940,True,
2025-02-28 00:00:00,1765091.25,1775854.0,1712815.0,1715890.125,65764.0,1715890.125,207940,True,
2025-03-04 00:00:00,1712815.0,1760478.625,1706664.875,1722040.25,29127.0,1722040.25,207940,True,
2025-03-05 00:00:00,1729727.875,1766628.75,1722040.25,1757403.625,33993.0,1757403.625,207940,True,
2025-03-06 00:00:00,1763553.75,1763553.75,1731265.5,1737415.625,27899.0,1737415.625,207940,True,
2025-03-07 00:00:00,1723577.75,1728190.375,1691289.5,1691289.5,32477.0,1691289.5,207940,True,
2025-03-10 00:00:00,1671301.625,1682064.375,1632863.125,1665151.375,41594.0,1665151.375,207940,True,
2025-03-11 00:00:00,1629788.125,1660538.875,1622100.375,1642088.375,30229.0,1642088.375,207940,True,
2025-03-12 00:00:00,1637475.75,1669764.0,1629788.125,1659001.25,36345.0,1659001.25,207940,True,
2025-03-13 00:00:00,1659001.25,1671301.625,1614412.75,1619025.375,71794.0,1619025.375,207940,True,
2025-03-14 00:00:00,1619025.375,1620562.875,1586737.125,1615950.25,52310.0,1615950.25,207940,True,
2025-03-17 00:00:00,1632863.125,1643625.875,1614412.75,1643625.875,35032.0,1643625.875,207940,True,
2025-03-18 00:00:00,1655926.25,1672839.125,1640550.875,1666689.0,29028.0,1666689.0,207940,True,
2025-03-19 00:00:00,1677451.75,1694364.625,1652851.125,1659001.25,25472.0,1659001.25,207940,True,
2025-03-20 00:00:00,1671301.625,1675914.125,1635938.25,1648238.5,28459.0,1648238.5,207940,True,
2025-03-21 00:00:00,1629788.125,1683601.875,1629788.125,1683601.875,58133.0,1683601.875,207940,True,
2025-03-24 00:00:00,1668226.5,1674376.625,1651313.625,1657463.75,15373.0,1657463.75,207940,True,
2025-03-25 00:00:00,1655926.25,1665151.375,1631325.625,1651313.625,28035.0,1651313.625,207940,True,
2025-03-26 00:00:00,1655926.25,1660538.875,1625175.5,1648238.5,22953.0,1648238.5,207940,True,
2025-03-27 00:00:00,1629788.125,1643625.875,1625175.5,1628250.5,14641.0,1628250.5,207940,True,
2025-03-28 00:00:00,1634400.75,1635938.25,1600574.875,1612875.25,16504.0,1612875.25,207940,True,
2025-03-31 00:00:00,1579049.375,1595962.25,1559061.5,1559061.5,36100.0,1559061.5,207940,True,
2025-04-01 00:00:00,1575974.375,1642088.375,1569824.25,1626713.0,41121.0,1626713.0,207940,True,
2025-04-02 00:00:00,1614412.75,1625175.5,1589812.125,1614412.75,33754.0,1614412.75,207940,True,
2025-04-03 00:00:00,1591349.75,1732803.0,1591349.75,1711277.5,92055.0,1711277.5,207940,True,
2025-04-04 00:00:00,1688214.5,1706664.875,1629788.125,1643625.875,66027.0,1643625.875,207940,True,
2025-04-07 00:00:00,1560599.0,1575974.375,1542148.5,1549836.25,72897.0,1549836.25,207940,True,
2025-04-08 00:00:00,1568286.625,1588274.625,1539073.5,1543686.125,91346.0,1543686.125,207940,True,
2025-04-09 00:00:00,1534460.875,1549836.25,1517548.0,1525235.625,66433.0,1525235.625,207940,True,
2025-04-10 00:00:00,1537536.0,1583662.0,1534460.875,1566749.125,113646.0,1566749.125,207940,True,
2025-04-11 00:00:00,1546761.125,1611337.625,1542148.5,1606725.0,49174.0,1606725.0,207940,True,
2025-04-14 00:00:00,1611337.625,1611337.625,1583662.0,1595962.25,31086.0,1595962.25,207940,True,
2025-04-15 00:00:00,1591349.75,1603650.0,1568286.625,1589812.125,43346.0,1589812.125,207940,True,
2025-04-16 00:00:00,1594424.75,1605187.5,1566749.125,1572899.25,27933.0,1572899.25,207940,True,
2025-04-17 00:00:00,1580587.0,1635938.25,1577511.875,1628250.5,54033.0,1628250.5,207940,True,
2025-04-18 00:00:00,1631325.625,1632863.125,1608262.625,1612875.25,18594.0,1612875.25,207940,True,
2025-04-21 00:00:00,1619025.375,1659001.25,1609800.125,1648238.5,26033.0,1648238.5,207940,True,
2025-04-22 00:00:00,1645163.5,1666689.0,1635938.25,1652851.125,42018.0,1652851.125,207940,True,
2025-04-23 00:00:00,1665151.375,1666689.0,1608262.625,1639013.375,55727.0,1639013.375,207940,True,
2025-04-24 00:00:00,1646701.0,1652851.125,1582124.5,1608262.625,79113.0,1608262.625,207940,True,
2025-04-25 00:00:00,1609800.125,1614412.75,1582124.5,1591349.75,60864.0,1591349.75,207940,True,
2025-04-28 00:00:00,1603650.0,1606725.0,1583662.0,1594424.75,37278.0,1594424.75,207940,True,
2025-04-29 00:00:00,1600574.875,1622100.375,1591349.75,1619025.375,40720.0,1619025.375,207940,True,
2025-04-30 00:00:00,1609800.125,1620562.875,1600574.875,1617487.75,35919.0,1617487.75,207940,True,
2025-05-02 00:00:00,1603650.0,1669764.0,1602112.5,1668226.5,48109.0,1668226.5,207940,True,
2025-05-07 00:00:00,1645163.5,1645163.5,1589812.125,1600574.875,77963.0,1600574.875,207940,True,
2025-05-08 00:00:00,1609800.125,1622100.375,1592887.25,1592887.25,44163.0,1592887.25,207940,True,
2025-05-09 00:00:00,1602112.5,1603650.0,1586737.125,1599037.375,24424.0,1599037.375,207940,True,
2025-05-12 00:00:00,1600574.875,1602112.5,1520623.0,1523698.125,94148.0,1523698.125,207940,True,
2025-05-13 00:00:00,1535998.375,1557523.875,1529848.25,1537536.0,60010.0,1537536.0,207940,True,
2025-05-14 00:00:00,1531385.75,1559061.5,1520623.0,1545223.625,44175.0,1545223.625,207940,True,
2025-05-15 00:00:00,1531385.75,1546761.125,1529848.25,1534460.875,24790.0,1534460.875,207940,True,
2025-05-16 00:00:00,1537536.0,1548298.75,1532923.375,1540611.0,20424.0,1540611.0,207940,True,
2025-05-19 00:00:00,1540611.0,1602112.5,1540611.0,1580587.0,50776.0,1580587.0,207940,True,
2025-05-20 00:00:00,1588274.625,1594424.75,1569824.25,1579049.375,36217.0,1579049.375,207940,True,
2025-05-21 00:00:00,1588274.625,1720502.75,1586737.125,1691289.5,139250.0,1691289.5,207940,True,
2025-05-22 00:00:00,1785079.25,1829667.75,1649776.125,1660538.875,154990.0,1660538.875,207940,True,
2025-05-23 00:00:00,1660538.875,1666689.0,1562136.5,1562136.5,70624.0,1562136.5,207940,True,
2025-05-26 00:00:00,1583662.0,1603650.0,1557523.875,1603650.0,62281.0,1603650.0,207940,True,
2025-05-27 00:00:00,1588274.625,1602112.5,1572899.25,1577511.875,41111.0,1577511.875,207940,True,
2025-05-28 00:00:00,1580587.0,1595962.25,1572899.25,1580587.0,25834.0,1580587.0,207940,True,
2025-05-29 00:00:00,1589812.125,1594424.75,1560599.0,1577511.875,58473.0,1577511.875,207940,True,
2025-05-30 00:00:00,1571361.75,1612875.25,1566749.125,1586737.125,75542.0,1586737.125,207940,True,
2025-06-02 00:00:00,1572899.25,1603650.0,1572899.25,1585199.5,30596.0,1585199.5,207940,True,
2025-06-04 00:00:00,1585199.5,1599037.375,1575974.375,1589812.125,51654.0,1589812.125,207940,True,
2025-06-05 00:00:00,1579049.375,1599037.375,1560599.0,1566749.125,59101.0,1566749.125,207940,True,
2025-06-09 00:00:00,1572899.25,1592887.25,1562136.5,1588274.625,50657.0,1588274.625,207940,True,
2025-06-10 00:00:00,1589812.125,1600574.875,1572899.25,1599037.375,48482.0,1599037.375,207940,True,
2025-06-11 00:00:00,1595962.25,1611337.625,1586737.125,1603650.0,40848.0,1603650.0,207940,True,
2025-06-12 00:00:00,1595962.25,1602112.5,1575974.375,1582124.5,62955.0,1582124.5,207940,True,
2025-06-13 00:00:00,1583662.0,1591349.75,1549836.25,1566749.125,61962.0,1566749.125,207940,True,
2025-06-16 00:00:00,1566749.125,1569824.25,1551373.75,1560599.0,31923.0,1560599.0,207940,True,
2025-06-17 00:00:00,1566749.125,1574436.75,1546761.125,1552911.25,47002.0,1552911.25,207940,True,
2025-06-18 00:00:00,1542148.5,1549836.25,1531385.75,1543686.125,42957.0,1543686.125,207940,True,
2025-06-19 00:00:00,1546761.125,1546761.125,1531385.75,1535998.375,29592.0,1535998.375,207940,True,
2025-06-20 00:00:00,1543686.125,1569824.25,1537536.0,1562136.5,80777.0,1562136.5,207940,True,
2025-06-23 00:00:00,1542148.5,1542148.5,1522160.625,1525235.625,45934.0,1525235.625,207940,True,
2025-06-24 00:00:00,1543686.125,1546761.125,1534460.875,1543686.125,46513.0,1543686.125,207940,True,
2025-06-25 00:00:00,1537536.0,1552911.25,1523698.125,1543686.125,37421.0,1543686.125,207940,True,
2025-06-26 00:00:00,1548298.75,1552911.25,1525235.625,1535998.375,36088.0,1535998.375,207940,True,
2025-06-27 00:00:00,1543686.125,1545223.625,1526773.25,1531385.75,24751.0,1531385.75,207940,True,
2025-06-30 00:00:00,1539073.5,1539073.5,1525235.625,1525235.625,28974.0,1525235.625,207940,True,
2025-07-01 00:00:00,1528310.75,1542148.5,1528310.75,1542148.5,36267.0,1542148.5,207940,True,
2025-07-02 00:00:00,1535998.375,1575974.375,1528310.75,1551373.75,48273.0,1551373.75,207940,True,
2025-07-03 00:00:00,1560599.0,1619025.375,1540611.0,1605187.5,81791.0,1605187.5,207940,True,
2025-07-04 00:00:00,1619025.375,1623638.0,1583662.0,1595962.25,52500.0,1595962.25,207940,True,
2025-07-07 00:00:00,1597499.875,1599037.375,1574436.75,1582124.5,29429.0,1582124.5,207940,True,
2025-07-08 00:00:00,1583662.0,1591349.75,1548298.75,1557523.875,45464.0,1557523.875,207940,True,
2025-07-09 00:00:00,1563674.0,1575974.375,1549836.25,1565211.625,32754.0,1565211.625,207940,True,
2025-07-10 00:00:00,1566749.125,1671301.625,1565211.625,1660538.875,134478.0,1660538.875,207940,True,
2025-07-11 00:00:00,1640550.875,1666689.0,1625175.5,1625175.5,210949.0,1625175.5,207940,True,
2025-07-14 00:00:00,1620562.875,1628250.5,1594424.75,1602112.5,36288.0,1602112.5,207940,True,
2025-07-15 00:00:00,1599037.375,1614412.75,1572899.25,1585199.5,49955.0,1585199.5,207940,True,
2025-07-16 00:00:00,1580587.0,1592887.25,1572899.25,1588274.625,31196.0,1588274.625,207940,True,
2025-07-17 00:00:00,1611337.625,1666689.0,1594424.75,1645163.5,69142.0,1645163.5,207940,True,
2025-07-18 00:00:00,1660538.875,1660538.875,1588274.625,1615950.25,49450.0,1615950.25,207940,True,
2025-07-21 00:00:00,1620562.875,1625175.5,1591349.75,1597499.875,37506.0,1597499.875,207940,True,
2025-07-22 00:00:00,1597499.875,1615950.25,1592887.25,1602112.5,30784.0,1602112.5,207940,True,
2025-07-23 00:00:00,1626713.0,1657463.75,1608262.625,1635938.25,69750.0,1635938.25,207940,True,
2025-07-24 00:00:00,1660538.875,1737415.625,1657463.75,1672839.125,120154.0,1672839.125,207940,True,
2025-07-25 00:00:00,1674376.625,1674376.625,1632863.125,1639013.375,37711.0,1639013.375,207940,True,
2025-07-28 00:00:00,1657463.75,1659001.25,1620562.875,1640550.875,40412.0,1640550.875,207940,True,
2025-07-29 00:00:00,1645163.5,1683601.875,1645163.5,1672839.125,41676.0,1672839.125,207940,True,
2025-07-30 00:00:00,1657463.75,1703589.875,1657463.75,1688214.5,59564.0,1688214.5,207940,True,
2025-07-31 00:00:00,1683601.875,1694364.625,1629788.125,1640550.875,45439.0,1640550.875,207940,True,
2025-08-01 00:00:00,1625175.5,1645163.5,1582124.5,1589812.125,52794.0,1589812.125,207940,True,
2025-08-04 00:00:00,1600574.875,1619025.375,1582124.5,1611337.625,31782.0,1611337.625,207940,True,
2025-08-05 00:00:00,1631325.625,1642088.375,1612875.25,1615950.25,26927.0,1615950.25,207940,True,
2025-08-06 00:00:00,1597499.875,1599037.375,1580587.0,1585199.5,28266.0,1585199.5,207940,True,
2025-08-07 00:00:00,1591349.75,1592887.25,1566749.125,1582124.5,25092.0,1582124.5,207940,True,
2025-08-08 00:00:00,1583662.0,1583662.0,1566749.125,1571361.75,31303.0,1571361.75,207940,True,
2025-08-11 00:00:00,1580587.0,1605187.5,1575974.375,1586737.125,23335.0,1586737.125,207940,True,
2025-08-12 00:00:00,1580587.0,1599037.375,1568286.625,1569824.25,26812.0,1569824.25,207940,True,
2025-08-13 00:00:00,1583662.0,1599037.375,1577511.875,1599037.375,23023.0,1599037.375,207940,True,
2025-08-14 00:00:00,1614412.75,1614412.75,1585199.5,1588274.625,27613.0,1588274.625,207940,True,
2025-08-18 00:00:00,1597499.875,1614412.75,1577511.875,1580587.0,26275.0,1580587.0,207940,True,
2025-08-19 00:00:00,1589812.125,1594424.75,1569824.25,1574436.75,22071.0,1574436.75,207940,True,
2025-08-20 00:00:00,1583662.0,1583662.0,1554448.875,1566749.125,26668.0,1566749.125,207940,True,
2025-08-21 00:00:00,1575974.375,1580587.0,1562136.5,1563674.0,19234.0,1563674.0,207940,True,
2025-08-22 00:00:00,1574436.75,1597499.875,1566749.125,1583662.0,29587.0,1583662.0,207940,True,
2025-08-25 00:00:00,1594424.75,1600574.875,1575974.375,1583662.0,27323.0,1583662.0,207940,True,
2025-08-26 00:00:00,1574436.75,1592887.25,1566749.125,1566749.125,51364.0,1566749.125,207940,True,
2025-08-27 00:00:00,1566749.125,1580587.0,1563674.0,1568286.625,23996.0,1568286.625,207940,True,
2025-08-28 00:00:00,1568286.625,1575974.375,1555986.375,1555986.375,33666.0,1555986.375,207940,True,
2025-08-29 00:00:00,1557523.875,1565211.625,1537536.0,1539073.5,52214.0,1539073.5,207940,True,
2025-09-01 00:00:00,1540611.0,1546761.125,1529848.25,1531385.75,39242.0,1531385.75,207940,True,
2025-09-02 00:00:00,1543686.125,1548298.75,1526773.25,1532923.375,32514.0,1532923.375,207940,True,
2025-09-03 00:00:00,1529848.25,1560599.0,1529848.25,1555986.375,30374.0,1555986.375,207940,True,
2025-09-04 00:00:00,1546761.125,1563674.0,1546761.125,1563674.0,33944.0,1563674.0,207940,True,
2025-09-05 00:00:00,1560599.0,1585199.5,1560599.0,1583662.0,34131.0,1583662.0,207940,True,
2025-09-08 00:00:00,1586737.125,1597499.875,1577511.875,1585199.5,21287.0,1585199.5,207940,True,
2025-09-09 00:00:00,1619025.375,1634400.75,1583662.0,1600574.875,48703.0,1600574.875,207940,True,
2025-09-10 00:00:00,1600574.875,1603650.0,1585199.5,1589812.125,35699.0,1589812.125,207940,True,
2025-09-11 00:00:00,1595962.25,1615950.25,1585199.5,1592887.25,67957.0,1592887.25,207940,True,
2025-09-12 00:00:00,1594424.75,1597499.875,1577511.875,1595962.25,51073.0,1595962.25,207940,True,
2025-09-15 00:00:00,1586737.125,1602112.5,1579049.375,1599037.375,41809.0,1599037.375,207940,True,
2025-09-16 00:00:00,1589812.125,1599037.375,1586737.125,1592887.25,32052.0,1592887.25,207940,True,
2025-09-17 00:00:00,1582124.5,1589812.125,1566749.125,1568286.625,46871.0,1568286.625,207940,True,
2025-09-18 00:00:00,1572899.25,1583662.0,1565211.625,1569824.25,33344.0,1569824.25,207940,True,
2025-09-22 00:00:00,1577511.875,1585199.5,1563674.0,1577511.875,33487.0,1577511.875,207940,True,
2025-09-23 00:00:00,1569824.25,1609800.125,1569824.25,1592887.25,53941.0,1592887.25,207940,True,
2025-09-24 00:00:00,1597499.875,1608262.625,1589812.125,1608262.625,46385.0,1608262.625,207940,True,
2025-09-25 00:00:00,1606725.0,1608262.625,1569824.25,1571361.75,50997.0,1571361.75,207940,True,
2025-09-26 00:00:00,1552911.25,1560599.0,1509860.25,1537536.0,61745.0,1537536.0,207940,True,
2025-09-29 00:00:00,1543686.125,1552911.25,1535998.375,1542148.5,38989.0,1542148.5,207940,True,
2025-09-30 00:00:00,1537536.0,1543686.125,1529848.25,1532923.375,54930.0,1532923.375,207940,True,
2025-10-01 00:00:00,1535998.375,1555986.375,1535998.375,1545223.625,41811.0,1545223.625,207940,True,
2025-10-02 00:00:00,1557523.875,1565211.625,1545223.625,1559061.5,54219.0,1559061.5,207940,True,
2025-10-10 00:00:00,1562136.5,1571361.75,1551373.75,1559061.5,48015.0,1559061.5,207940,True,
2025-10-13 00:00:00,1559061.5,1572899.25,1548298.75,1568286.625,57348.0,1568286.625,207940,True,
2025-10-14 00:00:00,1552911.25,1594424.75,1542148.5,1579049.375,65696.0,1579049.375,207940,True,
2025-10-15 00:00:00,1599037.375,1738953.125,1594424.75,1732803.0,221852.0,1732803.0,207940,True,
2025-10-16 00:00:00,1717427.625,1743565.75,1714352.625,1742028.25,50990.0,1742028.25,207940,True,
2025-10-17 00:00:00,1732803.0,1742028.25,1706664.875,1717427.625,50435.0,1717427.625,207940,True,
2025-10-20 00:00:00,1723577.75,1771241.375,1718965.125,1745103.25,66486.0,1745103.25,207940,True,
2025-10-21 00:00:00,1748178.375,1768166.375,1734340.5,1758941.125,55942.0,1758941.125,207940,True,
2025-10-22 00:00:00,1757403.625,1823517.625,1749715.875,1803529.625,59398.0,1803529.625,207940,True,
2025-10-23 00:00:00,1786616.75,1809679.75,1769703.875,1786616.75,45206.0,1786616.75,207940,True,
2025-10-24 00:00:00,1811217.375,1835817.875,1800454.625,1811217.375,39426.0,1811217.375,207940,True,
2025-10-27 00:00:00,1823517.625,1861956.0,1821980.125,1857343.375,70927.0,1857343.375,207940,True,
2025-10-28 00:00:00,1911157.125,1944983.0,1858881.0,1894244.25,106110.0,1894244.25,207940,True,
2025-10-29 00:00:00,1917307.375,1931145.125,1860418.5,1877331.375,183193.0,1877331.375,207940,True,
2025-10-30 00:00:00,1877331.375,1877331.375,1877331.375,1877331.375,0.0,1877331.375,207940,True,
2025-10-31 00:00:00,1877331.375,1877331.375,1877331.375,1877331.375,0.0,1877331.375,207940,True,
2025-11-03 00:00:00,1877331.375,1877331.375,1877331.375,1877331.375,0.0,1877331.375,207940,True,
2025-11-04 00:00:00,1877331.375,1877331.375,1877331.375,1877331.375,0.0,1877331.375,207940,True,
2025-11-05 00:00:00,1877331.375,1877331.375,1877331.375,1877331.375,0.0,1877331.375,207940,True,
2025-11-06 00:00:00,1877331.375,1877331.375,1877331.375,1877331.375,0.0,1877331.375,207940,True,
2025-11-07 00:00:00,1877331.375,1877331.375,1877331.375,1877331.375,0.0,1877331.375,207940,True,
2025-11-10 00:00:00,1877331.375,1877331.375,1877331.375,1877331.375,0.0,1877331.375,207940,True,
2025-11-11 00:00:00,1877331.375,1877331.375,1877331.375,1877331.375,0.0,1877331.375,207940,True,
2025-11-12 00:00:00,1877331.375,1877331.375,1877331.375,1877331.375,0.0,1877331.375,207940,True,
2025-11-13 00:00:00,1877331.375,1877331.375,1877331.375,1877331.375,0.0,1877331.375,207940,True,
2025-11-14 00:00:00,1877331.375,1877331.375,1877331.375,1877331.375,0.0,1877331.375,207940,True,
2025-11-17 00:00:00,1877331.375,1877331.375,1877331.375,1877331.375,0.0,1877331.375,207940,True,
2025-11-18 00:00:00,1877331.375,1877331.375,1877331.375,1877331.375,0.0,1877331.375,207940,True,
2025-11-19 00:00:00,1877331.375,1877331.375,1877331.375,1877331.375,0.0,1877331.375,207940,True,
2025-11-20 00:00:00,1877331.375,1877331.375,1877331.375,1877331.375,0.0,1877331.375,207940,True,
2025-11-21 00:00:00,1877331.375,1877331.375,1877331.375,1877331.375,0.0,1877331.375,207940,True,
2025-11-24 00:00:00,1797000.0,1841000.0,1650000.0,1789000.0,560815.0,1789000.0,207940,True,
2025-11-25 00:00:00,1812000.0,1812000.0,1586000.0,1627000.0,224828.0,1627000.0,207940,True,
2025-11-26 00:00:00,1640000.0,1681000.0,1600000.0,1651000.0,115530.0,1651000.0,207940,True,
2025-11-27 00:00:00,1662000.0,1687000.0,1640000.0,1646000.0,70847.0,1646000.0,207940,True,
2025-11-28 00:00:00,1653000.0,1655000.0,1605000.0,1607000.0,50331.0,1607000.0,207940,True,
2025-12-01 00:00:00,1629000.0,1662000.0,1623000.0,1649000.0,54392.0,1649000.0,207940,True,
2025-12-02 00:00:00,1662000.0,1663000.0,1645000.0,1654000.0,33670.0,1654000.0,207940,True,
2025-12-03 00:00:00,1659000.0,1694000.0,1650000.0,1654000.0,44310.0,1654000.0,207940,True,
2025-12-04 00:00:00,1677000.0,1693000.0,1650000.0,1680000.0,34738.0,1680000.0,207940,True,
2025-12-05 00:00:00,1667000.0,1677500.0,1640000.0,1641000.0,54357.0,1641000.0,207940,True,
2025-12-08 00:00:00,1650000.0,1651000.0,1623000.0,1629000.0,36652.0,1629000.0,207940,True,
2025-12-09 00:00:00,1639000.0,1664000.0,1628000.0,1660000.0,44895.0,1660000.0,207940,True,
2025-12-10 00:00:00,1657000.0,1674000.0,1637000.0,1665000.0,34891.0,1665000.0,207940,True,
2025-12-11 00:00:00,1666000.0,1693000.0,1661000.0,1669000.0,60950.0,1669000.0,207940,True,
2025-12-12 00:00:00,1679000.0,1698000.0,1668000.0,1692000.0,44882.0,1692000.0,207940,True,
2025-12-15 00:00:00,1680000.0,1830000.0,1671000.0,1772000.0,107019.0,1772000.0,207940,True,
2025-12-16 00:00:00,1815000.0,1820000.0,1771000.0,1790000.0,54125.0,1790000.0,207940,True,
2025-12-17 00:00:00,1790000.0,1790000.0,1740000.0,1750000.0,40730.0,1750000.0,207940,True,
2025-12-18 00:00:00,1750000.0,1793500.0,1728000.0,1738000.0,38712.0,1738000.0,207940,True,
2025-12-19 00:00:00,1765000.0,1770000.0,1697000.0,1733000.0,45677.0,1733000.0,207940,True,
2025-12-22 00:00:00,1785000.0,1785000.0,1711000.0,1724000.0,42564.0,1724000.0,207940,True,
2025-12-23 00:00:00,1731000.0,1745000.0,1714000.0,1720000.0,36146.0,1720000.0,207940,True,
2025-12-24 00:00:00,1717000.0,1720000.0,1685000.0,1691000.0,36975.0,1691000.0,207940,True,
2025-12-26 00:00:00,1691000.0,1693000.0,1676000.0,1692000.0,27002.0,1692000.0,207940,True,
2025-12-29 00:00:00,1683000.0,1710000.0,1680000.0,1706000.0,25923.0,1706000.0,207940,True,
2025-12-30 00:00:00,1700000.0,1703000.0,1692000.0,1695000.0,26967.0,1695000.0,207940,True,
2026-04-22 09:05:00,1588000.0,1588000.0,1588000.0,1588000.0,0.0,,207940,,
2026-04-22 09:10:00,1588000.0,1588000.0,1588000.0,1588000.0,0.0,,207940,,
2026-04-22 09:15:00,1588000.0,1588000.0,1588000.0,1588000.0,0.0,,207940,,
2026-04-22 09:20:00,1588000.0,1588000.0,1588000.0,1588000.0,0.0,,207940,,
2026-04-22 09:25:00,1588000.0,1588000.0,1588000.0,1588000.0,0.0,,207940,,
2026-04-22 09:30:00,1588000.0,1588000.0,1588000.0,1588000.0,0.0,,207940,,
2026-04-22 11:35:00,1588000.0,1588000.0,1588000.0,1588000.0,0.0,,207940,,
2026-04-22 11:40:00,1588000.0,1588000.0,1588000.0,1588000.0,0.0,,207940,,
2026-04-22 11:45:00,1588000.0,1588000.0,1588000.0,1588000.0,0.0,,207940,,
2026-04-22 11:50:00,1588000.0,1588000.0,1588000.0,1588000.0,0.0,,207940,,
2026-04-22 11:55:00,1588000.0,1588000.0,1588000.0,1588000.0,0.0,,207940,,
2026-04-22 12:00:00,1588000.0,1588000.0,1588000.0,1588000.0,0.0,,207940,,
2026-04-22 15:05:00,1588000.0,1588000.0,1588000.0,1588000.0,0.0,,207940,,
2026-04-22 15:10:00,1588000.0,1588000.0,1588000.0,1588000.0,0.0,,207940,,
2026-04-22 15:15:00,1588000.0,1588000.0,1588000.0,1588000.0,0.0,,207940,,
2026-04-22 15:20:00,1588000.0,1588000.0,1588000.0,1588000.0,0.0,,207940,,
2026-04-22 15:25:00,1588000.0,1588000.0,1588000.0,1588000.0,0.0,,207940,,
2026-04-22 15:30:00,1588000.0,1588000.0,1588000.0,1588000.0,0.0,,207940,,
2025-01-02 00:00:00,348500.0,352500.0,342500.0,346000.0,139219.0,346000.0,373220,True,
2025-01-03 00:00:00,343000.0,360500.0,343000.0,356000.0,237676.0,356000.0,373220,True,
2025-01-06 00:00:00,358000.0,365500.0,353500.0,361500.0,205797.0,361500.0,373220,True,
2025-01-07 00:00:00,363500.0,372000.0,361500.0,365500.0,236305.0,365500.0,373220,True,
2025-01-08 00:00:00,364500.0,376000.0,364000.0,373500.0,356433.0,373500.0,373220,True,
2025-01-09 00:00:00,371500.0,373000.0,348500.0,358500.0,694920.0,358500.0,373220,True,
2025-01-10 00:00:00,356000.0,357500.0,348000.0,348500.0,280639.0,348500.0,373220,True,
2025-01-13 00:00:00,346500.0,350500.0,345500.0,347500.0,165688.0,347500.0,373220,True,
2025-01-14 00:00:00,350000.0,360000.0,350000.0,358000.0,290092.0,358000.0,373220,True,
2025-01-15 00:00:00,359000.0,361000.0,351500.0,351500.0,149879.0,351500.0,373220,True,
2025-01-16 00:00:00,358500.0,361500.0,352000.0,352000.0,162319.0,352000.0,373220,True,
2025-01-17 00:00:00,352000.0,355500.0,350500.0,350500.0,151960.0,350500.0,373220,True,
2025-01-20 00:00:00,352000.0,372000.0,351500.0,370500.0,402884.0,370500.0,373220,True,
2025-01-21 00:00:00,365000.0,370000.0,349500.0,354500.0,317052.0,354500.0,373220,True,
2025-01-22 00:00:00,356000.0,363000.0,355500.0,360000.0,158528.0,360000.0,373220,True,
2025-01-23 00:00:00,356500.0,359500.0,353500.0,353500.0,136125.0,353500.0,373220,True,
2025-01-24 00:00:00,355500.0,357500.0,348000.0,353500.0,126762.0,353500.0,373220,True,
2025-01-31 00:00:00,353500.0,356500.0,346500.0,352000.0,147908.0,352000.0,373220,True,
2025-02-03 00:00:00,345000.0,345500.0,335000.0,336500.0,225738.0,336500.0,373220,True,
2025-02-04 00:00:00,340500.0,343500.0,332000.0,333000.0,196605.0,333000.0,373220,True,
2025-02-05 00:00:00,336000.0,347000.0,335000.0,345000.0,171086.0,345000.0,373220,True,
2025-02-06 00:00:00,344500.0,350500.0,338500.0,342000.0,129145.0,342000.0,373220,True,
2025-02-07 00:00:00,341500.0,345000.0,336000.0,336000.0,119390.0,336000.0,373220,True,
2025-02-10 00:00:00,333000.0,349500.0,329000.0,346500.0,230067.0,346500.0,373220,True,
2025-02-11 00:00:00,348000.0,350500.0,342500.0,343000.0,178558.0,343000.0,373220,True,
2025-02-12 00:00:00,343500.0,347500.0,338000.0,338500.0,165759.0,338500.0,373220,True,
2025-02-13 00:00:00,341500.0,366500.0,341000.0,358000.0,672554.0,358000.0,373220,True,
2025-02-14 00:00:00,355500.0,359500.0,352000.0,353000.0,162202.0,353000.0,373220,True,
2025-02-17 00:00:00,354500.0,362000.0,352500.0,353500.0,166506.0,353500.0,373220,True,
2025-02-18 00:00:00,355000.0,355000.0,347500.0,350500.0,132978.0,350500.0,373220,True,
2025-02-19 00:00:00,353500.0,370500.0,353500.0,366000.0,332886.0,366000.0,373220,True,
2025-02-20 00:00:00,367500.0,378500.0,365000.0,376500.0,316958.0,376500.0,373220,True,
2025-02-21 00:00:00,378500.0,379000.0,373500.0,378500.0,141193.0,378500.0,373220,True,
2025-02-24 00:00:00,377500.0,386500.0,375000.0,385500.0,237103.0,385500.0,373220,True,
2025-02-25 00:00:00,386000.0,386000.0,372500.0,373500.0,140338.0,373500.0,373220,True,
2025-02-26 00:00:00,369500.0,376000.0,368000.0,374000.0,143098.0,374000.0,373220,True,
2025-02-27 00:00:00,374000.0,375000.0,366500.0,370500.0,124821.0,370500.0,373220,True,
2025-02-28 00:00:00,366000.0,368000.0,351500.0,352000.0,291801.0,352000.0,373220,True,
2025-03-04 00:00:00,351000.0,351500.0,332000.0,332000.0,361892.0,332000.0,373220,True,
2025-03-05 00:00:00,336000.0,339000.0,327500.0,334000.0,306239.0,334000.0,373220,True,
2025-03-06 00:00:00,337500.0,343500.0,331500.0,334000.0,251173.0,334000.0,373220,True,
2025-03-07 00:00:00,331000.0,341000.0,328000.0,339000.0,208637.0,339000.0,373220,True,
2025-03-10 00:00:00,339000.0,352000.0,336000.0,349500.0,273181.0,349500.0,373220,True,
2025-03-11 00:00:00,338500.0,344500.0,336000.0,341000.0,150783.0,341000.0,373220,True,
2025-03-12 00:00:00,344000.0,349500.0,341500.0,348500.0,189492.0,348500.0,373220,True,
2025-03-13 00:00:00,352500.0,354500.0,338500.0,340500.0,336473.0,340500.0,373220,True,
2025-03-14 00:00:00,339500.0,340000.0,325000.0,326500.0,448904.0,326500.0,373220,True,
2025-03-17 00:00:00,328000.0,330500.0,325000.0,325000.0,255211.0,325000.0,373220,True,
2025-03-18 00:00:00,326500.0,332000.0,325000.0,325000.0,184156.0,325000.0,373220,True,
2025-03-19 00:00:00,326000.0,333000.0,325000.0,330500.0,251845.0,330500.0,373220,True,
2025-03-20 00:00:00,334500.0,337500.0,330500.0,334500.0,224094.0,334500.0,373220,True,
2025-03-21 00:00:00,334000.0,335000.0,324000.0,329000.0,302913.0,329000.0,373220,True,
2025-03-24 00:00:00,331000.0,335000.0,328500.0,331500.0,148739.0,331500.0,373220,True,
2025-03-25 00:00:00,336500.0,342500.0,334000.0,335500.0,179131.0,335500.0,373220,True,
2025-03-26 00:00:00,338500.0,365000.0,337500.0,360000.0,537163.0,360000.0,373220,True,
2025-03-27 00:00:00,354500.0,365000.0,353000.0,356500.0,228114.0,356500.0,373220,True,
2025-03-28 00:00:00,360000.0,363000.0,354000.0,356000.0,188128.0,356000.0,373220,True,
2025-03-31 00:00:00,346000.0,348000.0,328500.0,334500.0,575113.0,334500.0,373220,True,
2025-04-01 00:00:00,337500.0,337500.0,325500.0,328000.0,413352.0,328000.0,373220,True,
2025-04-02 00:00:00,330000.0,331000.0,324000.0,329000.0,300758.0,329000.0,373220,True,
2025-04-03 00:00:00,320000.0,323000.0,310500.0,315000.0,388422.0,315000.0,373220,True,
2025-04-04 00:00:00,311000.0,331000.0,310500.0,329000.0,363443.0,329000.0,373220,True,
2025-04-07 00:00:00,318000.0,331000.0,316000.0,323000.0,398358.0,323000.0,373220,True,
2025-04-08 00:00:00,331000.0,333000.0,315000.0,318000.0,394764.0,318000.0,373220,True,
2025-04-09 00:00:00,317000.0,325000.0,314000.0,314000.0,330125.0,314000.0,373220,True,
2025-04-10 00:00:00,335500.0,349500.0,326500.0,349500.0,777090.0,349500.0,373220,True,
2025-04-11 00:00:00,337000.0,341500.0,329000.0,335500.0,260102.0,335500.0,373220,True,
2025-04-14 00:00:00,337500.0,344500.0,336000.0,343000.0,192936.0,343000.0,373220,True,
2025-04-15 00:00:00,342500.0,348500.0,340500.0,345000.0,171756.0,345000.0,373220,True,
2025-04-16 00:00:00,350000.0,353000.0,341500.0,343000.0,155592.0,343000.0,373220,True,
2025-04-17 00:00:00,341500.0,346500.0,334500.0,342500.0,136846.0,342500.0,373220,True,
2025-04-18 00:00:00,344000.0,345000.0,337500.0,338000.0,70190.0,338000.0,373220,True,
2025-04-21 00:00:00,337000.0,340500.0,332000.0,332500.0,78331.0,332500.0,373220,True,
2025-04-22 00:00:00,332000.0,337000.0,329000.0,332000.0,98130.0,332000.0,373220,True,
2025-04-23 00:00:00,339000.0,349500.0,338500.0,349000.0,231174.0,349000.0,373220,True,
2025-04-24 00:00:00,349500.0,350000.0,339000.0,341500.0,167826.0,341500.0,373220,True,
2025-04-25 00:00:00,347500.0,347500.0,340000.0,343500.0,104822.0,343500.0,373220,True,
2025-04-28 00:00:00,349500.0,349500.0,343000.0,346000.0,132948.0,346000.0,373220,True,
2025-04-29 00:00:00,346500.0,350000.0,343500.0,350000.0,154760.0,350000.0,373220,True,
2025-04-30 00:00:00,347500.0,348500.0,323000.0,324500.0,471209.0,324500.0,373220,True,
2025-05-02 00:00:00,325000.0,327500.0,320500.0,320500.0,202479.0,320500.0,373220,True,
2025-05-07 00:00:00,322000.0,324500.0,319000.0,322500.0,217160.0,322500.0,373220,True,
2025-05-08 00:00:00,322000.0,329000.0,319500.0,327500.0,384939.0,327500.0,373220,True,
2025-05-09 00:00:00,327500.0,327500.0,317500.0,318000.0,252119.0,318000.0,373220,True,
2025-05-12 00:00:00,320500.0,322000.0,318000.0,321500.0,133817.0,321500.0,373220,True,
2025-05-13 00:00:00,323500.0,323500.0,310500.0,312000.0,286158.0,312000.0,373220,True,
2025-05-14 00:00:00,313000.0,315000.0,306000.0,313500.0,223695.0,313500.0,373220,True,
2025-05-15 00:00:00,313500.0,321000.0,306500.0,307000.0,316371.0,307000.0,373220,True,
2025-05-16 00:00:00,305000.0,307000.0,290000.0,290500.0,583328.0,290500.0,373220,True,
2025-05-19 00:00:00,291500.0,297000.0,290500.0,291500.0,158255.0,291500.0,373220,True,
2025-05-20 00:00:00,292000.0,293000.0,278000.0,279500.0,445299.0,279500.0,373220,True,
2025-05-21 00:00:00,278500.0,285000.0,277500.0,277500.0,179424.0,277500.0,373220,True,
2025-05-22 00:00:00,277000.0,284000.0,268000.0,274500.0,331567.0,274500.0,373220,True,
2025-05-23 00:00:00,276500.0,277000.0,266000.0,268000.0,213740.0,268000.0,373220,True,
2025-05-26 00:00:00,268500.0,280000.0,268500.0,278000.0,205921.0,278000.0,373220,True,
2025-05-27 00:00:00,275500.0,276500.0,268500.0,272500.0,149335.0,272500.0,373220,True,
2025-05-28 00:00:00,276500.0,290000.0,272500.0,289000.0,395192.0,289000.0,373220,True,
2025-05-29 00:00:00,289000.0,291000.0,283000.0,288000.0,189663.0,288000.0,373220,True,
2025-05-30 00:00:00,286000.0,290000.0,283500.0,286000.0,224384.0,286000.0,373220,True,
2025-06-02 00:00:00,290500.0,291500.0,281500.0,284500.0,174819.0,284500.0,373220,True,
2025-06-04 00:00:00,288000.0,293000.0,286000.0,288500.0,214348.0,288500.0,373220,True,
2025-06-05 00:00:00,287500.0,295000.0,284500.0,291000.0,207656.0,291000.0,373220,True,
2025-06-09 00:00:00,291500.0,291500.0,280500.0,285000.0,297462.0,285000.0,373220,True,
2025-06-10 00:00:00,286500.0,292000.0,285000.0,288500.0,213404.0,288500.0,373220,True,
2025-06-11 00:00:00,291000.0,296000.0,289000.0,292500.0,278005.0,292500.0,373220,True,
2025-06-12 00:00:00,292500.0,304000.0,291000.0,304000.0,555229.0,304000.0,373220,True,
2025-06-13 00:00:00,300000.0,300000.0,290000.0,296000.0,325863.0,296000.0,373220,True,
2025-06-16 00:00:00,292000.0,293500.0,288000.0,293000.0,192457.0,293000.0,373220,True,
2025-06-17 00:00:00,298000.0,301500.0,292000.0,294000.0,243494.0,294000.0,373220,True,
2025-06-18 00:00:00,291500.0,296500.0,290500.0,292000.0,193404.0,292000.0,373220,True,
2025-06-19 00:00:00,293500.0,294000.0,289000.0,291000.0,146199.0,291000.0,373220,True,
2025-06-20 00:00:00,291000.0,306000.0,289500.0,305000.0,498474.0,305000.0,373220,True,
2025-06-23 00:00:00,298500.0,300000.0,291000.0,294000.0,193331.0,294000.0,373220,True,
2025-06-24 00:00:00,299500.0,306000.0,298000.0,300500.0,275626.0,300500.0,373220,True,
2025-06-25 00:00:00,301500.0,301500.0,295000.0,298000.0,185031.0,298000.0,373220,True,
2025-06-26 00:00:00,299000.0,300500.0,294500.0,297000.0,162439.0,297000.0,373220,True,
2025-06-27 00:00:00,297500.0,297500.0,287000.0,288000.0,219699.0,288000.0,373220,True,
2025-06-30 00:00:00,290000.0,297500.0,290000.0,297000.0,209821.0,297000.0,373220,True,
2025-07-01 00:00:00,296500.0,300000.0,292500.0,297500.0,226370.0,297500.0,373220,True,
2025-07-02 00:00:00,295500.0,303000.0,291500.0,302500.0,292735.0,302500.0,373220,True,
2025-07-03 00:00:00,304500.0,325000.0,303000.0,318500.0,640510.0,318500.0,373220,True,
2025-07-04 00:00:00,313000.0,314500.0,307000.0,310500.0,237717.0,310500.0,373220,True,
2025-07-07 00:00:00,327500.0,331000.0,306500.0,315000.0,610772.0,315000.0,373220,True,
2025-07-08 00:00:00,314000.0,318500.0,305000.0,307000.0,325080.0,307000.0,373220,True,
2025-07-09 00:00:00,310000.0,316000.0,302000.0,305000.0,246419.0,305000.0,373220,True,
2025-07-10 00:00:00,309500.0,318000.0,307000.0,318000.0,583717.0,318000.0,373220,True,
2025-07-11 00:00:00,316000.0,326000.0,315000.0,321500.0,390914.0,321500.0,373220,True,
2025-07-14 00:00:00,321000.0,321000.0,313500.0,315000.0,191507.0,315000.0,373220,True,
2025-07-15 00:00:00,317000.0,319000.0,314500.0,316500.0,137843.0,316500.0,373220,True,
2025-07-16 00:00:00,315000.0,315500.0,310500.0,311000.0,155707.0,311000.0,373220,True,
2025-07-17 00:00:00,314500.0,318500.0,310500.0,317000.0,146499.0,317000.0,373220,True,
2025-07-18 00:00:00,317000.0,323000.0,317000.0,322500.0,281309.0,322500.0,373220,True,
2025-07-21 00:00:00,324500.0,333000.0,320000.0,331000.0,329882.0,331000.0,373220,True,
2025-07-22 00:00:00,333000.0,341500.0,330000.0,333500.0,298394.0,333500.0,373220,True,
2025-07-23 00:00:00,337500.0,339500.0,330000.0,336500.0,177219.0,336500.0,373220,True,
2025-07-24 00:00:00,340500.0,370000.0,340000.0,368000.0,1038021.0,368000.0,373220,True,
2025-07-25 00:00:00,363500.0,366500.0,356500.0,363500.0,379275.0,363500.0,373220,True,
2025-07-28 00:00:00,369500.0,384000.0,369500.0,380500.0,716214.0,380500.0,373220,True,
2025-07-29 00:00:00,373000.0,394500.0,370000.0,392000.0,623554.0,392000.0,373220,True,
2025-07-30 00:00:00,390500.0,397000.0,382500.0,393000.0,676449.0,393000.0,373220,True,
2025-07-31 00:00:00,400500.0,403000.0,377000.0,382500.0,694580.0,382500.0,373220,True,
2025-08-01 00:00:00,382500.0,385000.0,371500.0,373000.0,339780.0,373000.0,373220,True,
2025-08-04 00:00:00,379000.0,381000.0,369000.0,375500.0,299735.0,375500.0,373220,True,
2025-08-05 00:00:00,380500.0,393500.0,380000.0,386500.0,457186.0,386500.0,373220,True,
2025-08-06 00:00:00,382500.0,391000.0,379500.0,384000.0,308979.0,384000.0,373220,True,
2025-08-07 00:00:00,387000.0,390000.0,380500.0,386500.0,208461.0,386500.0,373220,True,
2025-08-08 00:00:00,385000.0,385500.0,374000.0,378500.0,268294.0,378500.0,373220,True,
2025-08-11 00:00:00,382500.0,390000.0,380000.0,389000.0,317685.0,389000.0,373220,True,
2025-08-12 00:00:00,384500.0,394500.0,382500.0,388500.0,199075.0,388500.0,373220,True,
2025-08-13 00:00:00,392500.0,392500.0,383000.0,389500.0,161247.0,389500.0,373220,True,
2025-08-14 00:00:00,391000.0,399500.0,391000.0,394000.0,316057.0,394000.0,373220,True,
2025-08-18 00:00:00,392000.0,393000.0,382500.0,383000.0,187924.0,383000.0,373220,True,
2025-08-19 00:00:00,384000.0,386500.0,378000.0,384000.0,108072.0,384000.0,373220,True,
2025-08-20 00:00:00,378500.0,383500.0,375000.0,377500.0,149517.0,377500.0,373220,True,
2025-08-21 00:00:00,379000.0,382000.0,371000.0,372500.0,166077.0,372500.0,373220,True,
2025-08-22 00:00:00,373000.0,376000.0,365000.0,367500.0,168692.0,367500.0,373220,True,
2025-08-25 00:00:00,373000.0,380000.0,371000.0,380000.0,131387.0,380000.0,373220,True,
2025-08-26 00:00:00,377500.0,386000.0,377500.0,381000.0,167140.0,381000.0,373220,True,
2025-08-27 00:00:00,382500.0,382500.0,372000.0,373500.0,146277.0,373500.0,373220,True,
2025-08-28 00:00:00,374500.0,377000.0,363000.0,364000.0,166059.0,364000.0,373220,True,
2025-08-29 00:00:00,367000.0,367000.0,351500.0,352000.0,285675.0,352000.0,373220,True,
2025-09-01 00:00:00,352000.0,353500.0,345000.0,349000.0,122899.0,349000.0,373220,True,
2025-09-02 00:00:00,349500.0,351500.0,345000.0,350000.0,144808.0,350000.0,373220,True,
2025-09-03 00:00:00,353500.0,359500.0,347000.0,348500.0,222771.0,348500.0,373220,True,
2025-09-04 00:00:00,365500.0,365500.0,350000.0,351000.0,381451.0,351000.0,373220,True,
2025-09-05 00:00:00,350500.0,351000.0,342000.0,343000.0,199629.0,343000.0,373220,True,
2025-09-08 00:00:00,337000.0,345500.0,336500.0,343500.0,185815.0,343500.0,373220,True,
2025-09-09 00:00:00,344500.0,349000.0,341500.0,347000.0,169345.0,347000.0,373220,True,
2025-09-10 00:00:00,347500.0,347500.0,339500.0,340500.0,246196.0,340500.0,373220,True,
2025-09-11 00:00:00,347500.0,353000.0,344000.0,350000.0,381294.0,350000.0,373220,True,
2025-09-12 00:00:00,354500.0,356500.0,350500.0,355500.0,292617.0,355500.0,373220,True,
2025-09-15 00:00:00,356000.0,359000.0,352500.0,355500.0,211120.0,355500.0,373220,True,
2025-09-16 00:00:00,357000.0,359000.0,346500.0,349500.0,293554.0,349500.0,373220,True,
2025-09-17 00:00:00,351000.0,356000.0,348000.0,350000.0,184541.0,350000.0,373220,True,
2025-09-18 00:00:00,351500.0,354500.0,347000.0,350500.0,173795.0,350500.0,373220,True,
2025-09-22 00:00:00,350000.0,355000.0,348000.0,349000.0,137479.0,349000.0,373220,True,
2025-09-23 00:00:00,348500.0,357000.0,347000.0,357000.0,177389.0,357000.0,373220,True,
2025-09-24 00:00:00,358500.0,361500.0,346500.0,348000.0,185199.0,348000.0,373220,True,
2025-09-25 00:00:00,349500.0,363000.0,345500.0,361500.0,297003.0,361500.0,373220,True,
2025-09-26 00:00:00,356000.0,356000.0,349000.0,349000.0,122326.0,349000.0,373220,True,
2025-09-29 00:00:00,350500.0,353500.0,349000.0,351500.0,134044.0,351500.0,373220,True,
2025-09-30 00:00:00,348500.0,355000.0,346500.0,347500.0,138045.0,347500.0,373220,True,
2025-10-01 00:00:00,349000.0,351000.0,341000.0,347500.0,141477.0,347500.0,373220,True,
2025-10-02 00:00:00,350000.0,399000.0,347500.0,399000.0,644612.0,399000.0,373220,True,
2025-10-10 00:00:00,367500.0,367500.0,352500.0,359500.0,541859.0,359500.0,373220,True,
2025-10-13 00:00:00,363500.0,366500.0,352500.0,360000.0,378056.0,360000.0,373220,True,
2025-10-14 00:00:00,361000.0,389500.0,361000.0,385000.0,859960.0,385000.0,373220,True,
2025-10-15 00:00:00,384000.0,387500.0,375000.0,386500.0,320758.0,386500.0,373220,True,
2025-10-16 00:00:00,385500.0,421000.0,385500.0,420500.0,874761.0,420500.0,373220,True,
2025-10-17 00:00:00,416000.0,443000.0,411500.0,434000.0,946272.0,434000.0,373220,True,
2025-10-20 00:00:00,433000.0,435000.0,421000.0,432500.0,382756.0,432500.0,373220,True,
2025-10-21 00:00:00,432500.0,449500.0,431000.0,437000.0,462927.0,437000.0,373220,True,
2025-10-22 00:00:00,444000.0,458500.0,441000.0,454500.0,608320.0,454500.0,373220,True,
2025-10-23 00:00:00,451000.0,457000.0,443000.0,447500.0,300756.0,447500.0,373220,True,
2025-10-24 00:00:00,452000.0,496000.0,448500.0,492000.0,976594.0,492000.0,373220,True,
2025-10-27 00:00:00,495000.0,499500.0,480000.0,495000.0,599572.0,495000.0,373220,True,
2025-10-28 00:00:00,494500.0,510000.0,485500.0,510000.0,560608.0,510000.0,373220,True,
2025-10-29 00:00:00,510000.0,527000.0,505000.0,514000.0,439194.0,514000.0,373220,True,
2025-10-30 00:00:00,511000.0,522000.0,483000.0,486500.0,728528.0,486500.0,373220,True,
2025-10-31 00:00:00,476500.0,491500.0,469500.0,473000.0,499652.0,473000.0,373220,True,
2025-11-03 00:00:00,480000.0,480500.0,465500.0,475500.0,337955.0,475500.0,373220,True,
2025-11-04 00:00:00,490000.0,492000.0,472000.0,473000.0,397941.0,473000.0,373220,True,
2025-11-05 00:00:00,469000.0,472000.0,452000.0,464000.0,443887.0,464000.0,373220,True,
2025-11-06 00:00:00,481500.0,495000.0,469500.0,470000.0,600184.0,470000.0,373220,True,
2025-11-07 00:00:00,470000.0,481000.0,457000.0,463500.0,279860.0,463500.0,373220,True,
2025-11-10 00:00:00,465500.0,470000.0,457500.0,465500.0,244077.0,465500.0,373220,True,
2025-11-11 00:00:00,471500.0,490000.0,467500.0,473000.0,396429.0,473000.0,373220,True,
2025-11-12 00:00:00,481500.0,481500.0,470500.0,475500.0,258727.0,475500.0,373220,True,
2025-11-13 00:00:00,475000.0,491500.0,468000.0,484500.0,617757.0,484500.0,373220,True,
2025-11-14 00:00:00,470000.0,480500.0,461000.0,463000.0,282819.0,463000.0,373220,True,
2025-11-17 00:00:00,469000.0,469000.0,456000.0,463000.0,157725.0,463000.0,373220,True,
2025-11-18 00:00:00,461000.0,465500.0,443000.0,443000.0,291156.0,443000.0,373220,True,
2025-11-19 00:00:00,444000.0,446000.0,428500.0,437500.0,249097.0,437500.0,373220,True,
2025-11-20 00:00:00,445500.0,449500.0,440500.0,441000.0,156626.0,441000.0,373220,True,
2025-11-21 00:00:00,428000.0,432000.0,422500.0,425500.0,242702.0,425500.0,373220,True,
2025-11-24 00:00:00,429500.0,429500.0,412000.0,412000.0,438358.0,412000.0,373220,True,
2025-11-25 00:00:00,419500.0,419500.0,412000.0,413500.0,240842.0,413500.0,373220,True,
2025-11-26 00:00:00,419000.0,436000.0,418500.0,435500.0,415285.0,435500.0,373220,True,
2025-11-27 00:00:00,437000.0,444500.0,432500.0,438000.0,363930.0,438000.0,373220,True,
2025-11-28 00:00:00,441500.0,442500.0,408000.0,408000.0,712913.0,408000.0,373220,True,
2025-12-01 00:00:00,411500.0,417500.0,406000.0,413000.0,286573.0,413000.0,373220,True,
2025-12-02 00:00:00,415000.0,416000.0,410000.0,415000.0,200833.0,415000.0,373220,True,
2025-12-03 00:00:00,416000.0,424500.0,413500.0,418000.0,231552.0,418000.0,373220,True,
2025-12-04 00:00:00,420500.0,422500.0,405500.0,410000.0,381430.0,410000.0,373220,True,
2025-12-05 00:00:00,413500.0,427000.0,412500.0,426000.0,438931.0,426000.0,373220,True,
2025-12-08 00:00:00,435500.0,455000.0,425000.0,451500.0,593075.0,451500.0,373220,True,
2025-12-09 00:00:00,444000.0,451000.0,438500.0,443500.0,232158.0,443500.0,373220,True,
2025-12-10 00:00:00,451000.0,452500.0,438500.0,441500.0,204015.0,441500.0,373220,True,
2025-12-11 00:00:00,446000.0,446000.0,433000.0,446000.0,715032.0,446000.0,373220,True,
2025-12-12 00:00:00,445000.0,446500.0,437500.0,445500.0,215489.0,445500.0,373220,True,
2025-12-15 00:00:00,439000.0,449000.0,433500.0,442500.0,192535.0,442500.0,373220,True,
2025-12-16 00:00:00,441000.0,441500.0,414000.0,418000.0,397656.0,418000.0,373220,True,
2025-12-17 00:00:00,422500.0,425500.0,413000.0,415500.0,265161.0,415500.0,373220,True,
2025-12-18 00:00:00,392000.0,393500.0,377000.0,378500.0,720096.0,378500.0,373220,True,
2025-12-19 00:00:00,381000.0,381000.0,365500.0,379000.0,641564.0,379000.0,373220,True,
2025-12-22 00:00:00,385000.0,391500.0,380000.0,389500.0,297525.0,389500.0,373220,True,
2025-12-23 00:00:00,391000.0,392000.0,383500.0,388000.0,184844.0,388000.0,373220,True,
2025-12-24 00:00:00,390500.0,398500.0,388000.0,390500.0,173638.0,390500.0,373220,True,
2025-12-26 00:00:00,391500.0,391500.0,381000.0,383500.0,206573.0,383500.0,373220,True,
2025-12-29 00:00:00,370000.0,381500.0,367000.0,380000.0,348113.0,380000.0,373220,True,
2025-12-30 00:00:00,375000.0,375000.0,366000.0,368500.0,344347.0,368500.0,373220,True,
2026-04-22 09:05:00,478000.0,478000.0,478000.0,478000.0,0.0,,373220,,
2026-04-22 09:10:00,478000.0,478000.0,478000.0,478000.0,0.0,,373220,,
2026-04-22 09:15:00,478000.0,478000.0,478000.0,478000.0,0.0,,373220,,
2026-04-22 09:20:00,478000.0,478000.0,478000.0,478000.0,0.0,,373220,,
2026-04-22 09:25:00,478000.0,478000.0,478000.0,478000.0,0.0,,373220,,
2026-04-22 09:30:00,478000.0,478000.0,478000.0,478000.0,0.0,,373220,,
2026-04-22 11:35:00,478000.0,478000.0,478000.0,478000.0,0.0,,373220,,
2026-04-22 11:40:00,478000.0,478000.0,478000.0,478000.0,0.0,,373220,,
2026-04-22 11:45:00,478000.0,478000.0,478000.0,478000.0,0.0,,373220,,
2026-04-22 11:50:00,478000.0,478000.0,478000.0,478000.0,0.0,,373220,,
2026-04-22 11:55:00,478000.0,478000.0,478000.0,478000.0,0.0,,373220,,
2026-04-22 12:00:00,478000.0,478000.0,478000.0,478000.0,0.0,,373220,,
2026-04-22 15:05:00,478000.0,478000.0,478000.0,478000.0,0.0,,373220,,
2026-04-22 15:10:00,478000.0,478000.0,478000.0,478000.0,0.0,,373220,,
2026-04-22 15:15:00,478000.0,478000.0,478000.0,478000.0,0.0,,373220,,
2026-04-22 15:20:00,478000.0,478000.0,478000.0,478000.0,0.0,,373220,,
2026-04-22 15:25:00,478000.0,478000.0,478000.0,478000.0,0.0,,373220,,
2026-04-22 15:30:00,478000.0,478000.0,478000.0,478000.0,0.0,,373220,,
2025-12-26 00:00:00,121300.0,121700.0,119100.0,119800.0,425261.0,119800.0,000270,True,
2025-12-29 00:00:00,118600.0,121200.0,118300.0,121100.0,425379.0,121100.0,000270,True,
2025-12-30 00:00:00,119800.0,121800.0,119500.0,121800.0,435122.0,121800.0,000270,True,
2026-03-25 09:05:00,162700.0,163300.0,162600.0,162900.0,11411.0,,000270,,
2026-03-25 09:10:00,162100.0,162200.0,161900.0,162000.0,2132.0,,000270,,
2026-03-25 09:15:00,162800.0,162800.0,162500.0,162700.0,4809.0,,000270,,
2026-03-25 09:20:00,161800.0,162100.0,161500.0,161600.0,7993.0,,000270,,
2026-03-25 09:25:00,161500.0,161800.0,161400.0,161800.0,5310.0,,000270,,
2026-03-25 09:30:00,161500.0,161800.0,161200.0,161400.0,4502.0,,000270,,
2026-03-25 11:35:00,160600.0,160650.0,160500.0,160600.0,825.0,,000270,,
2026-03-25 11:40:00,160400.0,160450.0,160300.0,160400.0,781.0,,000270,,
2026-03-25 11:45:00,160300.0,160400.0,160200.0,160400.0,725.0,,000270,,
2026-03-25 11:50:00,160200.0,160200.0,160100.0,160200.0,3178.0,,000270,,
2026-03-25 11:55:00,159700.0,159800.0,159600.0,159800.0,869.0,,000270,,
2026-03-25 12:00:00,159400.0,159500.0,159400.0,159500.0,1752.0,,000270,,
2026-03-25 15:05:00,158100.0,158100.0,158000.0,158000.0,1125.0,,000270,,
2026-03-25 15:10:00,158100.0,158100.0,158000.0,158000.0,2576.0,,000270,,
2026-03-25 15:15:00,157900.0,158000.0,157900.0,157900.0,2425.0,,000270,,
2026-03-25 15:20:00,158100.0,158100.0,158100.0,158100.0,0.0,,000270,,
2026-03-25 15:25:00,158100.0,158100.0,158100.0,158100.0,0.0,,000270,,
2026-03-25 15:30:00,157900.0,157900.0,157900.0,157900.0,117832.0,,000270,,
2025-12-26 00:00:00,594000.0,605000.0,590000.0,599000.0,4243548.0,597896.75,000660,True,
2025-12-29 00:00:00,630000.0,640000.0,625000.0,640000.0,4176151.0,638821.25,000660,True,
2025-12-30 00:00:00,639000.0,659000.0,634000.0,651000.0,4094603.0,649800.9375,000660,True,
2026-03-25 09:05:00,1023000.0,1024000.0,1018000.0,1019000.0,29564.0,,000660,,
2026-03-25 09:10:00,1022000.0,1025000.0,1021500.0,1025000.0,26669.0,,000660,,
2026-03-25 09:15:00,1027000.0,1029000.0,1026000.0,1027000.0,36839.0,,000660,,
2026-03-25 09:20:00,1020000.0,1022000.0,1018000.0,1020000.0,21399.0,,000660,,
2026-03-25 09:25:00,1018000.0,1020000.0,1017000.0,1019000.0,9558.0,,000660,,
2026-03-25 09:30:00,1022500.0,1026000.0,1020000.0,1023000.0,36399.0,,000660,,
2026-03-25 11:35:00,1025000.0,1026000.0,1025000.0,1025000.0,1970.0,,000660,,
2026-03-25 11:40:00,1024000.0,1025000.0,1023000.0,1024000.0,5342.0,,000660,,
2026-03-25 11:45:00,1023000.0,1024000.0,1022000.0,1022000.0,7446.0,,000660,,
2026-03-25 11:50:00,1019500.0,1021000.0,1019000.0,1020000.0,11786.0,,000660,,
2026-03-25 11:55:00,1015000.0,1016000.0,1012000.0,1012000.0,17859.0,,000660,,
2026-03-25 12:00:00,1007000.0,1010000.0,1007000.0,1009000.0,26048.0,,000660,,
2026-03-25 15:05:00,997000.0,998000.0,996000.0,997000.0,6449.0,,000660,,
2026-03-25 15:10:00,995000.0,996000.0,994000.0,994000.0,10782.0,,000660,,
2026-03-25 15:15:00,997000.0,997000.0,996000.0,996000.0,6794.0,,000660,,
2026-03-25 15:20:00,996000.0,996000.0,996000.0,996000.0,0.0,,000660,,
2026-03-25 15:25:00,996000.0,996000.0,996000.0,996000.0,0.0,,000660,,
2026-03-25 15:30:00,995000.0,995000.0,995000.0,995000.0,434076.0,,000660,,
2025-12-26 00:00:00,292000.0,292000.0,285000.0,286000.0,847245.0,284750.0,005380,True,
2025-12-29 00:00:00,284500.0,294000.0,282500.0,293500.0,697450.0,292217.21875,005380,True,
2025-12-30 00:00:00,291000.0,297500.0,289500.0,296500.0,628188.0,295204.09375,005380,True,
2026-03-25 09:05:00,512000.0,516000.0,512000.0,515000.0,11648.0,,005380,,
2026-03-25 09:10:00,512000.0,513000.0,512000.0,512000.0,4472.0,,005380,,
2026-03-25 09:15:00,512000.0,513000.0,510000.0,511000.0,18203.0,,005380,,
2026-03-25 09:20:00,508000.0,510000.0,507000.0,507000.0,8557.0,,005380,,
2026-03-25 09:25:00,506500.0,508000.0,506000.0,507000.0,4012.0,,005380,,
2026-03-25 09:30:00,507500.0,508000.0,506000.0,507000.0,4439.0,,005380,,
2026-03-25 11:35:00,502000.0,503000.0,502000.0,503000.0,985.0,,005380,,
2026-03-25 11:40:00,503000.0,503000.0,502000.0,502500.0,183.0,,005380,,
2026-03-25 11:45:00,501500.0,502000.0,501000.0,501000.0,766.0,,005380,,
2026-03-25 11:50:00,500500.0,500500.0,500000.0,500500.0,1743.0,,005380,,
2026-03-25 11:55:00,499500.0,500000.0,499500.0,499500.0,613.0,,005380,,
2026-03-25 12:00:00,498500.0,499000.0,498500.0,499000.0,1643.0,,005380,,
2026-03-25 15:05:00,500000.0,500000.0,499500.0,500000.0,1118.0,,005380,,
2026-03-25 15:10:00,500500.0,500500.0,500000.0,500500.0,2764.0,,005380,,
2026-03-25 15:15:00,500000.0,501000.0,500000.0,500000.0,2053.0,,005380,,
2026-03-25 15:20:00,500000.0,500000.0,500000.0,500000.0,0.0,,005380,,
2026-03-25 15:25:00,500000.0,500000.0,500000.0,500000.0,0.0,,005380,,
2026-03-25 15:30:00,501000.0,501000.0,501000.0,501000.0,84548.0,,005380,,
2025-12-26 00:00:00,314000.0,315000.0,307000.0,308000.0,247203.0,306105.78125,005490,True,
2025-12-29 00:00:00,306000.0,315500.0,304000.0,314000.0,252272.0,312068.875,005490,True,
2025-12-30 00:00:00,309500.0,310500.0,303500.0,305000.0,263531.0,303124.21875,005490,True,
2026-03-25 09:05:00,343000.0,344000.0,343000.0,343500.0,1413.0,,005490,,
2026-03-25 09:10:00,342500.0,343500.0,342500.0,343250.0,544.0,,005490,,
2026-03-25 09:15:00,343000.0,344000.0,342500.0,344000.0,2854.0,,005490,,
2026-03-25 09:20:00,342500.0,343000.0,342500.0,342500.0,900.0,,005490,,
2026-03-25 09:25:00,342500.0,343500.0,342500.0,343000.0,785.0,,005490,,
2026-03-25 09:30:00,343000.0,343000.0,342500.0,343000.0,652.0,,005490,,
2026-03-25 11:35:00,340500.0,340500.0,340000.0,340250.0,62.0,,005490,,
2026-03-25 11:40:00,340000.0,340500.0,340000.0,340000.0,52.0,,005490,,
2026-03-25 11:45:00,339500.0,340000.0,339500.0,340000.0,682.0,,005490,,
2026-03-25 11:50:00,340000.0,340500.0,340000.0,340000.0,101.0,,005490,,
2026-03-25 11:55:00,340000.0,340000.0,339000.0,339500.0,258.0,,005490,,
2026-03-25 12:00:00,338500.0,339500.0,338500.0,339000.0,937.0,,005490,,
2026-03-25 15:05:00,342000.0,342500.0,341500.0,342000.0,497.0,,005490,,
2026-03-25 15:10:00,342000.0,342000.0,341500.0,341500.0,448.0,,005490,,
2026-03-25 15:15:00,342500.0,343000.0,342500.0,342500.0,623.0,,005490,,
2026-03-25 15:20:00,342500.0,342500.0,342500.0,342500.0,0.0,,005490,,
2026-03-25 15:25:00,342500.0,342500.0,342500.0,342500.0,0.0,,005490,,
2026-03-25 15:30:00,342000.0,342000.0,342000.0,342000.0,34412.0,,005490,,
2025-09-30 00:00:00,84600.0,84900.0,83400.0,83900.0,16319061.0,83494.125,005930,True,
2025-10-01 00:00:00,84900.0,86200.0,84700.0,86000.0,22039361.0,85583.9609375,005930,True,
2025-10-02 00:00:00,89300.0,90300.0,88700.0,89750.0,49883028.0,89315.8203125,005930,True,
2025-10-10 00:00:00,94000.0,94500.0,92700.0,94400.0,35269748.0,93943.328125,005930,True,
2025-10-13 00:00:00,91300.0,93400.0,90700.0,93300.0,23883308.0,92848.6484375,005930,True,
2025-10-14 00:00:00,95300.0,96000.0,90200.0,91600.0,35545235.0,91156.875,005930,True,
2025-10-15 00:00:00,92300.0,95300.0,92100.0,95000.0,21050111.0,94540.421875,005930,True,
2025-10-16 00:00:00,95300.0,97700.0,95000.0,97700.0,28141060.0,97227.3671875,005930,True,
2025-10-17 00:00:00,97200.0,99100.0,96700.0,97900.0,22730809.0,97426.3984375,005930,True,
2025-10-20 00:00:00,97900.0,98300.0,96000.0,98100.0,17589756.0,97625.4296875,005930,True,
2025-10-21 00:00:00,98500.0,99900.0,97300.0,97500.0,22803830.0,97028.328125,005930,True,
2025-10-22 00:00:00,97100.0,98600.0,95500.0,98600.0,15937611.0,98123.0078125,005930,True,
2025-10-23 00:00:00,96800.0,98500.0,96300.0,96500.0,18488581.0,96033.171875,005930,True,
2025-10-24 00:00:00,97900.0,99000.0,97700.0,98800.0,18801925.0,98322.0390625,005930,True,
2025-10-27 00:00:00,101300.0,102000.0,100600.0,102000.0,22169970.0,101506.5625,005930,True,
2025-10-28 00:00:00,100900.0,101000.0,99100.0,99500.0,20002282.0,99018.65625,005930,True,
2025-10-29 00:00:00,100200.0,101000.0,99100.0,100500.0,20899788.0,100013.8203125,005930,True,
2025-10-30 00:00:00,102400.0,105800.0,102000.0,104100.0,34570017.0,103596.40625,005930,True,
2025-10-31 00:00:00,105000.0,108600.0,103300.0,107500.0,54824564.0,106979.953125,005930,True,
2025-11-03 00:00:00,106900.0,111500.0,106500.0,111100.0,30110066.0,110562.5390625,005930,True,
2025-11-04 00:00:00,111800.0,112400.0,104900.0,104900.0,30450281.0,104392.53125,005930,True,
2025-11-05 00:00:00,101000.0,102000.0,96700.0,100600.0,44843020.0,100113.3359375,005930,True,
2025-11-06 00:00:00,103700.0,103800.0,98800.0,99200.0,28655689.0,98720.109375,005930,True,
2025-11-07 00:00:00,96400.0,100300.0,96300.0,97900.0,22908083.0,97426.3984375,005930,True,
2025-11-10 00:00:00,98600.0,101000.0,97900.0,100600.0,23842327.0,100113.3359375,005930,True,
2025-11-11 00:00:00,103700.0,106000.0,102000.0,103500.0,27742542.0,102999.3046875,005930,True,
2025-11-12 00:00:00,103000.0,103900.0,101600.0,103100.0,19413497.0,102601.2421875,005930,True,
2025-11-13 00:00:00,102500.0,104200.0,102300.0,102800.0,20838741.0,102302.6953125,005930,True,
2025-11-14 00:00:00,99000.0,99600.0,97200.0,97200.0,21806342.0,96729.78125,005930,True,
2025-11-17 00:00:00,99800.0,101000.0,99500.0,100600.0,17192584.0,100113.3359375,005930,True,
2025-11-18 00:00:00,99800.0,100900.0,97500.0,97800.0,18684068.0,97326.8828125,005930,True,
2025-11-19 00:00:00,97100.0,97500.0,94600.0,96500.0,18993346.0,96033.171875,005930,True,
2025-11-20 00:00:00,100900.0,102900.0,99500.0,100600.0,25360435.0,100113.3359375,005930,True,
2025-11-21 00:00:00,95600.0,96800.0,94500.0,94800.0,23103574.0,94341.390625,005930,True,
2025-11-24 00:00:00,97800.0,99000.0,96200.0,96700.0,29831172.0,96232.203125,005930,True,
2025-11-25 00:00:00,101400.0,101400.0,97800.0,99300.0,16110054.0,98819.625,005930,True,
2025-11-26 00:00:00,100500.0,102900.0,99300.0,102800.0,21314975.0,102302.6953125,005930,True,
2025-11-27 00:00:00,104100.0,105500.0,102700.0,103500.0,16453004.0,102999.3046875,005930,True,
2025-11-28 00:00:00,103800.0,103800.0,100500.0,100500.0,15292277.0,100013.8203125,005930,True,
2025-12-01 00:00:00,102000.0,102800.0,99900.0,100800.0,10905526.0,100312.3671875,005930,True,
2025-12-02 00:00:00,101200.0,103500.0,101000.0,103400.0,13649487.0,102899.7890625,005930,True,
2025-12-03 00:00:00,104700.0,105500.0,104000.0,104500.0,14697927.0,103994.46875,005930,True,
2025-12-04 00:00:00,103900.0,105100.0,103200.0,105100.0,11931145.0,104591.5625,005930,True,
2025-12-05 00:00:00,105300.0,108400.0,104600.0,108400.0,19755571.0,107875.6015625,005930,True,
2025-12-08 00:00:00,109700.0,110000.0,108000.0,109500.0,15527762.0,108970.28125,005930,True,
2025-12-09 00:00:00,108900.0,109400.0,107300.0,108400.0,13671800.0,107875.6015625,005930,True,
2025-12-10 00:00:00,108300.0,109800.0,107400.0,108000.0,12365092.0,107477.5390625,005930,True,
2025-12-11 00:00:00,109200.0,110500.0,107300.0,107300.0,22994507.0,106780.921875,005930,True,
2025-12-12 00:00:00,107100.0,108900.0,106800.0,108900.0,14210314.0,108373.1796875,005930,True,
2025-12-15 00:00:00,105300.0,105800.0,104600.0,104800.0,20594654.0,104293.015625,005930,True,
2025-12-16 00:00:00,104900.0,105600.0,102700.0,102800.0,18852079.0,102302.6953125,005930,True,
2025-12-17 00:00:00,103500.0,108100.0,103400.0,107900.0,22297611.0,107378.015625,005930,True,
2025-12-18 00:00:00,106400.0,108200.0,105700.0,107600.0,20445631.0,107079.46875,005930,True,
2025-12-19 00:00:00,109700.0,109700.0,106200.0,106300.0,25917098.0,105785.7578125,005930,True,
2025-12-22 00:00:00,109700.0,110500.0,109300.0,110500.0,24859171.0,109965.4453125,005930,True,
2025-12-23 00:00:00,110900.0,112500.0,110400.0,111500.0,20419187.0,110960.6015625,005930,True,
2025-12-24 00:00:00,112400.0,112400.0,110900.0,111100.0,12492939.0,110562.5390625,005930,True,
2025-12-26 00:00:00,112400.0,117000.0,112400.0,117000.0,34018174.0,116434.0,005930,True,
2025-12-29 00:00:00,119400.0,119700.0,118200.0,119500.0,19676004.0,119500.0,005930,True,
2025-12-30 00:00:00,119100.0,121200.0,118700.0,119900.0,19746349.0,119900.0,005930,True,
2025-12-26 00:00:00,236500.0,237500.0,231000.0,231500.0,738058.0,229093.5,035420,True,
2025-12-29 00:00:00,231500.0,242500.0,231500.0,242000.0,1067392.0,239484.359375,035420,True,
2025-12-30 00:00:00,241000.0,244500.0,239000.0,242500.0,652269.0,239979.15625,035420,True,
2026-03-25 09:05:00,217250.0,218000.0,217000.0,218000.0,5632.0,,035420,,
2026-03-25 09:10:00,216500.0,217000.0,216500.0,217000.0,349.0,,035420,,
2026-03-25 09:15:00,217500.0,217500.0,217000.0,217000.0,97.0,,035420,,
2026-03-25 09:20:00,216500.0,217500.0,216500.0,217000.0,7912.0,,035420,,
2026-03-25 09:25:00,217000.0,217000.0,216500.0,216500.0,412.0,,035420,,
2026-03-25 09:30:00,217500.0,217500.0,216500.0,217000.0,4408.0,,035420,,
2026-03-25 11:35:00,215500.0,216000.0,215500.0,216000.0,250.0,,035420,,
2026-03-25 11:40:00,215500.0,216000.0,215500.0,216000.0,510.0,,035420,,
2026-03-25 11:45:00,215500.0,215500.0,215000.0,215000.0,270.0,,035420,,
2026-03-25 11:50:00,215000.0,215500.0,215000.0,215500.0,586.0,,035420,,
2026-03-25 11:55:00,215000.0,215250.0,214500.0,214500.0,2295.0,,035420,,
2026-03-25 12:00:00,214500.0,215000.0,214500.0,214500.0,394.0,,035420,,
2026-03-25 15:05:00,215000.0,215500.0,215000.0,215500.0,300.0,,035420,,
2026-03-25 15:10:00,215000.0,215500.0,215000.0,215000.0,315.0,,035420,,
2026-03-25 15:15:00,215500.0,215500.0,215000.0,215000.0,931.0,,035420,,
2026-03-25 15:20:00,215000.0,215000.0,215000.0,215000.0,0.0,,035420,,
2026-03-25 15:25:00,215000.0,215000.0,215000.0,215000.0,0.0,,035420,,
2026-03-25 15:30:00,215500.0,215500.0,215500.0,215500.0,65470.0,,035420,,
2025-12-26 00:00:00,181700.0,182300.0,180000.0,180000.0,462609.0,179250.0,068270,True,
2025-12-29 00:00:00,178800.0,181300.0,178200.0,181300.0,380878.0,181300.0,068270,True,
2025-12-30 00:00:00,180500.0,181400.0,179300.0,181000.0,329042.0,181000.0,068270,True,
2026-03-25 09:05:00,202750.0,203500.0,202000.0,202500.0,5158.0,,068270,,
2026-03-25 09:10:00,201000.0,202500.0,201000.0,202000.0,3649.0,,068270,,
2026-03-25 09:15:00,203000.0,203500.0,202500.0,203250.0,2980.0,,068270,,
2026-03-25 09:20:00,205000.0,205500.0,204000.0,204500.0,5343.0,,068270,,
2026-03-25 09:25:00,204500.0,205000.0,204500.0,204500.0,1131.0,,068270,,
2026-03-25 09:30:00,204500.0,205000.0,204000.0,204000.0,2341.0,,068270,,
2026-03-25 11:35:00,203500.0,203500.0,203000.0,203000.0,69.0,,068270,,
2026-03-25 11:40:00,203500.0,203500.0,203250.0,203250.0,69.0,,068270,,
2026-03-25 11:45:00,203500.0,203500.0,203000.0,203000.0,219.0,,068270,,
2026-03-25 11:50:00,203500.0,203500.0,203000.0,203500.0,675.0,,068270,,
2026-03-25 11:55:00,203000.0,203500.0,202500.0,202750.0,1706.0,,068270,,
2026-03-25 12:00:00,202500.0,203000.0,202500.0,202500.0,54.0,,068270,,
2026-03-25 15:05:00,203250.0,203500.0,203000.0,203500.0,248.0,,068270,,
2026-03-25 15:10:00,203500.0,203500.0,202500.0,203000.0,4490.0,,068270,,
2026-03-25 15:15:00,202500.0,203000.0,202500.0,203000.0,627.0,,068270,,
2026-03-25 15:20:00,203500.0,203500.0,203500.0,203500.0,0.0,,068270,,
2026-03-25 15:25:00,203500.0,203500.0,203500.0,203500.0,0.0,,068270,,
2026-03-25 15:30:00,203500.0,203500.0,203500.0,203500.0,64684.0,,068270,,
2025-12-26 00:00:00,126000.0,126100.0,124300.0,124600.0,329428.0,123407.4921875,105560,True,
2025-12-29 00:00:00,122600.0,125600.0,121400.0,125600.0,462846.0,124397.921875,105560,True,
2025-12-30 00:00:00,124100.0,125700.0,123700.0,124700.0,405215.0,123506.5390625,105560,True,
2026-03-25 09:05:00,151700.0,151700.0,151300.0,151400.0,4872.0,,105560,,
2026-03-25 09:10:00,150900.0,151500.0,150900.0,151400.0,5100.0,,105560,,
2026-03-25 09:15:00,151800.0,152000.0,151400.0,151800.0,7317.0,,105560,,
2026-03-25 09:20:00,151600.0,152000.0,150900.0,151000.0,17136.0,,105560,,
2026-03-25 09:25:00,151100.0,151300.0,151050.0,151100.0,6348.0,,105560,,
2026-03-25 09:30:00,151300.0,151300.0,150600.0,151000.0,14791.0,,105560,,
2026-03-25 11:35:00,150300.0,150300.0,150000.0,150000.0,2634.0,,105560,,
2026-03-25 11:40:00,149800.0,149900.0,149700.0,149700.0,1467.0,,105560,,
2026-03-25 11:45:00,149800.0,149900.0,149800.0,149900.0,1064.0,,105560,,
2026-03-25 11:50:00,149600.0,149700.0,149600.0,149600.0,1282.0,,105560,,
2026-03-25 11:55:00,149500.0,149500.0,149300.0,149300.0,1393.0,,105560,,
2026-03-25 12:00:00,149300.0,149500.0,149300.0,149400.0,1420.0,,105560,,
2026-03-25 15:05:00,149500.0,149600.0,149500.0,149600.0,467.0,,105560,,
2026-03-25 15:10:00,149100.0,149300.0,148900.0,148900.0,3302.0,,105560,,
2026-03-25 15:15:00,149500.0,149900.0,149300.0,149400.0,4156.0,,105560,,
2026-03-25 15:20:00,149400.0,149400.0,149400.0,149400.0,0.0,,105560,,
2026-03-25 15:25:00,149400.0,149400.0,149400.0,149400.0,0.0,,105560,,
2026-03-25 15:30:00,149400.0,149400.0,149400.0,149400.0,220326.0,,105560,,
2025-12-26 00:00:00,1691000.0,1693000.0,1676000.0,1692000.0,27002.0,1692000.0,207940,True,
2025-12-29 00:00:00,1683000.0,1710000.0,1680000.0,1706000.0,25923.0,1706000.0,207940,True,
2025-12-30 00:00:00,1700000.0,1703000.0,1692000.0,1695000.0,26967.0,1695000.0,207940,True,
2026-03-25 09:05:00,1540000.0,1540000.0,1540000.0,1540000.0,0.0,,207940,,
2026-03-25 09:10:00,1586000.0,1586000.0,1584000.0,1585000.0,61.0,,207940,,
2026-03-25 09:15:00,1590000.0,1592000.0,1590000.0,1592000.0,159.0,,207940,,
2026-03-25 09:20:00,1592000.0,1595500.0,1592000.0,1595000.0,137.0,,207940,,
2026-03-25 09:25:00,1595000.0,1596000.0,1594000.0,1595000.0,152.0,,207940,,
2026-03-25 09:30:00,1597000.0,1602000.0,1597000.0,1600000.0,866.0,,207940,,
2026-03-25 11:35:00,1580000.0,1581000.0,1579000.0,1581000.0,40.0,,207940,,
2026-03-25 11:40:00,1580000.0,1581000.0,1579000.0,1581000.0,51.0,,207940,,
2026-03-25 11:45:00,1581000.0,1582000.0,1580000.0,1581000.0,31.0,,207940,,
2026-03-25 11:50:00,1582000.0,1583000.0,1581000.0,1583000.0,26.0,,207940,,
2026-03-25 11:55:00,1580000.0,1580000.0,1577000.0,1577000.0,81.0,,207940,,
2026-03-25 12:00:00,1576000.0,1576000.0,1575000.0,1575000.0,15.0,,207940,,
2026-03-25 15:05:00,1582000.0,1583000.0,1582000.0,1582000.0,19.0,,207940,,
2026-03-25 15:10:00,1585000.0,1585000.0,1584000.0,1585000.0,31.0,,207940,,
2026-03-25 15:15:00,1586000.0,1588000.0,1586000.0,1587000.0,183.0,,207940,,
2026-03-25 15:20:00,1588000.0,1588000.0,1588000.0,1588000.0,0.0,,207940,,
2026-03-25 15:25:00,1588000.0,1588000.0,1588000.0,1588000.0,0.0,,207940,,
2026-03-25 15:30:00,1585000.0,1585000.0,1585000.0,1585000.0,6750.0,,207940,,
2025-12-26 00:00:00,391500.0,391500.0,381000.0,383500.0,206573.0,383500.0,373220,True,
2025-12-29 00:00:00,370000.0,381500.0,367000.0,380000.0,348113.0,380000.0,373220,True,
2025-12-30 00:00:00,375000.0,375000.0,366000.0,368500.0,344347.0,368500.0,373220,True,
2026-03-25 09:05:00,394000.0,394500.0,392500.0,393000.0,2164.0,,373220,,
2026-03-25 09:10:00,392500.0,394750.0,392500.0,394500.0,3357.0,,373220,,
2026-03-25 09:15:00,395000.0,395500.0,393250.0,394500.0,2852.0,,373220,,
2026-03-25 09:20:00,393750.0,394500.0,393500.0,394000.0,2274.0,,373220,,
2026-03-25 09:25:00,393500.0,394500.0,393500.0,394000.0,590.0,,373220,,
2026-03-25 09:30:00,395000.0,396000.0,395000.0,396000.0,1141.0,,373220,,
2026-03-25 11:35:00,390000.0,390250.0,389500.0,389750.0,485.0,,373220,,
2026-03-25 11:40:00,389500.0,390000.0,389500.0,390000.0,210.0,,373220,,
2026-03-25 11:45:00,389000.0,389500.0,389000.0,389000.0,587.0,,373220,,
2026-03-25 11:50:00,389000.0,389500.0,389000.0,389000.0,345.0,,373220,,
2026-03-25 11:55:00,387000.0,387500.0,386500.0,386500.0,511.0,,373220,,
2026-03-25 12:00:00,387000.0,388000.0,386500.0,387500.0,748.0,,373220,,
2026-03-25 15:05:00,391000.0,391500.0,390750.0,391000.0,621.0,,373220,,
2026-03-25 15:10:00,390500.0,390500.0,390000.0,390000.0,329.0,,373220,,
2026-03-25 15:15:00,391000.0,392000.0,391000.0,391500.0,1673.0,,373220,,
2026-03-25 15:20:00,392000.0,392000.0,392000.0,392000.0,0.0,,373220,,
2026-03-25 15:25:00,392000.0,392000.0,392000.0,392000.0,0.0,,373220,,
2026-03-25 15:30:00,394000.0,394000.0,394000.0,394000.0,26104.0,,373220,,
